,cell_name,predicted_label
5068,5068,T cells
5069,5069,TECs
5070,5070,T cells
5071,5071,T cells
5072,5072,B cells
5073,5073,TAMs
5074,5074,Plasma cells
5075,5075,T cells
5076,5076,CAFs
5077,5077,Plasma cells
5078,5078,NK cells
5079,5079,T cells
5080,5080,CAFs
5081,5081,NK cells
5082,5082,B cells
5083,5083,T cells
5084,5084,CAFs
5085,5085,B cells
5086,5086,T cells
5087,5087,B cells
5088,5088,TECs
5089,5089,TECs
5090,5090,CAFs
5091,5091,T cells
5092,5092,Cholangiocytes
5093,5093,B cells
5094,5094,T cells
5095,5095,T cells
5096,5096,B cells
5097,5097,B cells
5098,5098,CAFs
5099,5099,Dendritic cells
5100,5100,TAMs
5101,5101,TAMs
5102,5102,T cells
5103,5103,T cells
5104,5104,Dendritic cells
5105,5105,Neutrophils
5106,5106,CAFs
5107,5107,T cells
5108,5108,T cells
5109,5109,NK cells
5110,5110,Malignant cells
5111,5111,Monocytes
5112,5112,TECs
5127,5127,Malignant cells
5128,5128,Malignant cells
5129,5129,Malignant cells
5144,5144,Hepatocytes
5145,5145,Malignant cells
5146,5146,Malignant cells
5147,5147,Malignant cells
5148,5148,Malignant cells
5149,5149,Malignant cells
5150,5150,Malignant cells
5151,5151,Malignant cells
5152,5152,Malignant cells
5153,5153,Malignant cells
5154,5154,Malignant cells
5155,5155,Malignant cells
5156,5156,Malignant cells
5157,5157,Hepatocytes
5158,5158,TECs
5159,5159,Malignant cells
5160,5160,Malignant cells
5161,5161,Malignant cells
5162,5162,Malignant cells
5163,5163,Hepatocytes
5164,5164,Malignant cells
5165,5165,Malignant cells
5166,5166,Hepatocytes
5167,5167,Hepatocytes
5168,5168,Hepatocytes
5169,5169,Malignant cells
5170,5170,Malignant cells
5171,5171,Malignant cells
5172,5172,Malignant cells
5173,5173,Malignant cells
5174,5174,TECs
5175,5175,Malignant cells
5176,5176,Malignant cells
5177,5177,Malignant cells
5178,5178,Malignant cells
5179,5179,Malignant cells
5180,5180,TAMs
5181,5181,Malignant cells
5182,5182,Malignant cells
5183,5183,CAFs
5184,5184,TAMs
5185,5185,Malignant cells
5186,5186,TAMs
5187,5187,Hepatocytes
5188,5188,Malignant cells
5189,5189,Malignant cells
5190,5190,Hepatocytes
5191,5191,CAFs
5192,5192,TECs
5193,5193,TECs
5194,5194,CAFs
5195,5195,CAFs
5196,5196,Malignant cells
5197,5197,T cells
5198,5198,TECs
5199,5199,Monocytes
5200,5200,Malignant cells
5201,5201,Malignant cells
5202,5202,TECs
5203,5203,Malignant cells
5204,5204,CAFs
5205,5205,CAFs
5206,5206,T cells
5207,5207,T cells
5208,5208,TAMs
5209,5209,T cells
5210,5210,CAFs
5211,5211,T cells
5212,5212,TECs
5213,5213,Dendritic cells
5214,5214,B cells
5215,5215,TECs
5216,5216,TECs
5217,5217,TAMs
5218,5218,TECs
5219,5219,CAFs
5220,5220,CAFs
5221,5221,TECs
5222,5222,T cells
5223,5223,CAFs
5224,5224,TECs
5225,5225,T cells
5226,5226,TECs
5227,5227,Dendritic cells
5228,5228,Malignant cells
5229,5229,CAFs
5230,5230,CAFs
5231,5231,CAFs
5232,5232,TECs
5233,5233,T cells
5234,5234,Malignant cells
5235,5235,Hepatocytes
5236,5236,TAMs
5237,5237,TAMs
5238,5238,T cells
5239,5239,CAFs
5240,5240,T cells
5241,5241,T cells
5242,5242,Malignant cells
5243,5243,T cells
5244,5244,CAFs
5245,5245,Dendritic cells
5246,5246,T cells
5247,5247,CAFs
5248,5248,TECs
5249,5249,CAFs
5250,5250,CAFs
5251,5251,TECs
5252,5252,TECs
5253,5253,TAMs
5254,5254,TAMs
5255,5255,TAMs
5256,5256,CAFs
5257,5257,TECs
5258,5258,Dendritic cells
5259,5259,T cells
5260,5260,Malignant cells
5261,5261,TAMs
5262,5262,CAFs
5263,5263,Dendritic cells
5264,5264,T cells
5265,5265,Malignant cells
5266,5266,TECs
5282,5282,T cells
5299,5299,CAFs
5301,5301,Hepatocytes
5302,5302,Dendritic cells
5303,5303,TAMs
5304,5304,B cells
5305,5305,TAMs
5306,5306,T cells
5307,5307,CAFs
5308,5308,CAFs
5309,5309,B cells
5310,5310,B cells
5311,5311,TAMs
5312,5312,TAMs
5313,5313,CAFs
5314,5314,B cells
5315,5315,CAFs
5316,5316,Hepatocytes
5317,5317,T cells
5318,5318,B cells
5319,5319,CAFs
5320,5320,CAFs
5321,5321,Monocytes
5322,5322,Dendritic cells
5323,5323,Monocytes
5351,5351,CAFs
5352,5352,CAFs
5353,5353,TECs
5354,5354,TECs
5355,5355,CAFs
5356,5356,TECs
5357,5357,CAFs
5358,5358,CAFs
5359,5359,CAFs
5360,5360,CAFs
5361,5361,CAFs
5362,5362,CAFs
5363,5363,CAFs
5364,5364,CAFs
5365,5365,TECs
5366,5366,TECs
5367,5367,CAFs
5368,5368,TECs
5369,5369,TECs
5370,5370,TECs
5371,5371,CAFs
5372,5372,CAFs
5373,5373,Hepatocytes
5374,5374,CAFs
5375,5375,CAFs
5376,5376,CAFs
5377,5377,Hepatocytes
5378,5378,CAFs
5379,5379,CAFs
5380,5380,CAFs
5381,5381,Malignant cells
5382,5382,CAFs
5383,5383,CAFs
5384,5384,Hepatocytes
5385,5385,Malignant cells
5386,5386,CAFs
5387,5387,T cells
5388,5388,CAFs
5389,5389,Malignant cells
5390,5390,Hepatocytes
5391,5391,CAFs
5392,5392,Hepatocytes
5393,5393,Hepatocytes
5394,5394,CAFs
5395,5395,TECs
5396,5396,Malignant cells
5397,5397,CAFs
5398,5398,TAMs
5399,5399,Malignant cells
5400,5400,Malignant cells
5401,5401,CAFs
5402,5402,CAFs
5403,5403,CAFs
5404,5404,TECs
5405,5405,TAMs
5406,5406,TECs
5407,5407,CAFs
5408,5408,T cells
5409,5409,Malignant cells
5410,5410,T cells
5411,5411,CAFs
5412,5412,CAFs
5413,5413,CAFs
5414,5414,Cholangiocytes
5415,5415,CAFs
5416,5416,Malignant cells
5417,5417,Plasmacytoid dendritic cells
5418,5418,Malignant cells
5419,5419,TECs
5420,5420,Malignant cells
5421,5421,TECs
5422,5422,TAMs
5423,5423,CAFs
5424,5424,CAFs
5425,5425,Malignant cells
5426,5426,Malignant cells
5427,5427,Malignant cells
5428,5428,Hepatocytes
5429,5429,CAFs
5430,5430,Malignant cells
5431,5431,TAMs
5432,5432,Malignant cells
5433,5433,CAFs
5434,5434,Hepatocytes
5435,5435,Malignant cells
5436,5436,CAFs
5437,5437,Hepatocytes
5438,5438,Malignant cells
5439,5439,Malignant cells
5440,5440,Malignant cells
5441,5441,Malignant cells
5442,5442,CAFs
5606,5606,Malignant cells
5607,5607,Malignant cells
5608,5608,Hepatocytes
5609,5609,Hepatocytes
5610,5610,CAFs
5611,5611,Hepatocytes
5612,5612,Malignant cells
5613,5613,Hepatocytes
5614,5614,Hepatocytes
5615,5615,Hepatocytes
5616,5616,Hepatocytes
5617,5617,Hepatocytes
5618,5618,Hepatocytes
5619,5619,Hepatocytes
5620,5620,Malignant cells
5621,5621,Malignant cells
5622,5622,TECs
5623,5623,Hepatocytes
5624,5624,CAFs
5625,5625,TAMs
5626,5626,CAFs
5627,5627,CAFs
5628,5628,CAFs
5629,5629,CAFs
5630,5630,CAFs
5631,5631,CAFs
5632,5632,CAFs
5633,5633,CAFs
5634,5634,CAFs
5635,5635,CAFs
5636,5636,CAFs
5637,5637,Hepatocytes
5638,5638,CAFs
5639,5639,Malignant cells
5640,5640,Hepatocytes
5641,5641,Hepatocytes
5642,5642,Hepatocytes
5643,5643,TAMs
5644,5644,Malignant cells
5645,5645,CAFs
5646,5646,Hepatocytes
5647,5647,Hepatocytes
5648,5648,Hepatocytes
5649,5649,Hepatocytes
5650,5650,Hepatocytes
5651,5651,Malignant cells
5652,5652,CAFs
5653,5653,Malignant cells
5654,5654,TECs
5655,5655,Cholangiocytes
5656,5656,TECs
5657,5657,CAFs
5658,5658,CAFs
5659,5659,CAFs
5660,5660,CAFs
5661,5661,CAFs
5662,5662,CAFs
5663,5663,CAFs
5664,5664,CAFs
5665,5665,CAFs
5666,5666,Malignant cells
5667,5667,Hepatocytes
5668,5668,CAFs
5669,5669,Malignant cells
5670,5670,CAFs
5671,5671,Hepatocytes
5672,5672,Hepatocytes
5673,5673,CAFs
5674,5674,TECs
5675,5675,TECs
5676,5676,TECs
5677,5677,Plasma cells
5678,5678,T cells
5679,5679,TECs
5680,5680,CAFs
5681,5681,Plasma cells
5682,5682,CAFs
5683,5683,CAFs
5684,5684,CAFs
5685,5685,CAFs
5686,5686,CAFs
5687,5687,CAFs
5688,5688,CAFs
5689,5689,CAFs
5690,5690,TECs
5691,5691,CAFs
5692,5692,TECs
5693,5693,CAFs
5703,5703,CAFs
5706,5706,CAFs
5707,5707,CAFs
5708,5708,CAFs
5709,5709,CAFs
5710,5710,CAFs
5711,5711,CAFs
5712,5712,CAFs
5713,5713,CAFs
5714,5714,CAFs
5715,5715,CAFs
5716,5716,CAFs
5717,5717,CAFs
5718,5718,CAFs
5719,5719,CAFs
5720,5720,CAFs
5721,5721,CAFs
5722,5722,CAFs
5723,5723,Plasma cells
5724,5724,Plasma cells
5725,5725,CAFs
5726,5726,Hepatocytes
5727,5727,CAFs
5728,5728,CAFs
5729,5729,CAFs
5730,5730,CAFs
5731,5731,CAFs
5732,5732,TECs
5733,5733,CAFs
5734,5734,TAMs
5735,5735,TECs
5736,5736,TECs
5737,5737,CAFs
5738,5738,TECs
5739,5739,TECs
5740,5740,TECs
5741,5741,CAFs
5742,5742,CAFs
5743,5743,CAFs
5744,5744,CAFs
5745,5745,CAFs
5746,5746,CAFs
5757,5757,CAFs
5760,5760,TAMs
5761,5761,CAFs
5762,5762,CAFs
5763,5763,CAFs
5764,5764,CAFs
5765,5765,Monocytes
5766,5766,CAFs
5767,5767,CAFs
5768,5768,CAFs
5769,5769,CAFs
5770,5770,TAMs
5771,5771,CAFs
5772,5772,CAFs
5773,5773,T cells
5774,5774,Dendritic cells
5775,5775,TAMs
5776,5776,CAFs
5777,5777,Dendritic cells
5778,5778,CAFs
5779,5779,CAFs
5780,5780,CAFs
5781,5781,CAFs
5782,5782,CAFs
5783,5783,T cells
5784,5784,NK cells
5785,5785,CAFs
5786,5786,T cells
5787,5787,CAFs
5788,5788,Monocytes
5789,5789,T cells
5790,5790,CAFs
5791,5791,CAFs
5792,5792,CAFs
5793,5793,CAFs
5794,5794,CAFs
5795,5795,CAFs
5796,5796,B cells
5797,5797,TECs
5798,5798,TECs
5799,5799,Monocytes
5800,5800,TECs
5801,5801,CAFs
5802,5802,CAFs
5803,5803,T cells
5804,5804,CAFs
5805,5805,NK cells
5806,5806,TAMs
5807,5807,TAMs
5808,5808,CAFs
5809,5809,CAFs
5810,5810,B cells
5811,5811,CAFs
5812,5812,NK cells
5813,5813,CAFs
5814,5814,CAFs
5815,5815,TAMs
5816,5816,CAFs
5817,5817,CAFs
5818,5818,T cells
5819,5819,NK cells
5820,5820,Dendritic cells
5821,5821,CAFs
5822,5822,CAFs
5823,5823,B cells
5824,5824,CAFs
5825,5825,CAFs
5826,5826,CAFs
5827,5827,CAFs
5828,5828,CAFs
5829,5829,T cells
5830,5830,TAMs
5831,5831,T cells
5832,5832,CAFs
5833,5833,CAFs
5834,5834,Stellate cells
5835,5835,B cells
5836,5836,CAFs
5837,5837,CAFs
7501,7501,TECs
7502,7502,TECs
7503,7503,Malignant cells
7504,7504,Malignant cells
7505,7505,Malignant cells
7506,7506,Hepatocytes
7507,7507,Malignant cells
7508,7508,Hepatocytes
7509,7509,Malignant cells
7510,7510,Malignant cells
7511,7511,Malignant cells
7512,7512,Malignant cells
7513,7513,Malignant cells
7514,7514,CAFs
7515,7515,Malignant cells
7516,7516,Malignant cells
7517,7517,Malignant cells
7518,7518,Malignant cells
7519,7519,Hepatocytes
7520,7520,Malignant cells
7521,7521,Malignant cells
7522,7522,Hepatocytes
7523,7523,Cholangiocytes
7524,7524,TAMs
7525,7525,Malignant cells
7526,7526,Malignant cells
7527,7527,TECs
7528,7528,TECs
7529,7529,Malignant cells
7530,7530,Malignant cells
7531,7531,T cells
7532,7532,CAFs
7533,7533,Malignant cells
7534,7534,Malignant cells
7535,7535,TECs
7536,7536,Malignant cells
7537,7537,TECs
7538,7538,Malignant cells
7539,7539,CAFs
7540,7540,TECs
7541,7541,Hepatocytes
7542,7542,CAFs
7543,7543,CAFs
7544,7544,Hepatocytes
7545,7545,Hepatocytes
7546,7546,Hepatocytes
7547,7547,Malignant cells
7548,7548,T cells
7549,7549,CAFs
7550,7550,Malignant cells
7551,7551,T cells
7552,7552,Malignant cells
7553,7553,TAMs
7554,7554,T cells
7555,7555,T cells
7556,7556,Malignant cells
7557,7557,Malignant cells
7558,7558,T cells
7559,7559,Malignant cells
7560,7560,Malignant cells
7561,7561,TAMs
7562,7562,Malignant cells
7563,7563,Hepatocytes
7564,7564,Malignant cells
7565,7565,T cells
7566,7566,TECs
7567,7567,Malignant cells
7568,7568,Malignant cells
7569,7569,Hepatocytes
7570,7570,Hepatocytes
7571,7571,CAFs
7572,7572,Malignant cells
7573,7573,Malignant cells
7574,7574,CAFs
7575,7575,CAFs
7576,7576,CAFs
7577,7577,Hepatocytes
7578,7578,Malignant cells
7579,7579,Malignant cells
7580,7580,TECs
7581,7581,Malignant cells
7582,7582,CAFs
7583,7583,Hepatocytes
7584,7584,CAFs
7585,7585,CAFs
7586,7586,CAFs
7587,7587,Malignant cells
7588,7588,TECs
7589,7589,Malignant cells
7590,7590,TECs
7591,7591,CAFs
7592,7592,CAFs
7593,7593,CAFs
7594,7594,T cells
7595,7595,CAFs
7596,7596,CAFs
7597,7597,Malignant cells
7598,7598,Malignant cells
7599,7599,TECs
7600,7600,Malignant cells
7601,7601,Malignant cells
7602,7602,Malignant cells
7603,7603,Malignant cells
7604,7604,Malignant cells
7605,7605,Hepatocytes
7606,7606,Malignant cells
7607,7607,Malignant cells
7608,7608,CAFs
7609,7609,Malignant cells
7610,7610,Malignant cells
7611,7611,Hepatocytes
7612,7612,Malignant cells
7613,7613,Malignant cells
7614,7614,Hepatocytes
7615,7615,Malignant cells
7616,7616,TECs
7617,7617,Hepatocytes
7618,7618,TECs
7619,7619,Malignant cells
7620,7620,Hepatocytes
7621,7621,Malignant cells
7622,7622,Malignant cells
7623,7623,TECs
7624,7624,Malignant cells
7625,7625,Malignant cells
7626,7626,Malignant cells
7627,7627,Malignant cells
7628,7628,Malignant cells
7629,7629,Hepatocytes
7630,7630,Malignant cells
7631,7631,Malignant cells
7632,7632,Malignant cells
7633,7633,Malignant cells
7634,7634,TECs
7635,7635,Malignant cells
7636,7636,CAFs
7637,7637,Malignant cells
7638,7638,Malignant cells
7639,7639,TECs
7640,7640,CAFs
7641,7641,CAFs
7642,7642,CAFs
7643,7643,CAFs
7644,7644,CAFs
7645,7645,CAFs
7646,7646,CAFs
7647,7647,TECs
7648,7648,CAFs
7649,7649,CAFs
7650,7650,Malignant cells
7651,7651,CAFs
7652,7652,TECs
7653,7653,TECs
7654,7654,TECs
7655,7655,TECs
7656,7656,CAFs
7657,7657,Mast cells
7658,7658,CAFs
7659,7659,CAFs
7660,7660,CAFs
7661,7661,CAFs
7662,7662,CAFs
7663,7663,CAFs
7664,7664,CAFs
7665,7665,CAFs
7666,7666,CAFs
7667,7667,CAFs
7668,7668,TECs
7669,7669,TECs
7670,7670,TECs
7671,7671,TECs
7672,7672,Dendritic cells
7673,7673,TECs
7674,7674,T cells
7675,7675,Malignant cells
7676,7676,TECs
7677,7677,TECs
7678,7678,TECs
7679,7679,TECs
7680,7680,CAFs
7681,7681,Hepatocytes
7682,7682,TECs
7683,7683,T cells
7684,7684,TAMs
7685,7685,Malignant cells
7686,7686,TECs
7687,7687,Malignant cells
7688,7688,Malignant cells
7689,7689,Malignant cells
7690,7690,Malignant cells
7691,7691,Malignant cells
7692,7692,Malignant cells
7693,7693,Malignant cells
7694,7694,Malignant cells
7695,7695,Malignant cells
7696,7696,Malignant cells
7697,7697,Malignant cells
7698,7698,Malignant cells
7699,7699,Malignant cells
7700,7700,Malignant cells
7701,7701,Malignant cells
7702,7702,Malignant cells
7703,7703,Malignant cells
7704,7704,Malignant cells
7705,7705,Malignant cells
7706,7706,Malignant cells
7707,7707,Malignant cells
7708,7708,Malignant cells
7709,7709,Malignant cells
7710,7710,Malignant cells
7711,7711,Hepatocytes
7712,7712,Malignant cells
7713,7713,Malignant cells
7714,7714,Malignant cells
7715,7715,Malignant cells
7716,7716,Hepatocytes
7717,7717,Malignant cells
7718,7718,Malignant cells
7719,7719,Malignant cells
7720,7720,Malignant cells
7721,7721,Malignant cells
7722,7722,Malignant cells
7723,7723,Malignant cells
7724,7724,Malignant cells
7725,7725,Malignant cells
7726,7726,Malignant cells
7727,7727,Malignant cells
7728,7728,Hepatocytes
7729,7729,Malignant cells
7730,7730,Malignant cells
7731,7731,Malignant cells
7732,7732,Malignant cells
7733,7733,TAMs
7734,7734,Hepatocytes
7735,7735,Malignant cells
7736,7736,Malignant cells
7737,7737,Malignant cells
7738,7738,Hepatocytes
7739,7739,Malignant cells
7740,7740,Malignant cells
7741,7741,Malignant cells
7742,7742,Hepatocytes
7743,7743,Malignant cells
7744,7744,Malignant cells
7745,7745,Malignant cells
7746,7746,Malignant cells
7747,7747,Malignant cells
7748,7748,Malignant cells
7749,7749,Malignant cells
7750,7750,TECs
7751,7751,Malignant cells
7752,7752,Malignant cells
7753,7753,Malignant cells
7754,7754,Malignant cells
7755,7755,Hepatocytes
7756,7756,TECs
7757,7757,TECs
7758,7758,Hepatocytes
7759,7759,TECs
7760,7760,Malignant cells
7761,7761,Malignant cells
7762,7762,Malignant cells
7763,7763,Malignant cells
7764,7764,Malignant cells
7765,7765,TAMs
7766,7766,Malignant cells
7767,7767,Malignant cells
7768,7768,Malignant cells
7769,7769,Malignant cells
7770,7770,Malignant cells
7771,7771,Malignant cells
7772,7772,Malignant cells
7773,7773,Malignant cells
7774,7774,Malignant cells
7775,7775,Hepatocytes
7776,7776,Malignant cells
7777,7777,Malignant cells
7778,7778,Malignant cells
7779,7779,Malignant cells
7780,7780,Hepatocytes
7781,7781,Hepatocytes
7782,7782,Malignant cells
7783,7783,Hepatocytes
7784,7784,Hepatocytes
7785,7785,CAFs
7786,7786,Malignant cells
7787,7787,Malignant cells
7788,7788,Malignant cells
7789,7789,Malignant cells
7790,7790,Malignant cells
7791,7791,Malignant cells
7792,7792,Malignant cells
7793,7793,TECs
7794,7794,Malignant cells
7795,7795,Malignant cells
7796,7796,Hepatocytes
7797,7797,TECs
7798,7798,Hepatocytes
7799,7799,TECs
7800,7800,Malignant cells
7801,7801,Malignant cells
7802,7802,Malignant cells
7803,7803,Malignant cells
7804,7804,Malignant cells
7805,7805,Malignant cells
7806,7806,Malignant cells
7807,7807,Malignant cells
7808,7808,Malignant cells
7809,7809,Malignant cells
7810,7810,Malignant cells
7811,7811,Malignant cells
7812,7812,Malignant cells
7813,7813,Malignant cells
7814,7814,Malignant cells
7815,7815,Hepatocytes
7816,7816,Malignant cells
7817,7817,Malignant cells
7818,7818,Malignant cells
7819,7819,Malignant cells
7820,7820,CAFs
7821,7821,Hepatocytes
7822,7822,Malignant cells
7823,7823,Malignant cells
7824,7824,Malignant cells
7825,7825,Malignant cells
7826,7826,Malignant cells
7827,7827,Hepatocytes
7828,7828,Malignant cells
7829,7829,Hepatocytes
7830,7830,Malignant cells
7831,7831,Malignant cells
7832,7832,Hepatocytes
7833,7833,Hepatocytes
7834,7834,Hepatocytes
7835,7835,Malignant cells
7836,7836,Hepatocytes
7837,7837,Hepatocytes
7838,7838,Malignant cells
7839,7839,Malignant cells
7840,7840,Malignant cells
7841,7841,Malignant cells
7842,7842,Malignant cells
7843,7843,TECs
7844,7844,Malignant cells
7845,7845,Hepatocytes
7846,7846,Malignant cells
7847,7847,Hepatocytes
7848,7848,TAMs
7849,7849,Malignant cells
7850,7850,Malignant cells
7851,7851,Malignant cells
7852,7852,Malignant cells
7853,7853,Malignant cells
7854,7854,Hepatocytes
7855,7855,Malignant cells
7856,7856,Malignant cells
7857,7857,Malignant cells
7858,7858,Malignant cells
7859,7859,Malignant cells
7860,7860,CAFs
7861,7861,CAFs
7862,7862,CAFs
7863,7863,TECs
7864,7864,CAFs
7865,7865,Malignant cells
7866,7866,CAFs
7867,7867,Malignant cells
7868,7868,Malignant cells
7869,7869,TAMs
7870,7870,Hepatocytes
7871,7871,Malignant cells
7872,7872,TECs
7873,7873,TECs
7874,7874,Hepatocytes
7875,7875,TECs
7876,7876,TAMs
7877,7877,TAMs
7878,7878,Malignant cells
7879,7879,Malignant cells
7880,7880,T cells
7881,7881,TECs
7882,7882,T cells
7883,7883,Hepatocytes
7884,7884,TECs
7885,7885,TECs
7886,7886,Stellate cells
7887,7887,Hepatocytes
7888,7888,CAFs
7889,7889,TAMs
7890,7890,TECs
7891,7891,TECs
7892,7892,TAMs
7893,7893,CAFs
7894,7894,TECs
7895,7895,Malignant cells
7896,7896,T cells
7897,7897,Malignant cells
7898,7898,Hepatocytes
7899,7899,Malignant cells
7900,7900,T cells
7901,7901,Hepatocytes
7902,7902,Malignant cells
7903,7903,Malignant cells
7904,7904,Malignant cells
7905,7905,Malignant cells
7906,7906,Malignant cells
7907,7907,Malignant cells
7908,7908,Dendritic cells
7909,7909,TECs
7910,7910,Dendritic cells
7911,7911,TECs
7912,7912,Malignant cells
7913,7913,Dendritic cells
7914,7914,CAFs
7915,7915,Hepatocytes
7916,7916,Malignant cells
7917,7917,Malignant cells
7918,7918,Malignant cells
7919,7919,Malignant cells
7920,7920,Malignant cells
7921,7921,T cells
7922,7922,Malignant cells
7923,7923,Malignant cells
7924,7924,T cells
7925,7925,Malignant cells
7926,7926,Malignant cells
7927,7927,Malignant cells
7928,7928,Malignant cells
7929,7929,Malignant cells
7930,7930,Malignant cells
7931,7931,Malignant cells
7932,7932,Malignant cells
7933,7933,T cells
7934,7934,Stellate cells
7935,7935,CAFs
7936,7936,CAFs
7937,7937,CAFs
7938,7938,CAFs
7939,7939,CAFs
7940,7940,TECs
7941,7941,Malignant cells
7942,7942,TECs
7943,7943,Malignant cells
7944,7944,TECs
7945,7945,Malignant cells
7946,7946,Malignant cells
7947,7947,T cells
8000,8000,CAFs
8001,8001,CAFs
8002,8002,TECs
8003,8003,CAFs
8004,8004,CAFs
8005,8005,TECs
8006,8006,CAFs
8007,8007,CAFs
8008,8008,TECs
8009,8009,TECs
8010,8010,TECs
8011,8011,CAFs
8012,8012,TECs
8013,8013,CAFs
8014,8014,CAFs
8015,8015,CAFs
8016,8016,CAFs
8017,8017,CAFs
8018,8018,CAFs
8019,8019,CAFs
8020,8020,CAFs
8021,8021,CAFs
8022,8022,CAFs
8023,8023,TECs
8025,8025,CAFs
8029,8029,CAFs
8030,8030,Plasma cells
8031,8031,CAFs
8034,8034,CAFs
8036,8036,CAFs
8040,8040,CAFs
8041,8041,CAFs
8046,8046,CAFs
8048,8048,CAFs
8049,8049,CAFs
8050,8050,CAFs
8053,8053,CAFs
8057,8057,CAFs
8058,8058,CAFs
8059,8059,TECs
8062,8062,CAFs
8063,8063,TECs
8065,8065,TECs
8070,8070,CAFs
8071,8071,CAFs
8074,8074,TECs
8075,8075,CAFs
8076,8076,CAFs
8077,8077,CAFs
8078,8078,TECs
8079,8079,CAFs
8081,8081,TECs
8083,8083,CAFs
8085,8085,TECs
8087,8087,CAFs
8090,8090,CAFs
8091,8091,TECs
8092,8092,TECs
8096,8096,CAFs
8098,8098,TECs
8099,8099,TECs
8100,8100,CAFs
8103,8103,TECs
8104,8104,TECs
8105,8105,CAFs
8106,8106,TECs
8107,8107,CAFs
8108,8108,TECs
8109,8109,TECs
8110,8110,TECs
8111,8111,CAFs
8114,8114,CAFs
8115,8115,TECs
8116,8116,CAFs
8117,8117,CAFs
8174,8174,T cells
8175,8175,CAFs
8176,8176,CAFs
8177,8177,CAFs
8178,8178,CAFs
8179,8179,CAFs
8180,8180,CAFs
8181,8181,CAFs
8182,8182,CAFs
8183,8183,Hepatocytes
8184,8184,Smooth muscle cells
8185,8185,CAFs
8186,8186,CAFs
8187,8187,CAFs
8188,8188,B cells
8189,8189,CAFs
8190,8190,CAFs
8191,8191,CAFs
8192,8192,T cells
8193,8193,CAFs
8194,8194,T cells
8195,8195,CAFs
8196,8196,CAFs
8197,8197,TAMs
8198,8198,CAFs
8199,8199,T cells
8200,8200,CAFs
8201,8201,CAFs
8202,8202,CAFs
8203,8203,CAFs
8204,8204,Plasma cells
8205,8205,T cells
8206,8206,CAFs
8207,8207,CAFs
8208,8208,CAFs
8209,8209,CAFs
8210,8210,Hepatocytes
8211,8211,Hepatocytes
8212,8212,TECs
8213,8213,CAFs
8214,8214,CAFs
8661,8661,TAMs
8662,8662,TECs
8663,8663,Hepatocytes
8664,8664,Malignant cells
8665,8665,Hepatocytes
10560,10560,Malignant cells
10561,10561,Malignant cells
10562,10562,Malignant cells
10563,10563,Malignant cells
10564,10564,Malignant cells
10565,10565,Malignant cells
10566,10566,Hepatocytes
10567,10567,Malignant cells
10568,10568,Malignant cells
10569,10569,Malignant cells
10570,10570,Malignant cells
10571,10571,Malignant cells
10572,10572,Malignant cells
10574,10574,Hepatocytes
10575,10575,Malignant cells
10576,10576,Malignant cells
10577,10577,Hepatocytes
10578,10578,Malignant cells
10579,10579,Malignant cells
10580,10580,Malignant cells
10581,10581,Malignant cells
10582,10582,Malignant cells
10583,10583,Malignant cells
10584,10584,Malignant cells
10585,10585,Malignant cells
10586,10586,Malignant cells
10587,10587,Malignant cells
10588,10588,Malignant cells
10589,10589,Malignant cells
10590,10590,Malignant cells
10591,10591,Malignant cells
10592,10592,Malignant cells
10593,10593,Malignant cells
10594,10594,Malignant cells
10595,10595,Malignant cells
10596,10596,Malignant cells
10597,10597,Malignant cells
10599,10599,Malignant cells
10605,10605,Malignant cells
10606,10606,Malignant cells
10607,10607,Malignant cells
10608,10608,Malignant cells
10609,10609,Malignant cells
10610,10610,Malignant cells
10611,10611,Malignant cells
10612,10612,Malignant cells
10613,10613,Hepatocytes
10614,10614,Malignant cells
10616,10616,Malignant cells
10718,10718,TECs
10719,10719,TECs
10720,10720,TECs
10721,10721,T cells
10722,10722,CAFs
10723,10723,TECs
10724,10724,CAFs
10725,10725,CAFs
10726,10726,CAFs
10727,10727,CAFs
10728,10728,T cells
10729,10729,T cells
10730,10730,CAFs
10731,10731,CAFs
10732,10732,CAFs
10733,10733,TECs
10734,10734,TECs
10735,10735,CAFs
10736,10736,CAFs
10737,10737,TECs
10738,10738,CAFs
10739,10739,B cells
10740,10740,CAFs
10741,10741,CAFs
10742,10742,CAFs
10743,10743,CAFs
10744,10744,CAFs
10745,10745,CAFs
10746,10746,CAFs
10747,10747,CAFs
10748,10748,CAFs
10749,10749,CAFs
10750,10750,CAFs
10751,10751,CAFs
10752,10752,CAFs
10753,10753,CAFs
10754,10754,CAFs
10755,10755,CAFs
10756,10756,CAFs
10757,10757,CAFs
10758,10758,CAFs
10759,10759,CAFs
10760,10760,CAFs
10761,10761,CAFs
10762,10762,TECs
10763,10763,CAFs
10764,10764,TAMs
10765,10765,Monocytes
10766,10766,Monocytes
10767,10767,TECs
10768,10768,CAFs
10769,10769,CAFs
10770,10770,Malignant cells
10771,10771,Malignant cells
10772,10772,Hepatocytes
10773,10773,TAMs
10774,10774,TAMs
10775,10775,TAMs
10776,10776,Dendritic cells
10777,10777,T cells
10778,10778,TAMs
10779,10779,CAFs
10780,10780,CAFs
10781,10781,T cells
10782,10782,CAFs
10783,10783,Dendritic cells
10784,10784,TAMs
10785,10785,TAMs
10786,10786,T cells
10787,10787,CAFs
10788,10788,Dendritic cells
10789,10789,T cells
10790,10790,TAMs
10791,10791,T cells
10792,10792,B cells
10793,10793,T cells
10794,10794,CAFs
10795,10795,T cells
10796,10796,T cells
10797,10797,CAFs
10798,10798,T cells
10799,10799,T cells
10800,10800,CAFs
10801,10801,CAFs
10802,10802,TAMs
10803,10803,T cells
10804,10804,Neutrophils
10805,10805,CAFs
10806,10806,CAFs
10807,10807,CAFs
10808,10808,CAFs
10809,10809,TECs
10810,10810,T cells
10811,10811,T cells
10812,10812,CAFs
10813,10813,T cells
10814,10814,CAFs
10815,10815,T cells
10816,10816,T cells
10817,10817,TECs
10818,10818,CAFs
10819,10819,TECs
10820,10820,TAMs
10821,10821,Cholangiocytes
10822,10822,NK cells
10823,10823,CAFs
10824,10824,Malignant cells
10825,10825,TAMs
10826,10826,TAMs
10831,10831,B cells
10832,10832,T cells
10833,10833,CAFs
10834,10834,CAFs
10835,10835,Malignant cells
10836,10836,CAFs
10837,10837,CAFs
10838,10838,Hepatocytes
10839,10839,CAFs
10840,10840,CAFs
10841,10841,T cells
10842,10842,CAFs
10843,10843,Smooth muscle cells
10844,10844,TAMs
10845,10845,T cells
10846,10846,TAMs
10847,10847,CAFs
10848,10848,CAFs
10849,10849,CAFs
10850,10850,TECs
10852,10852,TAMs
10853,10853,Malignant cells
10854,10854,CAFs
10855,10855,CAFs
10856,10856,CAFs
10857,10857,T cells
10858,10858,Cholangiocytes
10859,10859,NK cells
10860,10860,CAFs
10861,10861,T cells
10862,10862,TECs
10863,10863,TECs
10864,10864,Malignant cells
10865,10865,CAFs
10866,10866,CAFs
10877,10877,TAMs
10878,10878,NK cells
10879,10879,CAFs
10880,10880,TAMs
10881,10881,TAMs
10882,10882,B cells
10883,10883,CAFs
10884,10884,T cells
10885,10885,T cells
10886,10886,Plasma cells
10887,10887,TAMs
10888,10888,CAFs
10889,10889,Plasma cells
10892,10892,CAFs
10893,10893,CAFs
10894,10894,CAFs
10896,10896,CAFs
10897,10897,CAFs
10898,10898,CAFs
10899,10899,CAFs
10900,10900,CAFs
10901,10901,CAFs
10903,10903,CAFs
10911,10911,TECs
11496,11496,Malignant cells
11497,11497,Malignant cells
11498,11498,B cells
11499,11499,CAFs
11500,11500,TECs
11501,11501,CAFs
11502,11502,CAFs
11503,11503,CAFs
11504,11504,CAFs
11505,11505,CAFs
11506,11506,Dendritic cells
11507,11507,TECs
11508,11508,TECs
11509,11509,T cells
11510,11510,TECs
11511,11511,TECs
11512,11512,Malignant cells
11513,11513,T cells
11514,11514,Dendritic cells
11515,11515,T cells
11516,11516,Malignant cells
11517,11517,Dendritic cells
11518,11518,T cells
11519,11519,CAFs
11520,11520,CAFs
11521,11521,Monocytes
11522,11522,Hepatocytes
11523,11523,Dendritic cells
11524,11524,Malignant cells
11525,11525,TAMs
11526,11526,CAFs
11527,11527,TECs
11528,11528,T cells
11529,11529,T cells
11530,11530,T cells
11531,11531,T cells
11532,11532,TECs
11533,11533,TECs
11534,11534,CAFs
11535,11535,Malignant cells
11536,11536,TECs
11537,11537,TECs
11538,11538,TAMs
11539,11539,Dendritic cells
11540,11540,TECs
11541,11541,CAFs
11542,11542,B cells
11543,11543,Hepatocytes
11544,11544,Malignant cells
11545,11545,Hepatocytes
11546,11546,TECs
11547,11547,T cells
11548,11548,Hepatocytes
11549,11549,Malignant cells
11550,11550,Hepatocytes
11551,11551,CAFs
11552,11552,Hepatocytes
11553,11553,TECs
11554,11554,Malignant cells
11555,11555,Malignant cells
11556,11556,Malignant cells
11557,11557,Malignant cells
11558,11558,Malignant cells
11559,11559,T cells
11560,11560,Malignant cells
11561,11561,Malignant cells
11562,11562,Hepatocytes
11563,11563,Malignant cells
11565,11565,Malignant cells
11566,11566,Malignant cells
11567,11567,Malignant cells
11568,11568,TECs
11569,11569,Malignant cells
11570,11570,Malignant cells
11663,11663,CAFs
11664,11664,CAFs
11665,11665,CAFs
11666,11666,CAFs
11667,11667,TECs
11668,11668,CAFs
11669,11669,CAFs
11670,11670,CAFs
11671,11671,CAFs
11672,11672,CAFs
11673,11673,CAFs
11674,11674,CAFs
11675,11675,CAFs
11676,11676,CAFs
11677,11677,CAFs
11678,11678,Hepatocytes
11679,11679,Malignant cells
11680,11680,Malignant cells
11681,11681,Malignant cells
11682,11682,Malignant cells
11683,11683,Malignant cells
11684,11684,Hepatocytes
11685,11685,TAMs
11686,11686,TAMs
11687,11687,TAMs
11688,11688,Malignant cells
11689,11689,Neutrophils
11690,11690,TAMs
11691,11691,TECs
11692,11692,T cells
11693,11693,TECs
11694,11694,TECs
11695,11695,TECs
11696,11696,TECs
11697,11697,Malignant cells
11698,11698,TAMs
11699,11699,Malignant cells
11759,11759,T cells
11760,11760,TECs
11761,11761,TAMs
11762,11762,Malignant cells
11763,11763,Hepatocytes
54422,54422,T cells
54423,54423,B cells
54424,54424,T cells
54425,54425,T cells
54426,54426,Dendritic cells
54427,54427,Monocytes
54428,54428,Dendritic cells
54429,54429,B cells
54430,54430,TAMs
54431,54431,Dendritic cells
54432,54432,TAMs
54433,54433,TECs
54434,54434,TECs
54435,54435,CAFs
54436,54436,CAFs
54437,54437,CAFs
54438,54438,CAFs
54439,54439,T cells
54440,54440,T cells
54441,54441,CAFs
54442,54442,CAFs
54443,54443,TAMs
54444,54444,CAFs
54445,54445,Dendritic cells
54446,54446,CAFs
54447,54447,CAFs
54448,54448,CAFs
54449,54449,T cells
54450,54450,NK cells
54451,54451,T cells
54452,54452,TECs
54453,54453,T cells
54454,54454,Hepatocytes
54455,54455,TECs
54456,54456,TAMs
54457,54457,T cells
54458,54458,NK cells
54459,54459,Dendritic cells
54460,54460,T cells
54461,54461,T cells
54462,54462,TAMs
54463,54463,CAFs
54464,54464,T cells
54465,54465,T cells
54466,54466,Dendritic cells
54467,54467,T cells
54468,54468,TECs
54469,54469,B cells
54470,54470,CAFs
54471,54471,B cells
54472,54472,TECs
54473,54473,T cells
54474,54474,CAFs
54475,54475,B cells
54476,54476,CAFs
54477,54477,CAFs
54478,54478,TECs
54479,54479,Dendritic cells
54480,54480,T cells
54481,54481,T cells
54482,54482,T cells
54483,54483,TAMs
54484,54484,T cells
54485,54485,T cells
54486,54486,B cells
54487,54487,T cells
54488,54488,T cells
54489,54489,B cells
54490,54490,B cells
54491,54491,Mast cells
54492,54492,TECs
54493,54493,B cells
54494,54494,TAMs
54495,54495,B cells
54496,54496,Neutrophils
54497,54497,T cells
54498,54498,CAFs
54499,54499,CAFs
54500,54500,CAFs
54501,54501,T cells
54502,54502,T cells
54684,54684,CAFs
54685,54685,T cells
54686,54686,CAFs
54687,54687,Monocytes
54688,54688,Malignant cells
54689,54689,TECs
54690,54690,CAFs
54691,54691,T cells
54692,54692,TECs
54693,54693,TECs
54694,54694,CAFs
54695,54695,NK cells
54696,54696,CAFs
54697,54697,T cells
54698,54698,TECs
54699,54699,CAFs
54700,54700,Monocytes
54701,54701,TECs
54702,54702,TECs
54703,54703,TECs
54704,54704,CAFs
54705,54705,CAFs
54706,54706,CAFs
54707,54707,TECs
54708,54708,T cells
54709,54709,TECs
54710,54710,TECs
54711,54711,NK cells
54712,54712,TECs
54713,54713,T cells
54714,54714,T cells
54715,54715,Monocytes
54716,54716,T cells
54717,54717,T cells
54718,54718,CAFs
54719,54719,T cells
54720,54720,TECs
54721,54721,CAFs
54722,54722,Monocytes
54723,54723,TECs
54724,54724,CAFs
54725,54725,T cells
54726,54726,T cells
54727,54727,CAFs
54728,54728,CAFs
54729,54729,Plasma cells
54730,54730,CAFs
54731,54731,TAMs
54732,54732,TECs
54733,54733,CAFs
54734,54734,CAFs
54735,54735,CAFs
54736,54736,CAFs
54737,54737,CAFs
54738,54738,CAFs
54739,54739,CAFs
54740,54740,TAMs
54741,54741,CAFs
54742,54742,CAFs
54743,54743,CAFs
54744,54744,CAFs
54745,54745,TAMs
54746,54746,CAFs
54747,54747,CAFs
54748,54748,CAFs
54749,54749,TECs
54750,54750,TECs
54751,54751,CAFs
54752,54752,NK cells
54753,54753,T cells
54754,54754,TAMs
54755,54755,CAFs
54756,54756,NK cells
54757,54757,TECs
54758,54758,TECs
54759,54759,CAFs
54760,54760,Hepatocytes
54761,54761,CAFs
54762,54762,CAFs
54763,54763,TECs
54764,54764,CAFs
54765,54765,Hepatocytes
54766,54766,TECs
54767,54767,TECs
54768,54768,Plasma cells
54769,54769,Hepatocytes
54770,54770,CAFs
54771,54771,Hepatocytes
54772,54772,Hepatocytes
54773,54773,Hepatocytes
54774,54774,T cells
54775,54775,Malignant cells
54776,54776,Malignant cells
54777,54777,Dendritic cells
54778,54778,Hepatocytes
54779,54779,CAFs
54780,54780,CAFs
54781,54781,TECs
54782,54782,T cells
54783,54783,Plasma cells
54784,54784,CAFs
54785,54785,Malignant cells
54786,54786,T cells
54787,54787,B cells
54788,54788,Malignant cells
54789,54789,Malignant cells
54790,54790,TAMs
54791,54791,Dendritic cells
54792,54792,CAFs
54793,54793,CAFs
54794,54794,CAFs
54795,54795,Monocytes
54796,54796,Hepatocytes
54797,54797,CAFs
54798,54798,CAFs
54799,54799,TAMs
54800,54800,CAFs
54801,54801,Hepatocytes
54837,54837,TECs
54838,54838,Dendritic cells
54839,54839,CAFs
54840,54840,TAMs
54841,54841,CAFs
54842,54842,T cells
54843,54843,Dendritic cells
54844,54844,TAMs
54845,54845,TAMs
54846,54846,Hepatocytes
54847,54847,TAMs
54848,54848,CAFs
54849,54849,T cells
54850,54850,T cells
54851,54851,CAFs
54852,54852,Malignant cells
54853,54853,TAMs
54854,54854,T cells
54855,54855,CAFs
54856,54856,T cells
54857,54857,Dendritic cells
54858,54858,NK cells
54859,54859,T cells
54860,54860,B cells
54861,54861,T cells
54862,54862,T cells
54863,54863,TAMs
54864,54864,T cells
54865,54865,TAMs
54866,54866,T cells
54867,54867,T cells
54868,54868,T cells
54869,54869,B cells
54870,54870,CAFs
54871,54871,CAFs
54872,54872,CAFs
54873,54873,TECs
54881,54881,Malignant cells
54882,54882,TAMs
54883,54883,TECs
54884,54884,TECs
54885,54885,TAMs
54886,54886,Malignant cells
54887,54887,Malignant cells
54888,54888,Malignant cells
54889,54889,CAFs
54890,54890,Hepatocytes
54891,54891,CAFs
54892,54892,T cells
54893,54893,Malignant cells
54894,54894,T cells
54895,54895,T cells
54896,54896,Monocytes
54897,54897,TECs
54898,54898,T cells
54899,54899,NK cells
54900,54900,NK cells
54901,54901,CAFs
54902,54902,T cells
54903,54903,CAFs
54904,54904,T cells
54905,54905,NK cells
54906,54906,T cells
54907,54907,B cells
54908,54908,T cells
54909,54909,TECs
54910,54910,CAFs
54911,54911,TECs
54912,54912,CAFs
54913,54913,TECs
54914,54914,CAFs
54915,54915,CAFs
54916,54916,TECs
54917,54917,CAFs
54918,54918,CAFs
54919,54919,TAMs
54920,54920,T cells
54921,54921,CAFs
54922,54922,CAFs
54923,54923,CAFs
54924,54924,CAFs
54925,54925,TAMs
54926,54926,CAFs
54927,54927,CAFs
54928,54928,TAMs
54929,54929,CAFs
54930,54930,CAFs
54931,54931,NK cells
54932,54932,CAFs
54936,54936,T cells
54937,54937,TAMs
54938,54938,TECs
54940,54940,Monocytes
54941,54941,TECs
54942,54942,Hepatocytes
54943,54943,Dendritic cells
54944,54944,CAFs
54945,54945,T cells
54946,54946,Dendritic cells
54947,54947,TECs
54948,54948,T cells
54949,54949,TECs
54950,54950,T cells
54951,54951,T cells
54952,54952,T cells
54953,54953,CAFs
54954,54954,TAMs
54955,54955,T cells
54956,54956,TAMs
54957,54957,T cells
54958,54958,CAFs
54959,54959,T cells
54960,54960,CAFs
54961,54961,T cells
54962,54962,CAFs
54963,54963,T cells
54964,54964,TAMs
54965,54965,T cells
54966,54966,TECs
54967,54967,CAFs
54968,54968,TAMs
54969,54969,T cells
54970,54970,CAFs
54971,54971,T cells
54972,54972,TECs
54973,54973,CAFs
54974,54974,TAMs
54975,54975,Dendritic cells
54976,54976,NK cells
54977,54977,T cells
54978,54978,T cells
54979,54979,T cells
54980,54980,Plasma cells
54981,54981,NK cells
54982,54982,CAFs
54983,54983,CAFs
54984,54984,CAFs
54985,54985,TECs
54986,54986,T cells
54987,54987,TAMs
54988,54988,Dendritic cells
54990,54990,T cells
54991,54991,Hepatocytes
54992,54992,T cells
54993,54993,TAMs
54994,54994,Monocytes
54995,54995,TAMs
54996,54996,TAMs
54997,54997,Dendritic cells
54998,54998,TAMs
54999,54999,B cells
55000,55000,Dendritic cells
55001,55001,Dendritic cells
55002,55002,B cells
55003,55003,Dendritic cells
55004,55004,Dendritic cells
55005,55005,Plasma cells
55808,55808,TECs
55809,55809,Dendritic cells
55810,55810,Cholangiocytes
55811,55811,CAFs
55812,55812,TAMs
55813,55813,NK cells
55814,55814,NK cells
55815,55815,T cells
55816,55816,TECs
55817,55817,Neutrophils
55818,55818,CAFs
55819,55819,TAMs
55820,55820,TECs
55821,55821,B cells
55822,55822,TECs
55823,55823,T cells
55824,55824,B cells
55825,55825,CAFs
55826,55826,Plasma cells
55827,55827,T cells
55828,55828,TECs
55829,55829,Plasma cells
55830,55830,B cells
55831,55831,NK cells
55832,55832,CAFs
55833,55833,B cells
55834,55834,T cells
55835,55835,CAFs
55836,55836,T cells
55837,55837,T cells
55838,55838,CAFs
55839,55839,T cells
55840,55840,CAFs
55841,55841,T cells
55842,55842,CAFs
55843,55843,T cells
55844,55844,T cells
55845,55845,T cells
55846,55846,NK cells
55847,55847,Plasma cells
55848,55848,T cells
55849,55849,CAFs
55850,55850,B cells
55851,55851,Neutrophils
55852,55852,T cells
55853,55853,Monocytes
55854,55854,B cells
55855,55855,TAMs
55856,55856,TAMs
55857,55857,B cells
55858,55858,T cells
55859,55859,T cells
55860,55860,T cells
55861,55861,B cells
55862,55862,T cells
55863,55863,TAMs
55864,55864,TECs
55865,55865,TAMs
55866,55866,CAFs
55867,55867,T cells
55868,55868,B cells
55869,55869,T cells
55870,55870,T cells
55871,55871,T cells
55872,55872,T cells
55873,55873,T cells
55874,55874,Plasma cells
55875,55875,CAFs
55876,55876,Cholangiocytes
55877,55877,Neutrophils
55878,55878,B cells
55879,55879,Plasma cells
55880,55880,T cells
55881,55881,Monocytes
55882,55882,T cells
55883,55883,T cells
55884,55884,TAMs
55885,55885,Plasma cells
55886,55886,CAFs
55887,55887,CAFs
55888,55888,CAFs
55889,55889,TAMs
55890,55890,B cells
55891,55891,Cholangiocytes
55892,55892,Neutrophils
55893,55893,CAFs
55956,55956,CAFs
55957,55957,Malignant cells
55958,55958,TECs
55959,55959,Malignant cells
55960,55960,Malignant cells
55961,55961,Malignant cells
55962,55962,Malignant cells
55963,55963,Hepatocytes
55964,55964,Malignant cells
55965,55965,Malignant cells
55966,55966,Malignant cells
55967,55967,Malignant cells
55968,55968,Malignant cells
55969,55969,Malignant cells
55970,55970,Malignant cells
55971,55971,Malignant cells
55972,55972,Hepatocytes
55973,55973,TECs
55974,55974,TAMs
55975,55975,Malignant cells
55976,55976,Malignant cells
55977,55977,Malignant cells
55978,55978,Hepatocytes
55979,55979,Malignant cells
55980,55980,Hepatocytes
55981,55981,Malignant cells
55982,55982,Hepatocytes
55983,55983,Hepatocytes
55984,55984,Hepatocytes
55985,55985,Hepatocytes
55986,55986,Malignant cells
55987,55987,Hepatocytes
55988,55988,Malignant cells
55989,55989,Hepatocytes
55990,55990,CAFs
55991,55991,Hepatocytes
55992,55992,CAFs
55993,55993,Malignant cells
55994,55994,Malignant cells
55995,55995,Malignant cells
55996,55996,Malignant cells
55997,55997,TAMs
55998,55998,Malignant cells
55999,55999,TECs
56000,56000,Malignant cells
56001,56001,Malignant cells
56002,56002,Malignant cells
56003,56003,Malignant cells
56004,56004,Hepatocytes
56005,56005,TECs
56006,56006,Hepatocytes
56007,56007,TAMs
56008,56008,TAMs
56009,56009,TAMs
56010,56010,NK cells
56011,56011,Hepatocytes
56012,56012,Malignant cells
56013,56013,Hepatocytes
56014,56014,Hepatocytes
56015,56015,Malignant cells
56016,56016,Hepatocytes
56017,56017,Hepatocytes
56018,56018,TECs
56019,56019,T cells
56020,56020,Malignant cells
56021,56021,CAFs
56022,56022,CAFs
56023,56023,B cells
56024,56024,CAFs
56025,56025,CAFs
56026,56026,TECs
56027,56027,Malignant cells
56028,56028,Malignant cells
56029,56029,Hepatocytes
56077,56077,T cells
56078,56078,Dendritic cells
56079,56079,TECs
56080,56080,CAFs
56081,56081,CAFs
56082,56082,TECs
56084,56084,TECs
56085,56085,Hepatocytes
56086,56086,Malignant cells
56089,56089,Hepatocytes
56090,56090,Hepatocytes
56092,56092,Malignant cells
56093,56093,Malignant cells
56095,56095,Malignant cells
56096,56096,Hepatocytes
56097,56097,Malignant cells
56100,56100,Malignant cells
56101,56101,Malignant cells
56103,56103,Malignant cells
56104,56104,Malignant cells
56106,56106,Malignant cells
56107,56107,Malignant cells
56108,56108,Malignant cells
56110,56110,Hepatocytes
56111,56111,TAMs
56113,56113,Malignant cells
56115,56115,TAMs
56117,56117,Malignant cells
56118,56118,Malignant cells
56119,56119,Malignant cells
56120,56120,Hepatocytes
56121,56121,Malignant cells
56122,56122,Hepatocytes
56123,56123,Malignant cells
56125,56125,Malignant cells
56126,56126,TECs
56127,56127,Malignant cells
56129,56129,Hepatocytes
56130,56130,Malignant cells
56131,56131,Malignant cells
56132,56132,Hepatocytes
56133,56133,Malignant cells
57154,57154,CAFs
57155,57155,T cells
57156,57156,TAMs
57157,57157,CAFs
57158,57158,TECs
57159,57159,CAFs
57160,57160,B cells
57161,57161,T cells
57162,57162,T cells
57163,57163,CAFs
57164,57164,CAFs
57165,57165,CAFs
57166,57166,CAFs
57167,57167,T cells
57168,57168,CAFs
57169,57169,T cells
57170,57170,CAFs
57171,57171,Dendritic cells
57172,57172,T cells
57173,57173,TECs
57174,57174,TECs
57175,57175,Plasma cells
57176,57176,TAMs
57177,57177,TECs
57178,57178,Hepatocytes
57179,57179,TAMs
57180,57180,CAFs
57181,57181,CAFs
57182,57182,TECs
57183,57183,Dendritic cells
57184,57184,T cells
57185,57185,T cells
57186,57186,Plasma cells
57187,57187,CAFs
57188,57188,T cells
57189,57189,CAFs
57190,57190,CAFs
57191,57191,T cells
57192,57192,TAMs
57193,57193,Monocytes
57194,57194,CAFs
57195,57195,Plasma cells
57196,57196,CAFs
57197,57197,TECs
57198,57198,T cells
57199,57199,CAFs
57200,57200,TECs
57201,57201,CAFs
57202,57202,CAFs
57203,57203,CAFs
57204,57204,CAFs
57205,57205,TECs
57206,57206,CAFs
57207,57207,CAFs
57208,57208,CAFs
57209,57209,CAFs
57210,57210,CAFs
57211,57211,Hepatocytes
57212,57212,CAFs
57213,57213,Neutrophils
57313,57313,T cells
57314,57314,T cells
57315,57315,CAFs
57316,57316,CAFs
57317,57317,Monocytes
57318,57318,CAFs
57319,57319,CAFs
57320,57320,CAFs
57321,57321,B cells
57322,57322,CAFs
57323,57323,TECs
57324,57324,CAFs
57325,57325,CAFs
57326,57326,TECs
57327,57327,CAFs
57328,57328,CAFs
57329,57329,TECs
57330,57330,TECs
57331,57331,TECs
57332,57332,TECs
57333,57333,CAFs
57334,57334,CAFs
57335,57335,CAFs
57336,57336,Neutrophils
57337,57337,TECs
57338,57338,CAFs
57339,57339,Stellate cells
57340,57340,CAFs
57341,57341,CAFs
57342,57342,CAFs
57343,57343,CAFs
57344,57344,CAFs
57345,57345,CAFs
57346,57346,CAFs
57347,57347,CAFs
57348,57348,CAFs
57349,57349,CAFs
57350,57350,CAFs
57351,57351,Hepatocytes
57352,57352,Dendritic cells
57353,57353,CAFs
57354,57354,Hepatocytes
57355,57355,CAFs
57357,57357,CAFs
57358,57358,Hepatocytes
57359,57359,Smooth muscle cells
57360,57360,Neutrophils
57361,57361,Dendritic cells
57365,57365,Hepatocytes
57367,57367,CAFs
57371,57371,Hepatocytes
57372,57372,CAFs
57373,57373,CAFs
57374,57374,Hepatocytes
57376,57376,Hepatocytes
57381,57381,Hepatocytes
57384,57384,Hepatocytes
57385,57385,Hepatocytes
57386,57386,CAFs
57387,57387,Malignant cells
57388,57388,Hepatocytes
57389,57389,Hepatocytes
57390,57390,Malignant cells
57391,57391,TECs
57401,57401,TAMs
57403,57403,TECs
57404,57404,CAFs
57405,57405,CAFs
57406,57406,Plasma cells
57407,57407,CAFs
57408,57408,TECs
57409,57409,CAFs
57410,57410,TECs
57411,57411,TECs
57412,57412,CAFs
57413,57413,CAFs
57414,57414,Hepatocytes
57415,57415,TECs
57416,57416,CAFs
57417,57417,CAFs
57418,57418,CAFs
57419,57419,CAFs
57420,57420,CAFs
57421,57421,CAFs
57422,57422,CAFs
57423,57423,CAFs
57424,57424,CAFs
57425,57425,CAFs
57426,57426,CAFs
57427,57427,CAFs
57428,57428,CAFs
57429,57429,CAFs
57430,57430,CAFs
57431,57431,CAFs
57432,57432,CAFs
57433,57433,CAFs
57434,57434,CAFs
57435,57435,CAFs
57436,57436,TECs
57437,57437,TECs
57438,57438,CAFs
57439,57439,CAFs
57440,57440,CAFs
57441,57441,CAFs
57442,57442,CAFs
57443,57443,CAFs
57444,57444,TECs
57445,57445,Hepatocytes
57446,57446,TECs
57447,57447,TECs
57448,57448,CAFs
57449,57449,T cells
57450,57450,TAMs
57451,57451,CAFs
57452,57452,TECs
57453,57453,CAFs
57454,57454,CAFs
57455,57455,CAFs
57456,57456,CAFs
57457,57457,CAFs
57458,57458,TECs
57459,57459,CAFs
57460,57460,CAFs
57461,57461,CAFs
57462,57462,CAFs
57463,57463,CAFs
57464,57464,Monocytes
57465,57465,CAFs
57466,57466,TECs
57467,57467,CAFs
57468,57468,CAFs
57469,57469,TECs
57470,57470,CAFs
57471,57471,TECs
57472,57472,T cells
57473,57473,T cells
57474,57474,TECs
57475,57475,TECs
57476,57476,CAFs
57477,57477,CAFs
57478,57478,CAFs
57479,57479,TECs
57480,57480,CAFs
57481,57481,CAFs
57482,57482,CAFs
57483,57483,CAFs
57484,57484,CAFs
57485,57485,CAFs
57486,57486,CAFs
57487,57487,TECs
57488,57488,CAFs
57861,57861,Malignant cells
57862,57862,Malignant cells
57863,57863,Hepatocytes
57864,57864,Malignant cells
57865,57865,Malignant cells
57866,57866,TECs
57867,57867,Malignant cells
57868,57868,TECs
57869,57869,TECs
57870,57870,TECs
57871,57871,TECs
57872,57872,Malignant cells
57873,57873,Hepatocytes
57874,57874,TECs
57875,57875,Malignant cells
57876,57876,TECs
57877,57877,NK cells
57878,57878,Malignant cells
57879,57879,Hepatocytes
57880,57880,Hepatocytes
57881,57881,Malignant cells
57882,57882,CAFs
57883,57883,T cells
57884,57884,Malignant cells
57885,57885,TECs
57886,57886,Malignant cells
57887,57887,Hepatocytes
57888,57888,TECs
57889,57889,Malignant cells
57890,57890,Hepatocytes
57891,57891,Dendritic cells
57892,57892,Monocytes
57893,57893,Malignant cells
57894,57894,Hepatocytes
57895,57895,Dendritic cells
57896,57896,T cells
57897,57897,Hepatocytes
57898,57898,Malignant cells
57899,57899,NK cells
57900,57900,TECs
57901,57901,TECs
57902,57902,Smooth muscle cells
58004,58004,Malignant cells
58005,58005,Malignant cells
58006,58006,Malignant cells
58007,58007,Malignant cells
58008,58008,Hepatocytes
58009,58009,Hepatocytes
58010,58010,Malignant cells
58011,58011,Hepatocytes
58012,58012,Hepatocytes
58013,58013,Hepatocytes
58014,58014,Malignant cells
58015,58015,Malignant cells
58016,58016,Malignant cells
58017,58017,Malignant cells
58018,58018,Malignant cells
58019,58019,Hepatocytes
58020,58020,Hepatocytes
58021,58021,Malignant cells
58022,58022,TECs
58023,58023,Malignant cells
58024,58024,Malignant cells
58025,58025,Malignant cells
58026,58026,Malignant cells
58027,58027,Hepatocytes
58028,58028,TECs
58029,58029,Malignant cells
58030,58030,Malignant cells
58031,58031,Hepatocytes
58032,58032,Malignant cells
58033,58033,Malignant cells
58034,58034,Malignant cells
58035,58035,Malignant cells
58036,58036,Malignant cells
58037,58037,Malignant cells
58038,58038,Malignant cells
58039,58039,Malignant cells
58040,58040,Malignant cells
58041,58041,Malignant cells
58042,58042,Malignant cells
58043,58043,Malignant cells
58044,58044,Malignant cells
58045,58045,Malignant cells
58046,58046,Malignant cells
58047,58047,Malignant cells
58048,58048,Malignant cells
58049,58049,CAFs
58050,58050,CAFs
58051,58051,CAFs
58052,58052,TECs
58053,58053,T cells
58054,58054,CAFs
58055,58055,TECs
58056,58056,Malignant cells
58057,58057,Hepatocytes
58058,58058,CAFs
58059,58059,Malignant cells
58060,58060,Malignant cells
58061,58061,Malignant cells
58062,58062,CAFs
58063,58063,Malignant cells
58064,58064,TECs
58065,58065,TAMs
58066,58066,CAFs
58067,58067,Malignant cells
58068,58068,Malignant cells
58069,58069,Malignant cells
58070,58070,Malignant cells
58071,58071,Malignant cells
58072,58072,CAFs
58073,58073,Malignant cells
58074,58074,Malignant cells
58075,58075,CAFs
58076,58076,CAFs
58077,58077,CAFs
58078,58078,CAFs
58079,58079,CAFs
58080,58080,Malignant cells
58081,58081,Hepatocytes
58082,58082,CAFs
58083,58083,Malignant cells
58084,58084,CAFs
58085,58085,Malignant cells
58086,58086,TECs
58087,58087,TECs
58088,58088,Hepatocytes
58089,58089,Malignant cells
58090,58090,Hepatocytes
58091,58091,CAFs
58092,58092,Malignant cells
58093,58093,Malignant cells
58094,58094,B cells
58096,58096,Malignant cells
58097,58097,Malignant cells
58098,58098,Malignant cells
58099,58099,Hepatocytes
58100,58100,Malignant cells
58101,58101,Malignant cells
58102,58102,Malignant cells
58103,58103,Malignant cells
58104,58104,Malignant cells
58105,58105,Malignant cells
58106,58106,Malignant cells
58107,58107,Malignant cells
58108,58108,Hepatocytes
58109,58109,Malignant cells
58110,58110,Malignant cells
58111,58111,Malignant cells
58112,58112,Malignant cells
58113,58113,Malignant cells
58114,58114,Malignant cells
58115,58115,Malignant cells
58116,58116,Malignant cells
58117,58117,Hepatocytes
58118,58118,Malignant cells
58119,58119,CAFs
58120,58120,Hepatocytes
58121,58121,Malignant cells
58122,58122,Malignant cells
58123,58123,Malignant cells
58124,58124,Hepatocytes
58125,58125,CAFs
58126,58126,Hepatocytes
58127,58127,Hepatocytes
58128,58128,Hepatocytes
58129,58129,Malignant cells
58130,58130,Hepatocytes
58131,58131,TECs
58132,58132,Malignant cells
58133,58133,Hepatocytes
58134,58134,Malignant cells
58135,58135,Malignant cells
58136,58136,Malignant cells
58137,58137,TECs
58138,58138,Malignant cells
58139,58139,Malignant cells
58140,58140,TECs
58141,58141,Malignant cells
58142,58142,CAFs
58143,58143,CAFs
58144,58144,Malignant cells
58145,58145,Malignant cells
58146,58146,Malignant cells
58147,58147,CAFs
58186,58186,Hepatocytes
58188,58188,Malignant cells
58200,58200,Malignant cells
58205,58205,Hepatocytes
58207,58207,CAFs
58209,58209,Malignant cells
58213,58213,CAFs
58216,58216,Hepatocytes
58219,58219,CAFs
58220,58220,CAFs
58224,58224,Hepatocytes
58234,58234,CAFs
58237,58237,CAFs
58238,58238,TAMs
58239,58239,CAFs
58241,58241,TECs
58244,58244,CAFs
58245,58245,Hepatocytes
58246,58246,T cells
58247,58247,CAFs
58946,58946,CAFs
58947,58947,CAFs
58948,58948,CAFs
58949,58949,CAFs
58950,58950,CAFs
58951,58951,Smooth muscle cells
58952,58952,Cholangiocytes
58953,58953,CAFs
58954,58954,TAMs
58955,58955,CAFs
58956,58956,TAMs
58957,58957,T cells
58958,58958,TECs
58959,58959,CAFs
58960,58960,CAFs
58961,58961,CAFs
58962,58962,CAFs
58963,58963,CAFs
58964,58964,CAFs
58965,58965,Monocytes
58966,58966,CAFs
58967,58967,Malignant cells
58968,58968,TECs
58969,58969,TECs
58970,58970,Dendritic cells
58971,58971,CAFs
58972,58972,Malignant cells
58973,58973,T cells
58974,58974,T cells
58975,58975,CAFs
58976,58976,CAFs
58977,58977,CAFs
58978,58978,CAFs
58979,58979,CAFs
58980,58980,TECs
58981,58981,Hepatocytes
58982,58982,CAFs
58983,58983,T cells
58984,58984,CAFs
58985,58985,CAFs
58986,58986,T cells
58987,58987,CAFs
58988,58988,Malignant cells
58989,58989,CAFs
58990,58990,CAFs
58991,58991,Dendritic cells
58992,58992,CAFs
58993,58993,Dendritic cells
58994,58994,TAMs
58995,58995,Malignant cells
58996,58996,CAFs
58997,58997,TECs
58998,58998,CAFs
58999,58999,Hepatocytes
59000,59000,CAFs
59001,59001,CAFs
59002,59002,Plasma cells
59003,59003,CAFs
59004,59004,CAFs
59005,59005,CAFs
59006,59006,TECs
59007,59007,CAFs
59008,59008,TECs
59009,59009,TECs
59010,59010,TECs
59011,59011,CAFs
59012,59012,CAFs
59017,59017,CAFs
59018,59018,Cholangiocytes
59019,59019,CAFs
59020,59020,TECs
59021,59021,CAFs
59022,59022,CAFs
59023,59023,Malignant cells
59024,59024,CAFs
59025,59025,CAFs
59027,59027,TECs
59028,59028,CAFs
59029,59029,CAFs
59030,59030,NK cells
59031,59031,CAFs
59032,59032,TECs
59033,59033,CAFs
59034,59034,TECs
59035,59035,Malignant cells
59036,59036,TECs
59037,59037,CAFs
59038,59038,CAFs
59039,59039,CAFs
59040,59040,CAFs
59041,59041,Hepatocytes
59042,59042,CAFs
59043,59043,CAFs
59044,59044,TECs
59045,59045,CAFs
59046,59046,TECs
59047,59047,CAFs
59049,59049,CAFs
59050,59050,Stellate cells
59051,59051,TECs
59052,59052,TECs
59053,59053,CAFs
59054,59054,TECs
59055,59055,TECs
59056,59056,TAMs
59057,59057,CAFs
59190,59190,TECs
59191,59191,CAFs
59192,59192,Cholangiocytes
59193,59193,CAFs
59194,59194,CAFs
59195,59195,NK cells
59196,59196,CAFs
59197,59197,TECs
59198,59198,CAFs
59199,59199,Malignant cells
59200,59200,TECs
59201,59201,TECs
59202,59202,CAFs
59203,59203,CAFs
59204,59204,Malignant cells
59205,59205,Hepatocytes
59206,59206,CAFs
59207,59207,CAFs
59208,59208,Malignant cells
59209,59209,CAFs
59210,59210,CAFs
59211,59211,Malignant cells
59212,59212,CAFs
59213,59213,Hepatocytes
59214,59214,CAFs
59215,59215,CAFs
59216,59216,Hepatocytes
59217,59217,CAFs
59218,59218,CAFs
59219,59219,Hepatocytes
59220,59220,TECs
59221,59221,NK cells
59222,59222,Hepatocytes
59223,59223,CAFs
59224,59224,CAFs
59225,59225,T cells
59226,59226,TECs
59227,59227,Hepatocytes
59228,59228,CAFs
59229,59229,CAFs
59230,59230,CAFs
59231,59231,Hepatocytes
59232,59232,CAFs
59233,59233,TECs
59234,59234,TECs
59235,59235,CAFs
59236,59236,CAFs
59237,59237,CAFs
59238,59238,CAFs
59239,59239,Malignant cells
59240,59240,Malignant cells
59241,59241,CAFs
59242,59242,TECs
59243,59243,TECs
59244,59244,TECs
59245,59245,CAFs
59378,59378,CAFs
59379,59379,Malignant cells
59380,59380,Malignant cells
59381,59381,Malignant cells
59382,59382,CAFs
59383,59383,Malignant cells
59384,59384,Dendritic cells
59385,59385,Malignant cells
59386,59386,CAFs
59387,59387,CAFs
59388,59388,CAFs
59389,59389,CAFs
59390,59390,Malignant cells
59391,59391,Hepatocytes
59392,59392,Hepatocytes
59393,59393,Hepatocytes
59394,59394,CAFs
59395,59395,CAFs
59396,59396,CAFs
59397,59397,CAFs
59398,59398,Hepatocytes
59399,59399,CAFs
59400,59400,CAFs
59401,59401,Malignant cells
59402,59402,Hepatocytes
59403,59403,Hepatocytes
59404,59404,Hepatocytes
59405,59405,Hepatocytes
59406,59406,Hepatocytes
59407,59407,Malignant cells
59408,59408,Malignant cells
59409,59409,Hepatocytes
59410,59410,Malignant cells
59411,59411,Hepatocytes
59412,59412,Hepatocytes
59413,59413,Malignant cells
59414,59414,Malignant cells
59415,59415,Malignant cells
59416,59416,Hepatocytes
59417,59417,Hepatocytes
59418,59418,Hepatocytes
59419,59419,Hepatocytes
59420,59420,Malignant cells
59456,59456,CAFs
59460,59460,CAFs
59461,59461,CAFs
59462,59462,CAFs
59463,59463,CAFs
59464,59464,CAFs
59465,59465,Stellate cells
59466,59466,TECs
59467,59467,CAFs
59468,59468,Stellate cells
59469,59469,CAFs
59470,59470,CAFs
59478,59478,CAFs
59479,59479,T cells
59480,59480,TECs
59481,59481,TECs
59482,59482,CAFs
59483,59483,CAFs
59484,59484,CAFs
59485,59485,CAFs
59486,59486,CAFs
59487,59487,Hepatocytes
59488,59488,T cells
59489,59489,CAFs
59490,59490,NK cells
59494,59494,Malignant cells
59495,59495,Malignant cells
59496,59496,NK cells
59497,59497,CAFs
59498,59498,Stellate cells
59499,59499,CAFs
59500,59500,CAFs
59501,59501,CAFs
59502,59502,CAFs
59503,59503,CAFs
59504,59504,TECs
59505,59505,Hepatocytes
59506,59506,CAFs
59507,59507,CAFs
59508,59508,CAFs
59509,59509,CAFs
59510,59510,CAFs
59511,59511,Plasma cells
59512,59512,Malignant cells
59513,59513,Hepatocytes
59514,59514,CAFs
59955,59955,CAFs
59956,59956,Stellate cells
59957,59957,TECs
59958,59958,CAFs
59959,59959,CAFs
59960,59960,CAFs
59961,59961,TECs
59962,59962,TECs
59963,59963,CAFs
59964,59964,CAFs
59965,59965,T cells
59966,59966,CAFs
59967,59967,CAFs
59968,59968,CAFs
59969,59969,Hepatocytes
59970,59970,Hepatocytes
59971,59971,CAFs
59972,59972,CAFs
59973,59973,CAFs
59974,59974,T cells
59975,59975,CAFs
59976,59976,CAFs
59977,59977,CAFs
59978,59978,CAFs
59979,59979,CAFs
59980,59980,CAFs
59981,59981,CAFs
59982,59982,CAFs
59983,59983,CAFs
59984,59984,CAFs
59985,59985,CAFs
59986,59986,Malignant cells
59987,59987,CAFs
59988,59988,CAFs
59989,59989,CAFs
59991,59991,CAFs
59992,59992,CAFs
59993,59993,Hepatocytes
59994,59994,CAFs
59995,59995,Hepatocytes
59996,59996,CAFs
59997,59997,CAFs
59998,59998,Stellate cells
59999,59999,CAFs
60000,60000,Malignant cells
60001,60001,CAFs
60002,60002,TAMs
60003,60003,CAFs
60004,60004,TECs
60005,60005,Malignant cells
60006,60006,CAFs
60007,60007,CAFs
60011,60011,CAFs
60012,60012,CAFs
60013,60013,CAFs
60014,60014,CAFs
60015,60015,CAFs
60016,60016,TECs
60017,60017,Smooth muscle cells
60018,60018,CAFs
60019,60019,CAFs
60109,60109,Hepatocytes
60110,60110,T cells
60111,60111,TECs
60112,60112,Hepatocytes
60113,60113,Malignant cells
60114,60114,TECs
60115,60115,TECs
60116,60116,CAFs
60117,60117,TECs
60118,60118,TECs
60119,60119,CAFs
60120,60120,TECs
60121,60121,CAFs
60122,60122,TECs
60123,60123,Monocytes
60124,60124,TECs
60125,60125,Malignant cells
60126,60126,Hepatocytes
60127,60127,TECs
60128,60128,Hepatocytes
60129,60129,CAFs
60130,60130,CAFs
60131,60131,Hepatocytes
60132,60132,CAFs
60133,60133,TECs
60134,60134,Hepatocytes
60135,60135,CAFs
60136,60136,Hepatocytes
60137,60137,Hepatocytes
60138,60138,Malignant cells
60139,60139,Hepatocytes
60140,60140,CAFs
60141,60141,CAFs
60142,60142,Hepatocytes
60143,60143,Hepatocytes
60144,60144,Hepatocytes
60145,60145,Hepatocytes
60146,60146,TECs
60147,60147,TECs
60148,60148,Hepatocytes
60149,60149,Hepatocytes
60150,60150,Malignant cells
60151,60151,Malignant cells
60152,60152,Hepatocytes
60153,60153,Hepatocytes
60154,60154,TECs
60155,60155,TECs
60202,60202,Malignant cells
60203,60203,CAFs
60204,60204,Hepatocytes
60205,60205,Hepatocytes
60206,60206,CAFs
60207,60207,Hepatocytes
60208,60208,TAMs
60209,60209,Plasma cells
60210,60210,CAFs
60211,60211,Hepatocytes
60212,60212,Monocytes
60213,60213,CAFs
60214,60214,TECs
60221,60221,Hepatocytes
60223,60223,Malignant cells
60224,60224,Hepatocytes
60272,60272,Malignant cells
60318,60318,Monocytes
60320,60320,T cells
60321,60321,Malignant cells
60322,60322,Hepatocytes
60323,60323,Dendritic cells
60324,60324,Monocytes
60325,60325,CAFs
60326,60326,T cells
60327,60327,Malignant cells
60328,60328,Malignant cells
60329,60329,CAFs
60330,60330,Cholangiocytes
60331,60331,Malignant cells
60332,60332,T cells
60333,60333,TECs
60334,60334,T cells
60335,60335,TAMs
60336,60336,Dendritic cells
60337,60337,T cells
60346,60346,Hepatocytes
60353,60353,Malignant cells
60354,60354,CAFs
60827,60827,Hepatocytes
60828,60828,TECs
60829,60829,CAFs
60830,60830,CAFs
60831,60831,Malignant cells
60832,60832,Malignant cells
60833,60833,TECs
60834,60834,CAFs
60835,60835,TECs
60836,60836,T cells
60837,60837,TECs
60838,60838,Hepatocytes
60839,60839,TECs
60840,60840,Hepatocytes
60841,60841,Malignant cells
60842,60842,CAFs
60843,60843,Hepatocytes
60844,60844,Malignant cells
60845,60845,Hepatocytes
60846,60846,Smooth muscle cells
60847,60847,Malignant cells
60848,60848,CAFs
60849,60849,CAFs
60850,60850,CAFs
60851,60851,TECs
60852,60852,TAMs
60853,60853,CAFs
60854,60854,CAFs
60855,60855,TECs
60856,60856,Malignant cells
60857,60857,Hepatocytes
60858,60858,Malignant cells
60859,60859,Hepatocytes
60860,60860,Hepatocytes
60861,60861,Neutrophils
60862,60862,Hepatocytes
60863,60863,CAFs
60864,60864,CAFs
60865,60865,Hepatocytes
60866,60866,Neutrophils
60867,60867,CAFs
60868,60868,Smooth muscle cells
60869,60869,CAFs
60870,60870,Malignant cells
60871,60871,Hepatocytes
60987,60987,CAFs
60988,60988,CAFs
60989,60989,Malignant cells
60990,60990,CAFs
60991,60991,B cells
60992,60992,CAFs
60993,60993,TECs
60994,60994,CAFs
60995,60995,TECs
60996,60996,B cells
60997,60997,CAFs
60998,60998,CAFs
60999,60999,CAFs
61000,61000,CAFs
61001,61001,CAFs
61002,61002,CAFs
61003,61003,CAFs
61004,61004,CAFs
61005,61005,CAFs
61006,61006,CAFs
61007,61007,CAFs
61008,61008,CAFs
61009,61009,Malignant cells
61010,61010,CAFs
61011,61011,Hepatocytes
61012,61012,TECs
61013,61013,CAFs
61014,61014,CAFs
61015,61015,CAFs
61016,61016,CAFs
61017,61017,CAFs
61018,61018,CAFs
61019,61019,CAFs
61020,61020,Hepatocytes
61021,61021,T cells
61022,61022,TAMs
61023,61023,Monocytes
61024,61024,Malignant cells
61025,61025,CAFs
61026,61026,CAFs
61027,61027,Malignant cells
61028,61028,CAFs
61029,61029,CAFs
61030,61030,T cells
61031,61031,CAFs
61032,61032,T cells
61033,61033,Malignant cells
61034,61034,Malignant cells
61035,61035,Malignant cells
61036,61036,TECs
61037,61037,TAMs
61038,61038,Hepatocytes
61039,61039,TAMs
61040,61040,Hepatocytes
61041,61041,T cells
61042,61042,Neutrophils
61043,61043,Hepatocytes
61044,61044,CAFs
61045,61045,Hepatocytes
61046,61046,Cholangiocytes
61047,61047,Hepatocytes
61048,61048,Hepatocytes
61049,61049,Hepatocytes
61050,61050,TAMs
61051,61051,T cells
61052,61052,Malignant cells
61053,61053,TAMs
61054,61054,Hepatocytes
61055,61055,TECs
61056,61056,CAFs
61057,61057,Hepatocytes
61064,61064,CAFs
61065,61065,CAFs
61066,61066,TECs
61067,61067,CAFs
61068,61068,T cells
61069,61069,CAFs
61070,61070,CAFs
61071,61071,TECs
61072,61072,CAFs
61073,61073,CAFs
61074,61074,CAFs
61075,61075,CAFs
61076,61076,TECs
61077,61077,CAFs
61078,61078,TECs
61079,61079,CAFs
61080,61080,T cells
61081,61081,CAFs
61082,61082,Monocytes
61083,61083,CAFs
61084,61084,TECs
61085,61085,CAFs
61086,61086,T cells
61087,61087,CAFs
61088,61088,CAFs
61089,61089,CAFs
61090,61090,NK cells
61091,61091,CAFs
61092,61092,CAFs
61093,61093,CAFs
61094,61094,CAFs
61095,61095,T cells
61096,61096,CAFs
61097,61097,CAFs
61098,61098,Myofibroblasts
61099,61099,Cholangiocytes
61100,61100,CAFs
61101,61101,CAFs
61243,61243,Malignant cells
61244,61244,Hepatocytes
61245,61245,CAFs
61246,61246,Hepatocytes
61247,61247,Hepatocytes
61248,61248,TECs
61249,61249,CAFs
61250,61250,Malignant cells
61251,61251,CAFs
61252,61252,CAFs
61253,61253,Malignant cells
61254,61254,Hepatocytes
61255,61255,CAFs
61256,61256,Malignant cells
61257,61257,TECs
61258,61258,CAFs
61259,61259,Hepatocytes
61260,61260,CAFs
61261,61261,Hepatocytes
61262,61262,Hepatocytes
61263,61263,CAFs
61264,61264,CAFs
61265,61265,CAFs
61266,61266,Hepatocytes
61267,61267,TECs
61268,61268,CAFs
61269,61269,CAFs
61270,61270,Cholangiocytes
61271,61271,TECs
61272,61272,TECs
61273,61273,CAFs
61274,61274,CAFs
61275,61275,CAFs
61276,61276,CAFs
61277,61277,CAFs
61278,61278,TECs
61279,61279,TECs
61280,61280,TECs
61281,61281,TAMs
61800,61800,CAFs
61801,61801,CAFs
61802,61802,CAFs
61803,61803,CAFs
61804,61804,CAFs
61805,61805,CAFs
61806,61806,CAFs
61807,61807,CAFs
61808,61808,CAFs
61809,61809,CAFs
61810,61810,Hepatocytes
61811,61811,CAFs
61812,61812,Dendritic cells
61813,61813,Monocytes
61814,61814,CAFs
61815,61815,CAFs
61816,61816,TECs
61817,61817,CAFs
61818,61818,T cells
61819,61819,TECs
61820,61820,CAFs
61821,61821,CAFs
61822,61822,CAFs
61823,61823,TECs
61824,61824,CAFs
61825,61825,CAFs
61826,61826,CAFs
61827,61827,CAFs
61828,61828,CAFs
61829,61829,Cholangiocytes
61830,61830,TECs
61831,61831,TECs
61832,61832,Plasma cells
61833,61833,CAFs
61834,61834,CAFs
61835,61835,Malignant cells
61836,61836,CAFs
61837,61837,CAFs
61838,61838,CAFs
61839,61839,CAFs
61840,61840,CAFs
61841,61841,Neutrophils
61842,61842,CAFs
61843,61843,CAFs
61844,61844,CAFs
61845,61845,TECs
61846,61846,CAFs
61847,61847,CAFs
61848,61848,CAFs
61849,61849,CAFs
61891,61891,Hepatocytes
61892,61892,CAFs
61893,61893,Cholangiocytes
61894,61894,TECs
61895,61895,TECs
61896,61896,CAFs
61897,61897,TAMs
61898,61898,T cells
61899,61899,CAFs
61900,61900,CAFs
61901,61901,CAFs
61902,61902,CAFs
61903,61903,CAFs
61904,61904,CAFs
61905,61905,CAFs
61906,61906,CAFs
61907,61907,CAFs
61908,61908,CAFs
61909,61909,CAFs
61910,61910,TECs
61911,61911,CAFs
61912,61912,CAFs
61913,61913,CAFs
61914,61914,Monocytes
61915,61915,CAFs
61916,61916,CAFs
61917,61917,CAFs
61918,61918,CAFs
61919,61919,Monocytes
61920,61920,CAFs
61921,61921,CAFs
61922,61922,CAFs
61923,61923,CAFs
61924,61924,CAFs
61925,61925,CAFs
61926,61926,CAFs
61927,61927,Cholangiocytes
61928,61928,Malignant cells
61929,61929,Cholangiocytes
61930,61930,Cholangiocytes
61931,61931,Malignant cells
61932,61932,Malignant cells
61933,61933,CAFs
61934,61934,CAFs
61935,61935,CAFs
61936,61936,CAFs
61937,61937,CAFs
61956,61956,TAMs
61957,61957,CAFs
61958,61958,CAFs
61959,61959,CAFs
61960,61960,TAMs
61961,61961,Malignant cells
61962,61962,Cholangiocytes
61963,61963,Malignant cells
61964,61964,CAFs
61965,61965,CAFs
61966,61966,CAFs
61967,61967,Hepatocytes
61968,61968,CAFs
61969,61969,T cells
61970,61970,CAFs
61971,61971,T cells
61972,61972,CAFs
61973,61973,CAFs
61974,61974,T cells
61975,61975,T cells
61976,61976,TAMs
61977,61977,CAFs
61978,61978,CAFs
61979,61979,CAFs
61980,61980,CAFs
61981,61981,TAMs
61982,61982,CAFs
61983,61983,CAFs
61984,61984,CAFs
61985,61985,CAFs
61986,61986,CAFs
61987,61987,CAFs
61988,61988,CAFs
61989,61989,CAFs
61990,61990,CAFs
61991,61991,CAFs
61992,61992,CAFs
61993,61993,CAFs
61994,61994,CAFs
61995,61995,TAMs
61996,61996,CAFs
61997,61997,CAFs
61998,61998,CAFs
61999,61999,NK cells
62000,62000,CAFs
62001,62001,CAFs
62002,62002,CAFs
62068,62068,CAFs
62069,62069,CAFs
62070,62070,CAFs
62071,62071,CAFs
62072,62072,CAFs
62073,62073,CAFs
62074,62074,CAFs
62075,62075,CAFs
62076,62076,CAFs
62077,62077,CAFs
62078,62078,CAFs
62079,62079,CAFs
62080,62080,CAFs
62081,62081,CAFs
62082,62082,CAFs
62083,62083,CAFs
62084,62084,CAFs
62085,62085,CAFs
62086,62086,CAFs
62087,62087,TECs
62088,62088,CAFs
62089,62089,CAFs
62090,62090,CAFs
62091,62091,CAFs
62092,62092,Neutrophils
62093,62093,CAFs
62094,62094,CAFs
62095,62095,CAFs
62118,62118,CAFs
62119,62119,CAFs
62120,62120,CAFs
62121,62121,CAFs
62122,62122,CAFs
62123,62123,TECs
62124,62124,CAFs
62125,62125,CAFs
62126,62126,CAFs
62127,62127,CAFs
62128,62128,CAFs
76952,76952,Malignant cells
76953,76953,Malignant cells
76954,76954,Malignant cells
76955,76955,Malignant cells
76956,76956,Malignant cells
76957,76957,Malignant cells
76958,76958,Malignant cells
76959,76959,Malignant cells
76960,76960,Malignant cells
76961,76961,Malignant cells
76962,76962,Malignant cells
76963,76963,Malignant cells
76964,76964,Malignant cells
76965,76965,Hepatocytes
76966,76966,Malignant cells
76967,76967,Malignant cells
76968,76968,Malignant cells
76969,76969,Hepatocytes
76970,76970,Malignant cells
76971,76971,Malignant cells
76972,76972,Malignant cells
76973,76973,Malignant cells
76974,76974,Malignant cells
76975,76975,Malignant cells
76976,76976,Malignant cells
76977,76977,Malignant cells
76978,76978,Malignant cells
76979,76979,Hepatocytes
76980,76980,Malignant cells
76981,76981,Malignant cells
76982,76982,TECs
76983,76983,Hepatocytes
76984,76984,Malignant cells
76985,76985,Malignant cells
76986,76986,Malignant cells
76987,76987,TECs
76988,76988,Malignant cells
76989,76989,Malignant cells
76990,76990,Malignant cells
76991,76991,TECs
76992,76992,Malignant cells
76993,76993,Malignant cells
76994,76994,Malignant cells
76995,76995,Malignant cells
76996,76996,Hepatocytes
76997,76997,Malignant cells
76998,76998,Hepatocytes
76999,76999,Hepatocytes
77000,77000,Malignant cells
77001,77001,Malignant cells
77002,77002,Hepatocytes
77003,77003,Malignant cells
77004,77004,Malignant cells
77005,77005,Malignant cells
77006,77006,Malignant cells
77007,77007,Malignant cells
77008,77008,Hepatocytes
77009,77009,Malignant cells
77010,77010,Malignant cells
77011,77011,Malignant cells
77012,77012,Hepatocytes
77013,77013,Malignant cells
77014,77014,Malignant cells
77015,77015,Malignant cells
77016,77016,TAMs
77017,77017,Malignant cells
77018,77018,Malignant cells
77019,77019,Malignant cells
77020,77020,Malignant cells
77021,77021,Malignant cells
77022,77022,Malignant cells
77023,77023,Malignant cells
77024,77024,Malignant cells
77025,77025,Malignant cells
77026,77026,Malignant cells
77027,77027,TECs
77028,77028,Malignant cells
77029,77029,Malignant cells
77030,77030,Malignant cells
77031,77031,TECs
77032,77032,Malignant cells
77033,77033,Hepatocytes
77034,77034,Malignant cells
77035,77035,Malignant cells
77036,77036,Malignant cells
77037,77037,Malignant cells
77038,77038,Malignant cells
77039,77039,Malignant cells
77040,77040,Hepatocytes
77041,77041,TECs
77042,77042,Malignant cells
77043,77043,Malignant cells
77044,77044,Malignant cells
77045,77045,Hepatocytes
77046,77046,Malignant cells
77047,77047,Malignant cells
77048,77048,Hepatocytes
77049,77049,Malignant cells
77050,77050,Hepatocytes
77051,77051,Malignant cells
77052,77052,TAMs
77053,77053,Hepatocytes
77054,77054,Malignant cells
77055,77055,Hepatocytes
77056,77056,Malignant cells
77057,77057,Hepatocytes
77058,77058,TAMs
77059,77059,Malignant cells
77060,77060,Hepatocytes
77061,77061,Malignant cells
77062,77062,Hepatocytes
77063,77063,TECs
77064,77064,Malignant cells
77065,77065,Hepatocytes
77066,77066,Hepatocytes
77067,77067,CAFs
77068,77068,Hepatocytes
77069,77069,Malignant cells
77070,77070,CAFs
77071,77071,T cells
77072,77072,TECs
77073,77073,Malignant cells
77074,77074,Hepatocytes
77075,77075,Hepatocytes
77076,77076,Malignant cells
77077,77077,Malignant cells
77078,77078,Malignant cells
77079,77079,Hepatocytes
77080,77080,Hepatocytes
77081,77081,Malignant cells
77082,77082,Malignant cells
77083,77083,Hepatocytes
77084,77084,Malignant cells
77085,77085,Malignant cells
77086,77086,Malignant cells
77087,77087,Malignant cells
77088,77088,Malignant cells
77089,77089,Malignant cells
77090,77090,Malignant cells
77091,77091,Malignant cells
77092,77092,Malignant cells
77093,77093,Malignant cells
77094,77094,Hepatocytes
77095,77095,Malignant cells
77096,77096,Malignant cells
77097,77097,Malignant cells
77098,77098,Hepatocytes
77099,77099,Malignant cells
77100,77100,Malignant cells
77101,77101,Malignant cells
77102,77102,Malignant cells
77103,77103,Malignant cells
77104,77104,Hepatocytes
77105,77105,Malignant cells
77106,77106,Malignant cells
77107,77107,Hepatocytes
77108,77108,Malignant cells
77109,77109,Malignant cells
77110,77110,Malignant cells
77111,77111,Malignant cells
77112,77112,Malignant cells
77113,77113,Hepatocytes
77114,77114,TAMs
77115,77115,Malignant cells
77116,77116,Malignant cells
77117,77117,Malignant cells
77118,77118,TECs
77119,77119,Malignant cells
77120,77120,TAMs
77121,77121,Malignant cells
77122,77122,T cells
77123,77123,Malignant cells
77124,77124,Malignant cells
77125,77125,T cells
77126,77126,Hepatocytes
77127,77127,Malignant cells
77128,77128,Hepatocytes
77129,77129,Malignant cells
77130,77130,Malignant cells
77131,77131,Malignant cells
77132,77132,Malignant cells
77133,77133,Malignant cells
77134,77134,Malignant cells
77135,77135,Malignant cells
77136,77136,Malignant cells
77137,77137,Malignant cells
77138,77138,Hepatocytes
77139,77139,TAMs
77140,77140,Malignant cells
77141,77141,Malignant cells
77142,77142,Malignant cells
77143,77143,Malignant cells
77144,77144,TECs
77145,77145,TECs
77146,77146,TECs
77147,77147,Malignant cells
77148,77148,Malignant cells
77149,77149,T cells
77150,77150,Hepatocytes
77151,77151,T cells
77152,77152,Malignant cells
77153,77153,Malignant cells
77154,77154,TECs
77155,77155,Malignant cells
77156,77156,Malignant cells
77157,77157,Malignant cells
77158,77158,T cells
77159,77159,TECs
77160,77160,TECs
77161,77161,TECs
77162,77162,TECs
77163,77163,Malignant cells
77164,77164,CAFs
77165,77165,Malignant cells
77166,77166,TECs
77167,77167,Malignant cells
77168,77168,Hepatocytes
77169,77169,Malignant cells
77170,77170,TECs
77171,77171,Malignant cells
77172,77172,Hepatocytes
77173,77173,Malignant cells
77174,77174,Malignant cells
77175,77175,Malignant cells
77176,77176,TECs
77177,77177,Hepatocytes
77178,77178,Malignant cells
77179,77179,Malignant cells
77180,77180,Malignant cells
77181,77181,Malignant cells
77182,77182,Malignant cells
77183,77183,Hepatocytes
77184,77184,TECs
77185,77185,Malignant cells
77186,77186,Malignant cells
77187,77187,Malignant cells
77188,77188,TECs
77189,77189,Hepatocytes
77190,77190,Malignant cells
77191,77191,Malignant cells
77192,77192,Malignant cells
77193,77193,TECs
77194,77194,Malignant cells
77195,77195,Hepatocytes
77196,77196,Malignant cells
77197,77197,Malignant cells
77198,77198,Malignant cells
77199,77199,Malignant cells
77200,77200,Hepatocytes
77201,77201,Malignant cells
77202,77202,Malignant cells
77203,77203,Malignant cells
77204,77204,Hepatocytes
77205,77205,Malignant cells
77206,77206,Malignant cells
77207,77207,Malignant cells
77208,77208,Hepatocytes
77209,77209,Malignant cells
77210,77210,Hepatocytes
77211,77211,Malignant cells
77212,77212,Malignant cells
77213,77213,Malignant cells
77214,77214,Malignant cells
77215,77215,Hepatocytes
77216,77216,Malignant cells
77217,77217,Malignant cells
77218,77218,Malignant cells
77219,77219,Malignant cells
77220,77220,Malignant cells
77221,77221,Malignant cells
77222,77222,Hepatocytes
77223,77223,Malignant cells
77224,77224,Malignant cells
77225,77225,Malignant cells
77226,77226,Malignant cells
77227,77227,Malignant cells
77228,77228,Hepatocytes
77229,77229,Malignant cells
77230,77230,Malignant cells
77231,77231,Malignant cells
77232,77232,Malignant cells
77233,77233,Malignant cells
77234,77234,Malignant cells
77235,77235,Malignant cells
77236,77236,Hepatocytes
77237,77237,T cells
77238,77238,Malignant cells
77239,77239,Malignant cells
77240,77240,Malignant cells
77241,77241,Malignant cells
77242,77242,Malignant cells
77243,77243,TECs
77244,77244,Malignant cells
77245,77245,Malignant cells
77246,77246,Malignant cells
77247,77247,Hepatocytes
77248,77248,TECs
77249,77249,Malignant cells
77250,77250,Malignant cells
77251,77251,Hepatocytes
77252,77252,Hepatocytes
77253,77253,Malignant cells
77254,77254,Malignant cells
77255,77255,CAFs
77256,77256,Malignant cells
77257,77257,Malignant cells
77258,77258,Malignant cells
77259,77259,Malignant cells
77260,77260,Malignant cells
77261,77261,Malignant cells
77262,77262,Hepatocytes
77263,77263,Hepatocytes
77264,77264,Malignant cells
77265,77265,Hepatocytes
77266,77266,Malignant cells
77267,77267,Malignant cells
77268,77268,Hepatocytes
77269,77269,Malignant cells
77270,77270,TAMs
77271,77271,TAMs
77272,77272,Hepatocytes
77273,77273,Malignant cells
77274,77274,Malignant cells
77275,77275,Malignant cells
77276,77276,Malignant cells
77277,77277,Malignant cells
77278,77278,Malignant cells
77279,77279,Malignant cells
77280,77280,CAFs
77281,77281,Malignant cells
77282,77282,Malignant cells
77283,77283,Malignant cells
77284,77284,TECs
77285,77285,Malignant cells
77286,77286,Malignant cells
77287,77287,Hepatocytes
77288,77288,Malignant cells
77289,77289,Malignant cells
77290,77290,Malignant cells
77291,77291,Hepatocytes
77292,77292,Malignant cells
77293,77293,Malignant cells
77294,77294,Malignant cells
77295,77295,Malignant cells
77296,77296,Malignant cells
77297,77297,Malignant cells
77298,77298,Malignant cells
77299,77299,Malignant cells
77300,77300,Malignant cells
77301,77301,Malignant cells
77302,77302,Malignant cells
77303,77303,Malignant cells
77304,77304,Malignant cells
77305,77305,Malignant cells
77306,77306,Malignant cells
77307,77307,Malignant cells
77308,77308,Malignant cells
77309,77309,TECs
77310,77310,Hepatocytes
77311,77311,Hepatocytes
77312,77312,CAFs
77313,77313,TECs
77314,77314,Malignant cells
77315,77315,Malignant cells
77316,77316,Hepatocytes
77317,77317,Malignant cells
77318,77318,Malignant cells
77319,77319,Malignant cells
77320,77320,Malignant cells
77321,77321,Malignant cells
77322,77322,Hepatocytes
77323,77323,Malignant cells
77324,77324,Malignant cells
77325,77325,Malignant cells
77326,77326,Malignant cells
77327,77327,TECs
77328,77328,TECs
77329,77329,Malignant cells
77330,77330,TECs
77331,77331,TECs
77332,77332,Hepatocytes
77333,77333,Hepatocytes
77334,77334,Malignant cells
77335,77335,Malignant cells
77336,77336,Malignant cells
77337,77337,Malignant cells
77338,77338,Malignant cells
77339,77339,TECs
77340,77340,Malignant cells
77341,77341,Malignant cells
77342,77342,Malignant cells
77343,77343,Malignant cells
77344,77344,Malignant cells
77345,77345,Malignant cells
77346,77346,Malignant cells
77347,77347,Malignant cells
77348,77348,Malignant cells
77349,77349,Malignant cells
77350,77350,Malignant cells
77351,77351,Malignant cells
77352,77352,Malignant cells
77353,77353,Hepatocytes
77354,77354,Malignant cells
77355,77355,Malignant cells
77356,77356,Malignant cells
77357,77357,Malignant cells
77358,77358,Hepatocytes
77359,77359,Malignant cells
77360,77360,Malignant cells
77361,77361,Hepatocytes
77362,77362,TAMs
77363,77363,Malignant cells
77364,77364,Malignant cells
77365,77365,Malignant cells
77366,77366,Malignant cells
77367,77367,Malignant cells
77368,77368,Malignant cells
77369,77369,Malignant cells
77370,77370,Malignant cells
77371,77371,Hepatocytes
77372,77372,Malignant cells
77373,77373,Malignant cells
77374,77374,Malignant cells
77375,77375,Malignant cells
77376,77376,Malignant cells
77377,77377,Malignant cells
77378,77378,Malignant cells
77379,77379,Malignant cells
77380,77380,Malignant cells
77381,77381,Malignant cells
77382,77382,Malignant cells
77383,77383,Malignant cells
77384,77384,Malignant cells
77385,77385,Malignant cells
77386,77386,Malignant cells
77387,77387,Malignant cells
77388,77388,Malignant cells
77389,77389,Malignant cells
77390,77390,Malignant cells
77391,77391,Hepatocytes
77392,77392,Malignant cells
77393,77393,Malignant cells
77394,77394,Hepatocytes
77395,77395,Malignant cells
77396,77396,TECs
77397,77397,Malignant cells
77398,77398,Hepatocytes
77399,77399,Malignant cells
77400,77400,Malignant cells
77401,77401,Malignant cells
77402,77402,Hepatocytes
77403,77403,Hepatocytes
77404,77404,Malignant cells
77405,77405,Malignant cells
77406,77406,TECs
77407,77407,Malignant cells
77408,77408,Malignant cells
77409,77409,Malignant cells
77410,77410,Malignant cells
77411,77411,Malignant cells
77412,77412,TECs
77413,77413,Hepatocytes
77414,77414,Malignant cells
77415,77415,Malignant cells
77416,77416,Hepatocytes
77417,77417,TAMs
77418,77418,Hepatocytes
77419,77419,Hepatocytes
77420,77420,Malignant cells
77421,77421,Hepatocytes
77422,77422,Malignant cells
77423,77423,Hepatocytes
77424,77424,Malignant cells
77425,77425,Hepatocytes
77426,77426,Malignant cells
77427,77427,Malignant cells
77428,77428,Malignant cells
77429,77429,Hepatocytes
77430,77430,Hepatocytes
77431,77431,Malignant cells
77432,77432,Malignant cells
77433,77433,Malignant cells
77434,77434,Malignant cells
77435,77435,Malignant cells
77436,77436,Hepatocytes
77437,77437,Malignant cells
77438,77438,Hepatocytes
77439,77439,Malignant cells
77440,77440,Malignant cells
77441,77441,Malignant cells
77442,77442,Malignant cells
77443,77443,Malignant cells
77444,77444,Malignant cells
77445,77445,Malignant cells
77446,77446,Malignant cells
77447,77447,Malignant cells
77448,77448,Hepatocytes
77449,77449,Hepatocytes
77450,77450,Malignant cells
77451,77451,Malignant cells
77452,77452,Malignant cells
77453,77453,Malignant cells
77454,77454,Malignant cells
77455,77455,Malignant cells
77456,77456,Malignant cells
77457,77457,Malignant cells
77458,77458,Malignant cells
77459,77459,Malignant cells
77460,77460,Malignant cells
77461,77461,Malignant cells
77462,77462,Hepatocytes
77463,77463,Hepatocytes
77464,77464,Malignant cells
77465,77465,Malignant cells
77466,77466,Malignant cells
77467,77467,Malignant cells
77468,77468,Malignant cells
77469,77469,Malignant cells
77470,77470,Malignant cells
77471,77471,Malignant cells
77472,77472,Malignant cells
77473,77473,Malignant cells
77474,77474,Malignant cells
77475,77475,Hepatocytes
77476,77476,Malignant cells
77477,77477,Hepatocytes
77478,77478,Malignant cells
77479,77479,Malignant cells
77480,77480,Hepatocytes
77481,77481,Malignant cells
77482,77482,Malignant cells
77483,77483,Malignant cells
77484,77484,Malignant cells
77485,77485,Malignant cells
77486,77486,Hepatocytes
77487,77487,Malignant cells
77488,77488,Hepatocytes
77489,77489,Malignant cells
77490,77490,Malignant cells
77491,77491,Malignant cells
77492,77492,Malignant cells
77493,77493,Hepatocytes
77494,77494,Malignant cells
77495,77495,Hepatocytes
77496,77496,Malignant cells
77497,77497,Malignant cells
77498,77498,Malignant cells
77499,77499,Malignant cells
77500,77500,Malignant cells
77501,77501,Malignant cells
77502,77502,Malignant cells
77503,77503,Malignant cells
77504,77504,Malignant cells
77505,77505,Malignant cells
77506,77506,Malignant cells
77507,77507,Malignant cells
77508,77508,Hepatocytes
77509,77509,Hepatocytes
77510,77510,Malignant cells
77511,77511,Malignant cells
77512,77512,Malignant cells
77513,77513,Malignant cells
77514,77514,Malignant cells
77515,77515,Malignant cells
77516,77516,Malignant cells
77517,77517,Hepatocytes
77518,77518,Hepatocytes
77519,77519,Malignant cells
77520,77520,Hepatocytes
77521,77521,Malignant cells
77522,77522,Malignant cells
77523,77523,Hepatocytes
77524,77524,Malignant cells
77525,77525,TECs
77526,77526,Malignant cells
77527,77527,Hepatocytes
77528,77528,Hepatocytes
77529,77529,Malignant cells
77530,77530,Malignant cells
77531,77531,Malignant cells
77532,77532,Hepatocytes
77533,77533,Malignant cells
77534,77534,Hepatocytes
77535,77535,Malignant cells
77536,77536,Malignant cells
77537,77537,Malignant cells
77538,77538,Malignant cells
77539,77539,Hepatocytes
77540,77540,TECs
77541,77541,Hepatocytes
77542,77542,Malignant cells
77543,77543,Malignant cells
77544,77544,Malignant cells
77545,77545,Malignant cells
77546,77546,Malignant cells
77547,77547,TECs
77548,77548,Malignant cells
77549,77549,Malignant cells
77550,77550,Hepatocytes
77551,77551,TECs
77552,77552,Hepatocytes
77553,77553,TECs
77554,77554,Hepatocytes
77555,77555,Hepatocytes
77556,77556,Malignant cells
77557,77557,Malignant cells
77558,77558,Malignant cells
77559,77559,Malignant cells
77560,77560,Malignant cells
77561,77561,Malignant cells
77562,77562,Malignant cells
77563,77563,Malignant cells
77564,77564,Hepatocytes
77565,77565,Malignant cells
77566,77566,Malignant cells
77567,77567,Malignant cells
77568,77568,Malignant cells
77569,77569,Malignant cells
77570,77570,T cells
77571,77571,Malignant cells
77572,77572,Malignant cells
77573,77573,Malignant cells
77574,77574,Malignant cells
77575,77575,Malignant cells
77576,77576,Malignant cells
77577,77577,Malignant cells
77578,77578,Malignant cells
77579,77579,Malignant cells
77580,77580,Malignant cells
77581,77581,Malignant cells
77582,77582,Malignant cells
77583,77583,Malignant cells
77584,77584,Malignant cells
77585,77585,Malignant cells
77586,77586,Malignant cells
77587,77587,Malignant cells
77588,77588,Malignant cells
77589,77589,Malignant cells
77590,77590,Hepatocytes
77591,77591,Malignant cells
77592,77592,Hepatocytes
77593,77593,Malignant cells
77594,77594,Malignant cells
77595,77595,Malignant cells
77596,77596,Malignant cells
77597,77597,Malignant cells
77598,77598,Malignant cells
77599,77599,Hepatocytes
77600,77600,Malignant cells
77601,77601,Malignant cells
77602,77602,Malignant cells
77603,77603,Malignant cells
77604,77604,Malignant cells
77605,77605,Malignant cells
77606,77606,Malignant cells
77607,77607,Hepatocytes
77608,77608,Malignant cells
77609,77609,Malignant cells
77610,77610,Malignant cells
77611,77611,Malignant cells
77612,77612,Malignant cells
77613,77613,Malignant cells
77614,77614,Malignant cells
77615,77615,Malignant cells
77616,77616,Malignant cells
77617,77617,CAFs
77618,77618,Malignant cells
77619,77619,Malignant cells
77620,77620,Malignant cells
77621,77621,Malignant cells
77622,77622,Malignant cells
77623,77623,Malignant cells
77624,77624,TECs
77625,77625,Hepatocytes
77626,77626,Malignant cells
77627,77627,Malignant cells
77628,77628,Hepatocytes
77629,77629,Malignant cells
77630,77630,Hepatocytes
77631,77631,Malignant cells
77632,77632,Hepatocytes
77633,77633,Dendritic cells
77634,77634,Malignant cells
77635,77635,Malignant cells
77636,77636,Hepatocytes
77637,77637,Malignant cells
77638,77638,Hepatocytes
77639,77639,Malignant cells
77640,77640,Hepatocytes
77641,77641,Malignant cells
77642,77642,Malignant cells
77643,77643,Malignant cells
77644,77644,Malignant cells
77645,77645,Malignant cells
77646,77646,Malignant cells
77647,77647,Malignant cells
77648,77648,Malignant cells
77649,77649,Malignant cells
77650,77650,Hepatocytes
77651,77651,Malignant cells
77652,77652,Hepatocytes
77653,77653,Malignant cells
77654,77654,TECs
77655,77655,Hepatocytes
77656,77656,Malignant cells
77657,77657,Malignant cells
77658,77658,TECs
77659,77659,Malignant cells
77660,77660,TECs
77661,77661,Malignant cells
77662,77662,Malignant cells
77663,77663,CAFs
77664,77664,Malignant cells
77665,77665,Malignant cells
77666,77666,Malignant cells
77667,77667,Malignant cells
77668,77668,Malignant cells
77669,77669,Malignant cells
77670,77670,Malignant cells
77671,77671,Malignant cells
77672,77672,Hepatocytes
77673,77673,Malignant cells
77674,77674,Malignant cells
77675,77675,Malignant cells
77676,77676,Malignant cells
77677,77677,Malignant cells
77678,77678,Malignant cells
77679,77679,TECs
77680,77680,Hepatocytes
77681,77681,Malignant cells
77682,77682,Malignant cells
77683,77683,Malignant cells
77684,77684,Malignant cells
77685,77685,CAFs
77686,77686,CAFs
77687,77687,Malignant cells
77688,77688,Hepatocytes
77689,77689,Malignant cells
77690,77690,TECs
77691,77691,CAFs
77692,77692,Malignant cells
77693,77693,Hepatocytes
77694,77694,Hepatocytes
77695,77695,CAFs
77696,77696,Hepatocytes
77697,77697,Hepatocytes
77698,77698,Malignant cells
77699,77699,TAMs
77700,77700,Hepatocytes
77701,77701,CAFs
77702,77702,B cells
77703,77703,Malignant cells
77704,77704,CAFs
77705,77705,TECs
77706,77706,CAFs
77707,77707,Malignant cells
77708,77708,Malignant cells
77709,77709,TAMs
77710,77710,CAFs
77711,77711,Malignant cells
77712,77712,TECs
77713,77713,Malignant cells
77714,77714,CAFs
77715,77715,TAMs
77716,77716,Malignant cells
77717,77717,Hepatocytes
77718,77718,Hepatocytes
77719,77719,Hepatocytes
77720,77720,Malignant cells
77721,77721,Hepatocytes
77722,77722,Malignant cells
77723,77723,Malignant cells
77724,77724,Malignant cells
77725,77725,Smooth muscle cells
77726,77726,T cells
77727,77727,Malignant cells
77728,77728,Malignant cells
77729,77729,Hepatocytes
77730,77730,Hepatocytes
77731,77731,Malignant cells
77732,77732,Malignant cells
77733,77733,Hepatocytes
77734,77734,Malignant cells
77735,77735,TECs
77736,77736,Malignant cells
77737,77737,Malignant cells
77738,77738,TECs
77739,77739,TECs
77740,77740,Hepatocytes
77741,77741,CAFs
77742,77742,TECs
77743,77743,Malignant cells
77744,77744,Hepatocytes
77745,77745,TECs
77746,77746,Malignant cells
77747,77747,Hepatocytes
77748,77748,TECs
77749,77749,Malignant cells
77750,77750,TECs
77751,77751,Malignant cells
77752,77752,Malignant cells
77753,77753,TECs
77754,77754,Malignant cells
77755,77755,TECs
77756,77756,Malignant cells
77757,77757,Hepatocytes
77758,77758,Hepatocytes
77759,77759,Malignant cells
77760,77760,Malignant cells
77761,77761,Malignant cells
77762,77762,Malignant cells
77763,77763,Malignant cells
77764,77764,Malignant cells
77765,77765,Malignant cells
77766,77766,Hepatocytes
77767,77767,Malignant cells
77768,77768,TECs
77769,77769,Malignant cells
77770,77770,Malignant cells
77771,77771,Malignant cells
77772,77772,Hepatocytes
77773,77773,Malignant cells
77774,77774,Hepatocytes
77775,77775,Malignant cells
77776,77776,Hepatocytes
77777,77777,Malignant cells
77778,77778,Malignant cells
77779,77779,Malignant cells
77780,77780,Malignant cells
77781,77781,Malignant cells
77782,77782,Malignant cells
77783,77783,TECs
77784,77784,Malignant cells
77785,77785,Malignant cells
77786,77786,Malignant cells
77787,77787,Hepatocytes
77788,77788,Malignant cells
77789,77789,Malignant cells
77790,77790,Malignant cells
77791,77791,Malignant cells
77792,77792,Malignant cells
77793,77793,Malignant cells
77794,77794,TECs
77795,77795,Malignant cells
77796,77796,Malignant cells
77797,77797,Malignant cells
77798,77798,Malignant cells
77799,77799,Smooth muscle cells
77800,77800,Malignant cells
77801,77801,Malignant cells
77802,77802,Malignant cells
77803,77803,Malignant cells
77804,77804,Malignant cells
77805,77805,Malignant cells
77806,77806,Malignant cells
77807,77807,Hepatocytes
77808,77808,Malignant cells
77809,77809,Malignant cells
77810,77810,Hepatocytes
77811,77811,Malignant cells
77812,77812,TECs
77813,77813,Malignant cells
77814,77814,Malignant cells
77815,77815,Malignant cells
77816,77816,Malignant cells
77817,77817,Malignant cells
77818,77818,Hepatocytes
77819,77819,Malignant cells
77820,77820,Malignant cells
77821,77821,Malignant cells
77822,77822,Malignant cells
77823,77823,Malignant cells
77824,77824,Malignant cells
77825,77825,Malignant cells
77826,77826,Hepatocytes
77827,77827,Malignant cells
77828,77828,Malignant cells
77829,77829,Malignant cells
77830,77830,Malignant cells
77831,77831,TECs
77832,77832,Malignant cells
77833,77833,Malignant cells
77834,77834,Malignant cells
77835,77835,Malignant cells
77836,77836,Malignant cells
77837,77837,Malignant cells
77838,77838,TECs
77839,77839,Malignant cells
77840,77840,TECs
77841,77841,Malignant cells
77842,77842,Malignant cells
77843,77843,Malignant cells
77844,77844,TECs
77845,77845,Hepatocytes
77846,77846,Malignant cells
77847,77847,Malignant cells
77848,77848,TECs
77849,77849,Malignant cells
77850,77850,TECs
77851,77851,CAFs
77852,77852,TECs
77853,77853,NK cells
77854,77854,Plasma cells
77855,77855,CAFs
77856,77856,TECs
77857,77857,CAFs
77858,77858,TECs
77859,77859,TECs
77860,77860,CAFs
77861,77861,Malignant cells
77862,77862,T cells
77863,77863,Malignant cells
77864,77864,Dendritic cells
77865,77865,Malignant cells
77866,77866,Stellate cells
77867,77867,Malignant cells
77868,77868,Malignant cells
77869,77869,Malignant cells
77870,77870,Malignant cells
77871,77871,Malignant cells
77872,77872,Malignant cells
77873,77873,Malignant cells
77874,77874,TECs
77875,77875,Malignant cells
77876,77876,Malignant cells
77877,77877,T cells
77878,77878,CAFs
77879,77879,Malignant cells
77880,77880,TAMs
77881,77881,TAMs
77882,77882,TECs
77883,77883,TECs
77884,77884,TECs
77885,77885,T cells
77886,77886,T cells
77887,77887,T cells
77888,77888,CAFs
77889,77889,Plasma cells
77890,77890,T cells
77891,77891,Neutrophils
77892,77892,Dendritic cells
77893,77893,CAFs
77894,77894,T cells
77895,77895,CAFs
77896,77896,T cells
77897,77897,Malignant cells
77898,77898,Malignant cells
77899,77899,CAFs
77900,77900,Malignant cells
77901,77901,Malignant cells
77902,77902,Malignant cells
77903,77903,CAFs
77904,77904,Malignant cells
77905,77905,Malignant cells
77906,77906,Malignant cells
77907,77907,Malignant cells
77908,77908,Malignant cells
77909,77909,Malignant cells
77910,77910,TECs
77911,77911,TECs
77912,77912,Malignant cells
77913,77913,TECs
77914,77914,TECs
77915,77915,Stellate cells
77916,77916,CAFs
77917,77917,Malignant cells
77918,77918,Malignant cells
77919,77919,Malignant cells
77920,77920,CAFs
77921,77921,Malignant cells
77922,77922,Malignant cells
77923,77923,CAFs
77924,77924,Malignant cells
77925,77925,Hepatocytes
77926,77926,TAMs
77927,77927,Malignant cells
77928,77928,Malignant cells
77929,77929,Malignant cells
77930,77930,TECs
77931,77931,TAMs
77932,77932,Malignant cells
77933,77933,Hepatocytes
77934,77934,CAFs
77935,77935,Malignant cells
77936,77936,CAFs
77937,77937,TECs
77938,77938,Malignant cells
77939,77939,Hepatocytes
77940,77940,Malignant cells
77941,77941,TAMs
77942,77942,Malignant cells
77943,77943,Malignant cells
77944,77944,TECs
77945,77945,Malignant cells
77946,77946,Malignant cells
77947,77947,Malignant cells
77948,77948,CAFs
77949,77949,Malignant cells
77950,77950,T cells
77951,77951,CAFs
77952,77952,Malignant cells
77953,77953,TECs
77954,77954,Malignant cells
77955,77955,Hepatocytes
77956,77956,TECs
77957,77957,Malignant cells
77958,77958,T cells
77959,77959,Hepatocytes
77960,77960,Malignant cells
77961,77961,CAFs
77962,77962,Malignant cells
77963,77963,Malignant cells
77964,77964,Malignant cells
77965,77965,Malignant cells
77966,77966,Malignant cells
77967,77967,Malignant cells
77968,77968,Malignant cells
77969,77969,TAMs
77970,77970,Malignant cells
77971,77971,Hepatocytes
77972,77972,Malignant cells
77973,77973,Malignant cells
77974,77974,Malignant cells
77975,77975,Malignant cells
77976,77976,Malignant cells
77977,77977,Malignant cells
77978,77978,Malignant cells
77979,77979,Malignant cells
77980,77980,Malignant cells
77981,77981,Malignant cells
77982,77982,Malignant cells
77983,77983,Malignant cells
77984,77984,Malignant cells
77985,77985,Malignant cells
77986,77986,Malignant cells
77987,77987,Hepatocytes
77988,77988,Malignant cells
77989,77989,Hepatocytes
77990,77990,Malignant cells
77991,77991,Malignant cells
77992,77992,Malignant cells
77993,77993,Hepatocytes
77994,77994,Malignant cells
77995,77995,Malignant cells
77996,77996,Malignant cells
77997,77997,Hepatocytes
77998,77998,Malignant cells
77999,77999,Malignant cells
78000,78000,Malignant cells
78001,78001,Hepatocytes
78002,78002,TECs
78003,78003,Malignant cells
78004,78004,Malignant cells
78005,78005,TECs
78006,78006,TECs
78007,78007,CAFs
78008,78008,Malignant cells
78009,78009,TECs
78010,78010,CAFs
78011,78011,Malignant cells
78012,78012,T cells
78013,78013,T cells
78014,78014,TECs
78015,78015,Malignant cells
78016,78016,Hepatocytes
78017,78017,TECs
78018,78018,CAFs
78019,78019,Hepatocytes
78020,78020,TECs
78021,78021,Malignant cells
78022,78022,Malignant cells
78023,78023,Hepatocytes
78024,78024,Hepatocytes
78025,78025,Malignant cells
78026,78026,Malignant cells
78027,78027,Malignant cells
78028,78028,Malignant cells
78029,78029,Malignant cells
78030,78030,Malignant cells
78031,78031,Hepatocytes
78032,78032,Malignant cells
78033,78033,Malignant cells
78034,78034,Malignant cells
78035,78035,Malignant cells
78036,78036,Malignant cells
78037,78037,Malignant cells
78038,78038,Malignant cells
78039,78039,Malignant cells
78040,78040,Hepatocytes
78041,78041,Malignant cells
78042,78042,Malignant cells
78043,78043,Hepatocytes
78044,78044,Hepatocytes
78045,78045,Hepatocytes
78046,78046,Malignant cells
78047,78047,Malignant cells
78048,78048,Malignant cells
78049,78049,Hepatocytes
78050,78050,Hepatocytes
78051,78051,Malignant cells
78052,78052,T cells
78053,78053,Malignant cells
78054,78054,Malignant cells
78055,78055,Malignant cells
78056,78056,Malignant cells
78057,78057,Malignant cells
78058,78058,Malignant cells
78059,78059,Hepatocytes
78060,78060,Hepatocytes
78061,78061,TAMs
78062,78062,Malignant cells
78063,78063,Hepatocytes
78064,78064,Malignant cells
78065,78065,Hepatocytes
78066,78066,Malignant cells
78067,78067,Hepatocytes
78068,78068,Malignant cells
78069,78069,Malignant cells
78070,78070,Hepatocytes
78071,78071,Malignant cells
78072,78072,Hepatocytes
78073,78073,Malignant cells
78074,78074,Hepatocytes
78075,78075,Hepatocytes
78076,78076,Malignant cells
78077,78077,TECs
78078,78078,T cells
78079,78079,Malignant cells
78080,78080,Malignant cells
78081,78081,TECs
78082,78082,TECs
78083,78083,TAMs
78084,78084,Malignant cells
78085,78085,TECs
78086,78086,Hepatocytes
78087,78087,TAMs
78088,78088,Hepatocytes
78089,78089,T cells
78090,78090,TECs
78091,78091,CAFs
78092,78092,TECs
78093,78093,T cells
78094,78094,TECs
78095,78095,Monocytes
78096,78096,Malignant cells
78097,78097,TECs
78098,78098,TECs
78099,78099,T cells
78100,78100,Malignant cells
78101,78101,TECs
78102,78102,CAFs
78103,78103,CAFs
78104,78104,CAFs
78105,78105,Dendritic cells
78106,78106,CAFs
78107,78107,T cells
78108,78108,CAFs
78109,78109,CAFs
78110,78110,Neutrophils
78111,78111,CAFs
78112,78112,CAFs
78113,78113,Hepatocytes
78114,78114,CAFs
78115,78115,CAFs
78116,78116,CAFs
78117,78117,Hepatocytes
78118,78118,CAFs
78119,78119,Hepatocytes
78120,78120,TECs
78121,78121,TECs
78122,78122,TAMs
78123,78123,Malignant cells
78124,78124,Malignant cells
78125,78125,Malignant cells
78126,78126,Malignant cells
78127,78127,Malignant cells
78128,78128,Malignant cells
78129,78129,Hepatocytes
78130,78130,Malignant cells
78131,78131,Malignant cells
78132,78132,Malignant cells
78133,78133,Malignant cells
78134,78134,Malignant cells
78135,78135,Malignant cells
78136,78136,Malignant cells
78137,78137,Malignant cells
78138,78138,Malignant cells
78139,78139,Malignant cells
78140,78140,TAMs
78141,78141,CAFs
78142,78142,TECs
78143,78143,CAFs
78144,78144,TECs
78145,78145,TECs
78146,78146,TECs
78147,78147,Malignant cells
78148,78148,Malignant cells
78149,78149,Malignant cells
78150,78150,Malignant cells
78151,78151,Malignant cells
78152,78152,Hepatocytes
78153,78153,Malignant cells
78154,78154,Hepatocytes
78155,78155,Malignant cells
78156,78156,Malignant cells
78157,78157,Malignant cells
78158,78158,Malignant cells
78159,78159,TECs
78160,78160,Malignant cells
78161,78161,TECs
78162,78162,Malignant cells
78163,78163,Hepatocytes
78164,78164,CAFs
78165,78165,Malignant cells
78166,78166,Malignant cells
78167,78167,Malignant cells
78168,78168,Malignant cells
78169,78169,Malignant cells
78170,78170,Malignant cells
78171,78171,Hepatocytes
78172,78172,Hepatocytes
78173,78173,Malignant cells
78174,78174,TAMs
78175,78175,Malignant cells
78176,78176,Malignant cells
78177,78177,CAFs
78178,78178,Hepatocytes
78179,78179,Malignant cells
78180,78180,Malignant cells
78181,78181,Malignant cells
78182,78182,Malignant cells
78183,78183,Malignant cells
78184,78184,TECs
78185,78185,Hepatocytes
78186,78186,Hepatocytes
78187,78187,Malignant cells
78188,78188,Malignant cells
78189,78189,Hepatocytes
78190,78190,Malignant cells
78191,78191,Malignant cells
78192,78192,Malignant cells
78193,78193,Malignant cells
78194,78194,Malignant cells
78195,78195,Malignant cells
78196,78196,Malignant cells
78197,78197,Hepatocytes
78198,78198,Malignant cells
78199,78199,Malignant cells
78200,78200,Hepatocytes
78201,78201,Hepatocytes
78202,78202,Malignant cells
78203,78203,Malignant cells
78204,78204,Malignant cells
78205,78205,TECs
78206,78206,Malignant cells
78207,78207,Malignant cells
78208,78208,Hepatocytes
78209,78209,Malignant cells
78210,78210,Hepatocytes
78211,78211,Hepatocytes
78212,78212,Hepatocytes
78213,78213,Hepatocytes
78214,78214,Malignant cells
78215,78215,Malignant cells
78216,78216,TAMs
78217,78217,Malignant cells
78218,78218,T cells
78219,78219,Malignant cells
78220,78220,Malignant cells
78221,78221,Malignant cells
78222,78222,Malignant cells
78223,78223,CAFs
78224,78224,Hepatocytes
78225,78225,Malignant cells
78226,78226,CAFs
78227,78227,Malignant cells
78228,78228,Hepatocytes
78229,78229,Malignant cells
78230,78230,T cells
78231,78231,Malignant cells
78232,78232,Malignant cells
78233,78233,CAFs
78234,78234,Malignant cells
78235,78235,Hepatocytes
78236,78236,Malignant cells
78237,78237,Malignant cells
78238,78238,CAFs
78239,78239,Malignant cells
78240,78240,CAFs
78241,78241,TECs
78242,78242,Malignant cells
78243,78243,Malignant cells
78244,78244,Malignant cells
78245,78245,Malignant cells
78246,78246,Malignant cells
78247,78247,Malignant cells
78248,78248,Hepatocytes
78249,78249,Malignant cells
78250,78250,Hepatocytes
78251,78251,Hepatocytes
78252,78252,Hepatocytes
78253,78253,CAFs
78254,78254,Malignant cells
78255,78255,Malignant cells
78256,78256,Malignant cells
78257,78257,TECs
78258,78258,Hepatocytes
78259,78259,Malignant cells
78260,78260,CAFs
78261,78261,Malignant cells
78262,78262,Malignant cells
78263,78263,Malignant cells
78264,78264,Hepatocytes
78265,78265,Hepatocytes
78266,78266,Malignant cells
78267,78267,Malignant cells
78268,78268,Malignant cells
78269,78269,Malignant cells
78270,78270,Hepatocytes
78271,78271,Malignant cells
78272,78272,Malignant cells
78273,78273,Hepatocytes
78274,78274,Malignant cells
78275,78275,Malignant cells
78276,78276,Malignant cells
78277,78277,Malignant cells
78278,78278,Hepatocytes
78279,78279,Malignant cells
78280,78280,Hepatocytes
78281,78281,Malignant cells
78282,78282,Malignant cells
78283,78283,Malignant cells
78284,78284,Malignant cells
78285,78285,Malignant cells
78286,78286,Malignant cells
78287,78287,Malignant cells
78288,78288,Malignant cells
78289,78289,Malignant cells
78290,78290,Malignant cells
78291,78291,Malignant cells
78292,78292,Malignant cells
78293,78293,Malignant cells
78294,78294,Hepatocytes
78295,78295,Malignant cells
78296,78296,Malignant cells
78297,78297,CAFs
78298,78298,TECs
78299,78299,Malignant cells
78300,78300,Malignant cells
78301,78301,Malignant cells
78302,78302,Malignant cells
78303,78303,Hepatocytes
78304,78304,CAFs
78305,78305,Malignant cells
78306,78306,Malignant cells
78307,78307,TECs
78308,78308,Hepatocytes
78309,78309,Malignant cells
78310,78310,Malignant cells
78311,78311,Hepatocytes
78312,78312,Hepatocytes
78313,78313,Malignant cells
78314,78314,Malignant cells
78315,78315,Hepatocytes
78316,78316,Malignant cells
78317,78317,Malignant cells
78318,78318,Hepatocytes
78319,78319,Malignant cells
78320,78320,Malignant cells
78321,78321,CAFs
78322,78322,Malignant cells
78323,78323,Malignant cells
78324,78324,Malignant cells
78325,78325,Malignant cells
78326,78326,CAFs
78327,78327,Malignant cells
78328,78328,Malignant cells
78329,78329,Malignant cells
78330,78330,CAFs
78331,78331,Malignant cells
78332,78332,Malignant cells
78333,78333,Malignant cells
78334,78334,CAFs
78335,78335,TECs
78336,78336,Malignant cells
78337,78337,Hepatocytes
78338,78338,Malignant cells
78339,78339,Malignant cells
78340,78340,Hepatocytes
78341,78341,CAFs
78342,78342,CAFs
78343,78343,Malignant cells
78344,78344,Hepatocytes
78345,78345,Malignant cells
78346,78346,Hepatocytes
78347,78347,Malignant cells
78348,78348,Malignant cells
78349,78349,Malignant cells
78350,78350,Malignant cells
78351,78351,CAFs
78352,78352,CAFs
78353,78353,CAFs
78354,78354,TAMs
78355,78355,CAFs
78356,78356,T cells
78357,78357,Hepatocytes
78358,78358,CAFs
78359,78359,CAFs
78360,78360,Hepatocytes
78361,78361,T cells
78362,78362,CAFs
78363,78363,T cells
78364,78364,CAFs
78365,78365,CAFs
78366,78366,TAMs
78367,78367,CAFs
78368,78368,CAFs
78369,78369,Malignant cells
78370,78370,CAFs
78371,78371,CAFs
78372,78372,Hepatocytes
78373,78373,CAFs
78374,78374,CAFs
78375,78375,CAFs
78376,78376,CAFs
78377,78377,CAFs
78378,78378,CAFs
78379,78379,CAFs
78380,78380,CAFs
78381,78381,CAFs
78382,78382,CAFs
78383,78383,CAFs
78384,78384,CAFs
78385,78385,CAFs
78386,78386,CAFs
78387,78387,CAFs
78388,78388,Malignant cells
78389,78389,CAFs
78390,78390,CAFs
78391,78391,T cells
78392,78392,CAFs
78393,78393,Malignant cells
78394,78394,CAFs
78395,78395,Malignant cells
78396,78396,CAFs
78397,78397,CAFs
78398,78398,Hepatocytes
78399,78399,Hepatocytes
78400,78400,CAFs
78401,78401,Hepatocytes
78402,78402,TAMs
78403,78403,Malignant cells
78404,78404,Malignant cells
78405,78405,Malignant cells
78406,78406,CAFs
78407,78407,CAFs
78408,78408,Malignant cells
78409,78409,Malignant cells
78410,78410,Malignant cells
78411,78411,CAFs
78412,78412,TAMs
78413,78413,Malignant cells
78414,78414,Malignant cells
78415,78415,Hepatocytes
78416,78416,Malignant cells
78417,78417,TECs
78418,78418,Malignant cells
78419,78419,TECs
78420,78420,TECs
78421,78421,CAFs
78422,78422,Malignant cells
78423,78423,Malignant cells
78424,78424,Hepatocytes
78425,78425,Hepatocytes
78426,78426,TECs
78427,78427,TECs
78428,78428,Hepatocytes
78429,78429,Malignant cells
78430,78430,TECs
78431,78431,Hepatocytes
78432,78432,Malignant cells
78433,78433,Malignant cells
78434,78434,Hepatocytes
78435,78435,Malignant cells
78436,78436,Malignant cells
78437,78437,CAFs
78438,78438,CAFs
78439,78439,CAFs
78440,78440,CAFs
78441,78441,Malignant cells
78442,78442,Malignant cells
78443,78443,Malignant cells
78444,78444,TECs
78445,78445,TECs
78446,78446,Malignant cells
78447,78447,TAMs
78448,78448,TECs
78449,78449,Malignant cells
78450,78450,TECs
78451,78451,Malignant cells
78452,78452,Malignant cells
78453,78453,CAFs
78454,78454,Malignant cells
78455,78455,Malignant cells
78456,78456,Malignant cells
78457,78457,Malignant cells
78458,78458,Malignant cells
78459,78459,Malignant cells
78460,78460,TECs
78461,78461,TECs
78462,78462,Hepatocytes
78463,78463,Malignant cells
78464,78464,Malignant cells
78465,78465,Malignant cells
78466,78466,Malignant cells
78467,78467,Malignant cells
78468,78468,Malignant cells
78469,78469,Malignant cells
78470,78470,Malignant cells
78471,78471,TECs
78472,78472,Malignant cells
78473,78473,Cholangiocytes
78474,78474,Malignant cells
78475,78475,Hepatocytes
78476,78476,Malignant cells
78477,78477,Malignant cells
78478,78478,Hepatocytes
78479,78479,CAFs
78480,78480,Malignant cells
78481,78481,Malignant cells
78482,78482,CAFs
78483,78483,TECs
78484,78484,Hepatocytes
78485,78485,Hepatocytes
78486,78486,CAFs
78487,78487,Hepatocytes
78488,78488,Hepatocytes
78489,78489,Malignant cells
78490,78490,Malignant cells
78491,78491,Hepatocytes
78492,78492,Malignant cells
78493,78493,Malignant cells
78494,78494,Malignant cells
78495,78495,TECs
78496,78496,Malignant cells
78497,78497,Malignant cells
78498,78498,TECs
78499,78499,Malignant cells
78500,78500,Malignant cells
78501,78501,T cells
78502,78502,Malignant cells
78503,78503,TECs
78504,78504,TECs
78505,78505,Malignant cells
78506,78506,Hepatocytes
78507,78507,Malignant cells
78508,78508,CAFs
78509,78509,Malignant cells
78510,78510,Malignant cells
78511,78511,Hepatocytes
78512,78512,Malignant cells
78513,78513,Malignant cells
78514,78514,Malignant cells
78515,78515,Hepatocytes
78516,78516,Malignant cells
78517,78517,Malignant cells
78518,78518,Malignant cells
78519,78519,Hepatocytes
78520,78520,CAFs
78521,78521,Malignant cells
78522,78522,Malignant cells
78523,78523,Malignant cells
78524,78524,Malignant cells
78525,78525,Malignant cells
78526,78526,Hepatocytes
78527,78527,CAFs
78528,78528,Malignant cells
78529,78529,Malignant cells
78530,78530,Malignant cells
78531,78531,Malignant cells
78532,78532,Malignant cells
78533,78533,Malignant cells
78534,78534,Hepatocytes
78535,78535,Malignant cells
78536,78536,Malignant cells
78537,78537,Malignant cells
78538,78538,Malignant cells
78539,78539,TECs
78540,78540,CAFs
78541,78541,Malignant cells
78542,78542,Malignant cells
78543,78543,Hepatocytes
78544,78544,Malignant cells
78545,78545,Malignant cells
78546,78546,Malignant cells
78547,78547,TECs
78548,78548,CAFs
78549,78549,Malignant cells
78550,78550,Malignant cells
78551,78551,Malignant cells
78552,78552,Malignant cells
78553,78553,Hepatocytes
78554,78554,Hepatocytes
78555,78555,Malignant cells
78556,78556,Malignant cells
78557,78557,Hepatocytes
78558,78558,Malignant cells
78559,78559,CAFs
78560,78560,CAFs
78561,78561,Smooth muscle cells
78562,78562,Hepatocytes
78563,78563,Hepatocytes
78564,78564,Malignant cells
78565,78565,Hepatocytes
78566,78566,Malignant cells
78567,78567,Hepatocytes
78568,78568,Hepatocytes
78569,78569,Hepatocytes
78570,78570,Malignant cells
78571,78571,TECs
78572,78572,Malignant cells
78573,78573,CAFs
78574,78574,Malignant cells
78575,78575,Malignant cells
78576,78576,Malignant cells
78577,78577,Hepatocytes
78578,78578,Hepatocytes
78579,78579,Malignant cells
78580,78580,Malignant cells
78581,78581,Malignant cells
78582,78582,Hepatocytes
78583,78583,Hepatocytes
78584,78584,TECs
78585,78585,Malignant cells
78586,78586,Hepatocytes
78587,78587,Malignant cells
78588,78588,Malignant cells
78589,78589,Malignant cells
78590,78590,Hepatocytes
78591,78591,Malignant cells
78592,78592,Malignant cells
78593,78593,Malignant cells
78594,78594,Malignant cells
78595,78595,Malignant cells
78596,78596,TAMs
78597,78597,TAMs
78598,78598,Malignant cells
78599,78599,Hepatocytes
78600,78600,TAMs
78601,78601,Malignant cells
78602,78602,Malignant cells
78603,78603,Malignant cells
78604,78604,Malignant cells
78605,78605,Malignant cells
78606,78606,Malignant cells
78607,78607,TECs
78608,78608,Malignant cells
78609,78609,Malignant cells
78610,78610,TAMs
78611,78611,Malignant cells
78612,78612,CAFs
78613,78613,TECs
78614,78614,CAFs
78615,78615,CAFs
78616,78616,CAFs
78617,78617,Mast cells
78618,78618,Malignant cells
78619,78619,TECs
78620,78620,Malignant cells
78621,78621,TECs
78622,78622,CAFs
78623,78623,TECs
78624,78624,T cells
78625,78625,Malignant cells
78626,78626,Malignant cells
78627,78627,Malignant cells
78628,78628,Hepatocytes
78629,78629,Malignant cells
78630,78630,TECs
78631,78631,Malignant cells
78632,78632,TECs
78633,78633,CAFs
78634,78634,Malignant cells
78635,78635,Plasma cells
78636,78636,Plasma cells
78637,78637,CAFs
78638,78638,CAFs
78639,78639,TECs
78640,78640,TECs
78641,78641,TECs
78642,78642,TECs
78643,78643,CAFs
78644,78644,TECs
78645,78645,Malignant cells
78646,78646,TECs
78647,78647,CAFs
78648,78648,Malignant cells
78649,78649,TECs
78650,78650,TECs
78651,78651,TECs
78652,78652,Malignant cells
78653,78653,Hepatocytes
78654,78654,Malignant cells
78655,78655,TECs
78656,78656,Hepatocytes
78657,78657,GMPs
78658,78658,Malignant cells
78659,78659,Malignant cells
78660,78660,Malignant cells
78661,78661,TECs
78662,78662,Malignant cells
78663,78663,Malignant cells
78664,78664,Malignant cells
78665,78665,Malignant cells
78666,78666,Malignant cells
78667,78667,Hepatocytes
78668,78668,Malignant cells
78669,78669,Hepatocytes
78670,78670,Hepatocytes
78671,78671,Malignant cells
78672,78672,Malignant cells
78673,78673,TECs
78674,78674,Hepatocytes
78675,78675,Malignant cells
78676,78676,CAFs
78677,78677,Malignant cells
78678,78678,Malignant cells
78679,78679,Malignant cells
78680,78680,Hepatocytes
78681,78681,Hepatocytes
78682,78682,Malignant cells
78683,78683,Hepatocytes
78684,78684,T cells
78685,78685,Malignant cells
78686,78686,Hepatocytes
78687,78687,TECs
78688,78688,TECs
78689,78689,Malignant cells
78690,78690,TECs
78691,78691,Malignant cells
78692,78692,Malignant cells
78693,78693,Malignant cells
78694,78694,Hepatocytes
78695,78695,Hepatocytes
78696,78696,Hepatocytes
78697,78697,Malignant cells
78698,78698,Hepatocytes
78699,78699,CAFs
78700,78700,CAFs
78701,78701,Malignant cells
78702,78702,Hepatocytes
78703,78703,TECs
78704,78704,CAFs
78705,78705,Malignant cells
78706,78706,Hepatocytes
78707,78707,Malignant cells
78708,78708,TECs
78709,78709,Hepatocytes
78710,78710,TECs
78711,78711,Hepatocytes
78712,78712,Hepatocytes
78713,78713,Malignant cells
78714,78714,Malignant cells
78715,78715,Dendritic cells
78716,78716,TECs
78717,78717,TECs
78718,78718,TECs
78719,78719,CAFs
78720,78720,CAFs
78721,78721,Malignant cells
78722,78722,CAFs
78723,78723,Hepatocytes
78724,78724,Hepatocytes
78725,78725,Hepatocytes
78726,78726,Malignant cells
78727,78727,Malignant cells
78728,78728,Hepatocytes
78729,78729,T cells
78730,78730,Malignant cells
78731,78731,Hepatocytes
78732,78732,CAFs
78733,78733,Malignant cells
78734,78734,CAFs
78735,78735,Malignant cells
78736,78736,Hepatocytes
78737,78737,TECs
78738,78738,TECs
78739,78739,Malignant cells
78740,78740,Malignant cells
78741,78741,Malignant cells
78742,78742,Hepatocytes
78743,78743,Hepatocytes
78744,78744,TECs
78745,78745,Malignant cells
78746,78746,Malignant cells
78747,78747,Hepatocytes
78748,78748,Malignant cells
78749,78749,Malignant cells
78750,78750,Malignant cells
78751,78751,Hepatocytes
78752,78752,TAMs
78753,78753,Hepatocytes
78754,78754,TECs
78755,78755,Malignant cells
78756,78756,Malignant cells
78757,78757,TECs
78758,78758,Malignant cells
78759,78759,Malignant cells
78760,78760,Hepatocytes
78761,78761,CAFs
78762,78762,Hepatocytes
78763,78763,Malignant cells
78764,78764,TAMs
78765,78765,Malignant cells
78766,78766,Hepatocytes
78767,78767,NK cells
78768,78768,Hepatocytes
78769,78769,Hepatocytes
78770,78770,Malignant cells
78771,78771,Malignant cells
78772,78772,Hepatocytes
78773,78773,TECs
78774,78774,CAFs
78775,78775,Hepatocytes
78776,78776,Malignant cells
78777,78777,TECs
78778,78778,Malignant cells
78779,78779,Malignant cells
78780,78780,Hepatocytes
78781,78781,Malignant cells
78782,78782,Hepatocytes
78783,78783,Malignant cells
78784,78784,TAMs
78785,78785,Malignant cells
78786,78786,Malignant cells
78787,78787,Malignant cells
78788,78788,CAFs
78789,78789,Malignant cells
78790,78790,Malignant cells
78791,78791,Malignant cells
78792,78792,Malignant cells
78793,78793,Hepatocytes
78794,78794,TAMs
78795,78795,Malignant cells
78796,78796,TAMs
78797,78797,CAFs
78798,78798,Hepatocytes
78799,78799,Hepatocytes
78800,78800,T cells
78801,78801,Malignant cells
78802,78802,NK cells
78803,78803,Hepatocytes
78804,78804,Malignant cells
78805,78805,Malignant cells
78806,78806,Malignant cells
78807,78807,Malignant cells
78808,78808,Malignant cells
78809,78809,Malignant cells
78810,78810,CAFs
78811,78811,Malignant cells
78812,78812,Malignant cells
78813,78813,Malignant cells
78814,78814,Dendritic cells
78815,78815,Plasma cells
78816,78816,Malignant cells
78817,78817,Malignant cells
78818,78818,CAFs
78819,78819,T cells
78820,78820,CAFs
78821,78821,CAFs
78822,78822,T cells
78823,78823,T cells
78824,78824,T cells
78825,78825,TECs
78826,78826,T cells
78827,78827,T cells
78828,78828,CAFs
78829,78829,TECs
78830,78830,TECs
78831,78831,Hepatocytes
78832,78832,B cells
78833,78833,T cells
78834,78834,CAFs
78835,78835,CAFs
78836,78836,TAMs
78837,78837,CAFs
78838,78838,CAFs
78839,78839,CAFs
78840,78840,TECs
78841,78841,CAFs
78842,78842,CAFs
78843,78843,Malignant cells
78844,78844,Malignant cells
78845,78845,CAFs
78846,78846,T cells
78847,78847,T cells
78848,78848,Hepatocytes
78849,78849,Hepatocytes
78850,78850,Hepatocytes
78851,78851,Hepatocytes
78852,78852,Hepatocytes
78853,78853,Hepatocytes
78854,78854,Malignant cells
78855,78855,Malignant cells
78856,78856,CAFs
78857,78857,TAMs
78858,78858,TECs
78859,78859,Hepatocytes
78860,78860,Neutrophils
78861,78861,TECs
78862,78862,Hepatocytes
78863,78863,Malignant cells
78864,78864,TAMs
78865,78865,Malignant cells
78866,78866,TAMs
78867,78867,CAFs
78868,78868,Malignant cells
78869,78869,CAFs
78870,78870,CAFs
78871,78871,Hepatocytes
78872,78872,CAFs
78873,78873,Malignant cells
78874,78874,TAMs
78875,78875,TECs
78876,78876,TAMs
78877,78877,Hepatocytes
78878,78878,Hepatocytes
78879,78879,Hepatocytes
78880,78880,CAFs
78881,78881,Hepatocytes
78882,78882,TAMs
78883,78883,Hepatocytes
78884,78884,Malignant cells
78885,78885,Malignant cells
78886,78886,CAFs
78887,78887,Malignant cells
78888,78888,Malignant cells
78889,78889,Hepatocytes
78890,78890,Hepatocytes
78891,78891,Malignant cells
78892,78892,CAFs
78893,78893,Hepatocytes
78894,78894,Malignant cells
78895,78895,Malignant cells
78896,78896,CAFs
78897,78897,TECs
78898,78898,Hepatocytes
78899,78899,CAFs
78900,78900,Hepatocytes
78901,78901,Hepatocytes
78902,78902,Malignant cells
78903,78903,T cells
78904,78904,TECs
78905,78905,Hepatocytes
78906,78906,Malignant cells
78907,78907,Hepatocytes
78908,78908,Malignant cells
78909,78909,CAFs
78910,78910,CAFs
78911,78911,CAFs
78912,78912,TAMs
78913,78913,CAFs
78914,78914,CAFs
78915,78915,TAMs
78916,78916,CAFs
78917,78917,CAFs
78918,78918,CAFs
78919,78919,CAFs
78920,78920,CAFs
78921,78921,CAFs
78922,78922,CAFs
78923,78923,CAFs
78924,78924,TECs
78925,78925,TECs
78926,78926,NK cells
78927,78927,T cells
78928,78928,CAFs
78929,78929,TECs
78930,78930,TECs
78931,78931,TECs
78932,78932,TECs
78933,78933,TAMs
78934,78934,TECs
78935,78935,TECs
78936,78936,CAFs
78937,78937,TECs
78938,78938,T cells
78939,78939,Malignant cells
78940,78940,Malignant cells
78941,78941,TECs
78942,78942,CAFs
78943,78943,CAFs
78944,78944,TECs
78945,78945,CAFs
78946,78946,CAFs
78947,78947,Malignant cells
78948,78948,CAFs
78949,78949,CAFs
78950,78950,CAFs
78951,78951,Malignant cells
78952,78952,CAFs
78953,78953,CAFs
78954,78954,CAFs
78955,78955,Malignant cells
78956,78956,CAFs
78957,78957,CAFs
78958,78958,CAFs
78959,78959,TECs
78960,78960,Malignant cells
78961,78961,Malignant cells
78962,78962,CAFs
78963,78963,TECs
78964,78964,Dendritic cells
78965,78965,CAFs
78966,78966,CAFs
78967,78967,Hepatocytes
78968,78968,CAFs
78969,78969,TECs
78970,78970,Hepatocytes
78971,78971,Malignant cells
78972,78972,CAFs
78973,78973,CAFs
78974,78974,TAMs
78975,78975,CAFs
78976,78976,CAFs
78977,78977,TECs
78978,78978,CAFs
78979,78979,CAFs
78980,78980,CAFs
78981,78981,Malignant cells
78982,78982,Malignant cells
78983,78983,TAMs
78984,78984,TECs
78985,78985,Malignant cells
78986,78986,CAFs
78987,78987,CAFs
78988,78988,Malignant cells
78989,78989,Hepatocytes
78990,78990,Hepatocytes
78991,78991,T cells
78992,78992,TECs
78993,78993,Malignant cells
78994,78994,Malignant cells
78995,78995,Hepatocytes
78996,78996,Hepatocytes
78997,78997,Malignant cells
78998,78998,TAMs
78999,78999,Malignant cells
79000,79000,TECs
79001,79001,Malignant cells
79002,79002,Hepatocytes
79003,79003,Hepatocytes
79004,79004,TAMs
79005,79005,TECs
79006,79006,CAFs
79007,79007,TAMs
79008,79008,CAFs
79009,79009,CAFs
79010,79010,CAFs
79011,79011,TECs
79012,79012,TECs
79013,79013,TECs
79014,79014,CAFs
79015,79015,T cells
79016,79016,Hepatocytes
79017,79017,TECs
79018,79018,TECs
79019,79019,TECs
79020,79020,Hepatocytes
79021,79021,CAFs
79022,79022,TECs
79023,79023,TAMs
79024,79024,CAFs
79025,79025,Hepatocytes
79026,79026,Hepatocytes
79027,79027,Malignant cells
79028,79028,CAFs
79029,79029,Hepatocytes
79030,79030,Hepatocytes
79031,79031,Hepatocytes
79032,79032,T cells
79033,79033,Malignant cells
79034,79034,TECs
79035,79035,CAFs
79036,79036,Malignant cells
79037,79037,CAFs
79038,79038,Malignant cells
79039,79039,CAFs
79040,79040,TECs
79041,79041,CAFs
79042,79042,Malignant cells
79043,79043,CAFs
79044,79044,CAFs
79045,79045,TECs
79046,79046,TAMs
79047,79047,CAFs
79048,79048,Hepatocytes
79049,79049,Hepatocytes
79050,79050,Hepatocytes
79051,79051,CAFs
79052,79052,Malignant cells
79053,79053,Malignant cells
79054,79054,TECs
79055,79055,Malignant cells
79056,79056,TAMs
79057,79057,CAFs
79058,79058,CAFs
79059,79059,CAFs
79060,79060,Hepatocytes
79061,79061,Malignant cells
79062,79062,Malignant cells
79063,79063,TECs
79064,79064,CAFs
79065,79065,CAFs
79066,79066,TECs
79067,79067,Malignant cells
79068,79068,CAFs
79069,79069,CAFs
79070,79070,Malignant cells
79071,79071,Malignant cells
79072,79072,Malignant cells
79073,79073,CAFs
79074,79074,TECs
79075,79075,CAFs
79076,79076,CAFs
79077,79077,CAFs
79078,79078,CAFs
79079,79079,CAFs
79080,79080,CAFs
79081,79081,CAFs
79082,79082,CAFs
79083,79083,Hepatocytes
79084,79084,Malignant cells
79085,79085,Hepatocytes
79086,79086,Malignant cells
79087,79087,Malignant cells
79088,79088,CAFs
79089,79089,TECs
79090,79090,Hepatocytes
79091,79091,Malignant cells
79092,79092,CAFs
79093,79093,Hepatocytes
79094,79094,Malignant cells
79095,79095,Malignant cells
79096,79096,Cholangiocytes
79097,79097,Hepatocytes
79098,79098,CAFs
79099,79099,CAFs
79100,79100,CAFs
79101,79101,CAFs
79102,79102,TAMs
79103,79103,TAMs
79104,79104,CAFs
79105,79105,TECs
79106,79106,TECs
79107,79107,CAFs
79108,79108,CAFs
79109,79109,CAFs
79110,79110,CAFs
79111,79111,CAFs
79112,79112,TECs
79113,79113,CAFs
79114,79114,CAFs
79115,79115,TECs
79116,79116,CAFs
79117,79117,CAFs
79118,79118,CAFs
79119,79119,B cells
79120,79120,NK cells
79121,79121,CAFs
79122,79122,T cells
79123,79123,Stellate cells
79124,79124,CAFs
79125,79125,Malignant cells
79126,79126,Malignant cells
79127,79127,TAMs
79128,79128,Malignant cells
79129,79129,TAMs
79130,79130,Malignant cells
79131,79131,CAFs
79132,79132,TECs
79133,79133,Malignant cells
79134,79134,Malignant cells
79135,79135,B cells
79136,79136,TECs
79137,79137,Malignant cells
79138,79138,TECs
79139,79139,CAFs
79140,79140,Hepatocytes
79141,79141,Dendritic cells
79142,79142,Malignant cells
79143,79143,CAFs
79144,79144,Hepatocytes
79145,79145,CAFs
79146,79146,Malignant cells
79147,79147,Hepatocytes
79148,79148,Hepatocytes
79149,79149,Malignant cells
79150,79150,Hepatocytes
79151,79151,Malignant cells
79152,79152,Hepatocytes
79153,79153,TAMs
79154,79154,Monocytes
79155,79155,Malignant cells
79156,79156,CAFs
79157,79157,TECs
79158,79158,Hepatocytes
79159,79159,CAFs
79160,79160,Malignant cells
79161,79161,Hepatocytes
79162,79162,CAFs
79163,79163,Malignant cells
79164,79164,Malignant cells
79165,79165,Hepatocytes
79166,79166,Hepatocytes
79167,79167,CAFs
79168,79168,TECs
79169,79169,Malignant cells
79170,79170,Malignant cells
79171,79171,TECs
79172,79172,CAFs
79173,79173,Hepatocytes
79174,79174,Hepatocytes
79175,79175,TECs
79176,79176,TECs
79177,79177,Malignant cells
79178,79178,Malignant cells
79179,79179,TAMs
79180,79180,Malignant cells
79181,79181,Malignant cells
79182,79182,CAFs
79183,79183,CAFs
79184,79184,Malignant cells
79185,79185,Malignant cells
79186,79186,Malignant cells
79187,79187,Malignant cells
79188,79188,CAFs
79189,79189,Malignant cells
79190,79190,TECs
79191,79191,Malignant cells
79192,79192,Hepatocytes
79193,79193,Hepatocytes
79194,79194,Malignant cells
79195,79195,Hepatocytes
79196,79196,Hepatocytes
79197,79197,CAFs
79198,79198,CAFs
79199,79199,CAFs
79200,79200,CAFs
79201,79201,CAFs
79202,79202,CAFs
79203,79203,CAFs
79204,79204,CAFs
79205,79205,T cells
79206,79206,CAFs
79207,79207,CAFs
79208,79208,CAFs
79209,79209,Hepatocytes
79210,79210,CAFs
79211,79211,CAFs
79212,79212,CAFs
79213,79213,CAFs
79214,79214,CAFs
79215,79215,CAFs
79216,79216,CAFs
79217,79217,CAFs
79218,79218,Malignant cells
79219,79219,CAFs
79220,79220,CAFs
79221,79221,CAFs
79222,79222,Hepatocytes
79223,79223,CAFs
79224,79224,CAFs
79225,79225,CAFs
79226,79226,CAFs
79227,79227,CAFs
79228,79228,CAFs
79229,79229,CAFs
79230,79230,CAFs
79231,79231,CAFs
79232,79232,CAFs
79233,79233,CAFs
79234,79234,CAFs
79235,79235,CAFs
79236,79236,Hepatocytes
79237,79237,CAFs
79238,79238,CAFs
79239,79239,B cells
79240,79240,CAFs
79241,79241,TECs
79242,79242,TAMs
79243,79243,CAFs
79244,79244,CAFs
79245,79245,CAFs
79246,79246,CAFs
79247,79247,CAFs
79248,79248,CAFs
79249,79249,CAFs
79250,79250,CAFs
79251,79251,CAFs
79252,79252,CAFs
79253,79253,TECs
79254,79254,CAFs
79255,79255,T cells
79256,79256,CAFs
79257,79257,CAFs
79258,79258,CAFs
79259,79259,Monocytes
79260,79260,CAFs
79261,79261,CAFs
79262,79262,CAFs
79263,79263,CAFs
79264,79264,Malignant cells
79265,79265,CAFs
79266,79266,Malignant cells
79267,79267,CAFs
79268,79268,CAFs
79269,79269,CAFs
79270,79270,TAMs
79271,79271,CAFs
79272,79272,CAFs
79273,79273,CAFs
79274,79274,CAFs
79275,79275,CAFs
79276,79276,CAFs
79277,79277,Mast cells
79278,79278,CAFs
79279,79279,TECs
79280,79280,TECs
79281,79281,CAFs
79282,79282,CAFs
79283,79283,TAMs
79284,79284,CAFs
79285,79285,CAFs
79286,79286,T cells
79287,79287,CAFs
79288,79288,CAFs
79289,79289,TECs
79290,79290,Malignant cells
79291,79291,B cells
79292,79292,CAFs
79293,79293,CAFs
79294,79294,CAFs
79295,79295,CAFs
79296,79296,CAFs
79297,79297,CAFs
79298,79298,CAFs
79299,79299,TAMs
79300,79300,CAFs
79301,79301,CAFs
79302,79302,CAFs
79303,79303,CAFs
79304,79304,CAFs
79305,79305,CAFs
79306,79306,TECs
79307,79307,CAFs
79308,79308,CAFs
79309,79309,CAFs
79310,79310,Dendritic cells
79311,79311,CAFs
79312,79312,CAFs
79313,79313,CAFs
79314,79314,CAFs
79315,79315,CAFs
79316,79316,CAFs
79317,79317,TECs
79318,79318,Malignant cells
79319,79319,TECs
79320,79320,TECs
79321,79321,CAFs
79322,79322,CAFs
79323,79323,CAFs
79324,79324,CAFs
79325,79325,CAFs
79326,79326,CAFs
79327,79327,CAFs
79328,79328,CAFs
79329,79329,CAFs
79330,79330,CAFs
79331,79331,CAFs
79332,79332,CAFs
79333,79333,CAFs
79334,79334,CAFs
79335,79335,CAFs
79336,79336,CAFs
79337,79337,T cells
79338,79338,CAFs
79339,79339,CAFs
79340,79340,B cells
79341,79341,CAFs
79342,79342,T cells
79343,79343,CAFs
79344,79344,Hepatocytes
79345,79345,CAFs
79346,79346,T cells
79347,79347,Malignant cells
79348,79348,CAFs
79349,79349,CAFs
79350,79350,CAFs
79351,79351,CAFs
79352,79352,Malignant cells
79353,79353,Hepatocytes
79354,79354,Malignant cells
79355,79355,T cells
79356,79356,Malignant cells
79357,79357,Hepatocytes
79358,79358,Hepatocytes
79359,79359,CAFs
79360,79360,CAFs
79361,79361,CAFs
79362,79362,Malignant cells
79363,79363,CAFs
79364,79364,CAFs
79365,79365,CAFs
79366,79366,CAFs
79367,79367,CAFs
79368,79368,CAFs
79369,79369,T cells
79370,79370,CAFs
79371,79371,TAMs
79372,79372,CAFs
79373,79373,Monocytes
79374,79374,TAMs
79375,79375,CAFs
79376,79376,CAFs
79377,79377,TAMs
79378,79378,CAFs
79379,79379,TECs
79380,79380,CAFs
79381,79381,TECs
79382,79382,Cholangiocytes
79383,79383,CAFs
79384,79384,Dendritic cells
79385,79385,TECs
79386,79386,CAFs
79387,79387,CAFs
79388,79388,CAFs
79389,79389,CAFs
79390,79390,CAFs
79391,79391,CAFs
79392,79392,CAFs
79393,79393,CAFs
79394,79394,CAFs
79395,79395,CAFs
79396,79396,CAFs
79397,79397,CAFs
79398,79398,CAFs
79399,79399,CAFs
79400,79400,CAFs
79401,79401,CAFs
79402,79402,CAFs
79403,79403,CAFs
79404,79404,CAFs
79405,79405,TECs
79406,79406,CAFs
79407,79407,CAFs
79408,79408,CAFs
79409,79409,CAFs
79410,79410,CAFs
79411,79411,CAFs
79412,79412,TECs
79413,79413,TECs
79414,79414,TECs
79415,79415,CAFs
79416,79416,CAFs
79417,79417,CAFs
79418,79418,TECs
79419,79419,CAFs
79420,79420,CAFs
79421,79421,CAFs
79422,79422,CAFs
79423,79423,CAFs
79424,79424,CAFs
79425,79425,NK cells
79426,79426,CAFs
79427,79427,Dendritic cells
79428,79428,CAFs
79429,79429,CAFs
79430,79430,CAFs
79431,79431,CAFs
79432,79432,CAFs
79433,79433,Hepatocytes
79434,79434,CAFs
79435,79435,CAFs
79436,79436,TECs
79437,79437,CAFs
79438,79438,CAFs
79439,79439,CAFs
79440,79440,CAFs
79441,79441,CAFs
79442,79442,CAFs
79443,79443,CAFs
79444,79444,CAFs
79445,79445,CAFs
79446,79446,Hepatocytes
79447,79447,CAFs
79448,79448,CAFs
79449,79449,CAFs
79450,79450,CAFs
79451,79451,CAFs
79452,79452,CAFs
79453,79453,CAFs
79454,79454,CAFs
79455,79455,CAFs
79456,79456,CAFs
79457,79457,CAFs
79458,79458,CAFs
79459,79459,CAFs
79460,79460,CAFs
79461,79461,CAFs
79462,79462,CAFs
79463,79463,CAFs
79464,79464,CAFs
79465,79465,CAFs
79466,79466,CAFs
79467,79467,TECs
79468,79468,NK cells
79469,79469,CAFs
79470,79470,CAFs
79471,79471,CAFs
79472,79472,CAFs
79473,79473,CAFs
79474,79474,CAFs
79475,79475,CAFs
79476,79476,Mast cells
79477,79477,Hepatocytes
79478,79478,TECs
79479,79479,TECs
79480,79480,Malignant cells
79481,79481,CAFs
79482,79482,CAFs
79483,79483,Cholangiocytes
79484,79484,Cholangiocytes
79485,79485,CAFs
79486,79486,CAFs
79487,79487,CAFs
79488,79488,CAFs
79489,79489,CAFs
79490,79490,CAFs
79491,79491,CAFs
79492,79492,CAFs
79493,79493,CAFs
79494,79494,CAFs
79495,79495,CAFs
79496,79496,CAFs
79497,79497,CAFs
79498,79498,CAFs
79499,79499,Hepatocytes
79500,79500,CAFs
79501,79501,CAFs
79502,79502,TECs
79503,79503,CAFs
79504,79504,CAFs
79505,79505,CAFs
79506,79506,CAFs
79507,79507,CAFs
79508,79508,CAFs
79509,79509,Hepatocytes
79510,79510,CAFs
79511,79511,CAFs
79512,79512,CAFs
79513,79513,TECs
79514,79514,T cells
79515,79515,CAFs
79516,79516,TECs
79517,79517,CAFs
79518,79518,TECs
79519,79519,Hepatocytes
79520,79520,CAFs
79521,79521,TECs
79522,79522,CAFs
79523,79523,TECs
79524,79524,CAFs
79525,79525,CAFs
79526,79526,Plasma cells
79527,79527,CAFs
79528,79528,CAFs
79529,79529,TECs
79530,79530,TECs
79531,79531,CAFs
79532,79532,T cells
79533,79533,CAFs
79534,79534,Hepatocytes
79535,79535,CAFs
79536,79536,CAFs
79537,79537,CAFs
79538,79538,CAFs
79539,79539,TECs
79540,79540,CAFs
79541,79541,Cholangiocytes
79542,79542,CAFs
79543,79543,CAFs
79544,79544,TAMs
79545,79545,Neutrophils
79546,79546,TECs
79547,79547,CAFs
79548,79548,TECs
79549,79549,TECs
79550,79550,TECs
79551,79551,TECs
79552,79552,CAFs
79553,79553,CAFs
79554,79554,CAFs
79555,79555,CAFs
79556,79556,CAFs
79557,79557,CAFs
79558,79558,Stellate cells
79559,79559,CAFs
79560,79560,CAFs
79561,79561,CAFs
79562,79562,CAFs
79563,79563,Hepatocytes
79564,79564,CAFs
79565,79565,CAFs
79566,79566,CAFs
79567,79567,CAFs
79568,79568,T cells
79569,79569,Hepatocytes
79570,79570,T cells
79571,79571,CAFs
79572,79572,CAFs
79573,79573,CAFs
79574,79574,CAFs
79575,79575,TECs
79576,79576,CAFs
79577,79577,Hepatocytes
79578,79578,Dendritic cells
79579,79579,TAMs
79580,79580,Hepatocytes
79581,79581,TECs
79582,79582,TECs
79583,79583,Hepatocytes
79584,79584,TAMs
79585,79585,TAMs
79586,79586,TECs
79587,79587,TECs
79588,79588,T cells
79589,79589,TECs
79590,79590,TECs
79591,79591,Hepatocytes
79592,79592,Mast cells
79593,79593,Cholangiocytes
79594,79594,Malignant cells
79595,79595,T cells
79596,79596,CAFs
79597,79597,TECs
79598,79598,T cells
79599,79599,Hepatocytes
79600,79600,B cells
79601,79601,Dendritic cells
79602,79602,TAMs
79603,79603,CAFs
79604,79604,TECs
79605,79605,T cells
79606,79606,TECs
79607,79607,Neutrophils
79608,79608,TAMs
79609,79609,T cells
79610,79610,CAFs
79611,79611,CAFs
79612,79612,TECs
79613,79613,T cells
79614,79614,Hepatocytes
79615,79615,TECs
79616,79616,T cells
79617,79617,CAFs
79618,79618,CAFs
79619,79619,TAMs
79620,79620,Monocytes
79621,79621,CAFs
79622,79622,T cells
79623,79623,CAFs
79624,79624,CAFs
79625,79625,CAFs
79626,79626,CAFs
79627,79627,TECs
79628,79628,CAFs
79629,79629,Hepatocytes
79630,79630,CAFs
79631,79631,TECs
79632,79632,TAMs
79633,79633,TECs
79634,79634,CAFs
79635,79635,CAFs
79636,79636,CAFs
79637,79637,CAFs
79638,79638,TAMs
79639,79639,Monocytes
79640,79640,Hepatocytes
79641,79641,CAFs
79642,79642,CAFs
79643,79643,TECs
79644,79644,T cells
79645,79645,TECs
79646,79646,Hepatocytes
79647,79647,Dendritic cells
79648,79648,Hepatocytes
79649,79649,Malignant cells
79650,79650,CAFs
79651,79651,Neutrophils
79652,79652,CAFs
79653,79653,CAFs
79654,79654,CAFs
79655,79655,CAFs
79656,79656,Hepatocytes
79657,79657,TECs
79658,79658,CAFs
79659,79659,TECs
79660,79660,T cells
79661,79661,CAFs
79662,79662,CAFs
79663,79663,T cells
79664,79664,CAFs
79665,79665,TECs
79666,79666,CAFs
79667,79667,Hepatocytes
79668,79668,Hepatocytes
79669,79669,CAFs
79670,79670,Hepatocytes
79671,79671,CAFs
79672,79672,CAFs
79673,79673,Hepatocytes
79674,79674,TECs
79675,79675,CAFs
79676,79676,TECs
79677,79677,TECs
79678,79678,TECs
79679,79679,TAMs
79680,79680,TECs
79681,79681,CAFs
79682,79682,T cells
79683,79683,B cells
79684,79684,CAFs
79685,79685,TECs
79686,79686,Hepatocytes
79687,79687,TECs
79688,79688,CAFs
79689,79689,Malignant cells
79690,79690,TECs
79691,79691,CAFs
79692,79692,CAFs
79693,79693,CAFs
79694,79694,TECs
79695,79695,Malignant cells
79696,79696,CAFs
79697,79697,TECs
79698,79698,TECs
79699,79699,TECs
79700,79700,CAFs
79701,79701,CAFs
79702,79702,CAFs
79703,79703,TAMs
79704,79704,Hepatocytes
79705,79705,CAFs
79706,79706,CAFs
79707,79707,Plasma cells
79708,79708,TAMs
79709,79709,T cells
79710,79710,B cells
79711,79711,TECs
79712,79712,T cells
79713,79713,TAMs
79714,79714,Cholangiocytes
79715,79715,Monocytes
79716,79716,CAFs
79717,79717,T cells
79718,79718,NK cells
79719,79719,Plasma cells
79720,79720,CAFs
79721,79721,B cells
79722,79722,TECs
79723,79723,B cells
79724,79724,TECs
79725,79725,CAFs
79726,79726,TAMs
79727,79727,NK cells
79728,79728,CAFs
79729,79729,CAFs
79730,79730,Malignant cells
79731,79731,Neutrophils
79732,79732,TECs
79733,79733,Hepatocytes
79734,79734,TAMs
79735,79735,TAMs
79736,79736,TECs
79737,79737,Monocytes
79738,79738,Hepatocytes
79739,79739,Hepatocytes
79740,79740,T cells
79741,79741,TAMs
79742,79742,Malignant cells
79743,79743,B cells
79744,79744,CAFs
79745,79745,Hepatocytes
79746,79746,Hepatocytes
79747,79747,T cells
79748,79748,Hepatocytes
79749,79749,CAFs
79750,79750,TAMs
79751,79751,CAFs
79752,79752,T cells
79753,79753,CAFs
79754,79754,Hepatocytes
79755,79755,Malignant cells
79756,79756,Cholangiocytes
79757,79757,CAFs
79758,79758,Malignant cells
79759,79759,Malignant cells
79760,79760,Malignant cells
79761,79761,Malignant cells
79762,79762,Malignant cells
79763,79763,Malignant cells
79764,79764,Malignant cells
79765,79765,Malignant cells
79766,79766,Malignant cells
79767,79767,Malignant cells
79768,79768,CAFs
79769,79769,CAFs
79770,79770,TECs
79771,79771,Malignant cells
79772,79772,TECs
79773,79773,Dendritic cells
79774,79774,CAFs
79775,79775,CAFs
79776,79776,TECs
79777,79777,Malignant cells
79778,79778,Malignant cells
79779,79779,TECs
79780,79780,CAFs
79781,79781,Malignant cells
79782,79782,Malignant cells
79783,79783,Malignant cells
79784,79784,Malignant cells
79785,79785,Malignant cells
79786,79786,TECs
79787,79787,Malignant cells
79788,79788,Hepatocytes
79789,79789,Malignant cells
79790,79790,Malignant cells
79791,79791,Malignant cells
79792,79792,Hepatocytes
79793,79793,Malignant cells
79794,79794,TECs
79795,79795,Malignant cells
79796,79796,Hepatocytes
79797,79797,Malignant cells
79798,79798,Malignant cells
79799,79799,CAFs
79800,79800,Malignant cells
79801,79801,Malignant cells
79802,79802,Hepatocytes
79803,79803,Malignant cells
79804,79804,TECs
79805,79805,TECs
79806,79806,Malignant cells
79807,79807,TECs
79808,79808,Malignant cells
79809,79809,TECs
79810,79810,Malignant cells
79811,79811,Malignant cells
79812,79812,Malignant cells
79813,79813,CAFs
79814,79814,Hepatocytes
79815,79815,CAFs
79816,79816,CAFs
79817,79817,TECs
79818,79818,CAFs
79819,79819,CAFs
79820,79820,CAFs
79821,79821,CAFs
79822,79822,CAFs
79823,79823,CAFs
79824,79824,CAFs
79825,79825,TECs
79826,79826,Neutrophils
79827,79827,CAFs
79828,79828,CAFs
79829,79829,TECs
79830,79830,CAFs
79831,79831,CAFs
79832,79832,CAFs
79833,79833,TECs
79834,79834,CAFs
79835,79835,TECs
79836,79836,TECs
79837,79837,Plasma cells
79838,79838,TECs
79839,79839,CAFs
79840,79840,CAFs
79841,79841,CAFs
79842,79842,CAFs
79843,79843,CAFs
79844,79844,CAFs
79845,79845,CAFs
79846,79846,CAFs
79847,79847,CAFs
79848,79848,CAFs
79849,79849,TECs
79850,79850,TECs
79851,79851,CAFs
79852,79852,TECs
79853,79853,CAFs
79854,79854,CAFs
79855,79855,CAFs
79856,79856,CAFs
79857,79857,CAFs
79858,79858,CAFs
79859,79859,CAFs
79860,79860,CAFs
79861,79861,CAFs
79862,79862,TECs
79863,79863,Malignant cells
79864,79864,Malignant cells
79865,79865,Malignant cells
79866,79866,Malignant cells
79867,79867,Malignant cells
79868,79868,Malignant cells
79869,79869,Malignant cells
79870,79870,Hepatocytes
79871,79871,Malignant cells
79872,79872,Malignant cells
79873,79873,Malignant cells
79874,79874,Malignant cells
79875,79875,Malignant cells
79876,79876,Malignant cells
79877,79877,TECs
79878,79878,Hepatocytes
79879,79879,Hepatocytes
79880,79880,Malignant cells
79881,79881,TAMs
79882,79882,CAFs
79883,79883,TAMs
79884,79884,Hepatocytes
79885,79885,CAFs
79886,79886,Hepatocytes
79887,79887,CAFs
79888,79888,CAFs
79889,79889,TAMs
79890,79890,CAFs
79891,79891,Malignant cells
79892,79892,Hepatocytes
79893,79893,Malignant cells
79894,79894,Malignant cells
79895,79895,Hepatocytes
79896,79896,Malignant cells
79897,79897,Malignant cells
79898,79898,Malignant cells
79899,79899,TECs
79900,79900,Malignant cells
79901,79901,Malignant cells
79902,79902,CAFs
79903,79903,Malignant cells
79904,79904,Malignant cells
79905,79905,Hepatocytes
79906,79906,CAFs
79907,79907,Hepatocytes
79908,79908,Malignant cells
79909,79909,Malignant cells
79910,79910,CAFs
79911,79911,Malignant cells
79912,79912,Malignant cells
79913,79913,CAFs
79914,79914,Malignant cells
79915,79915,Hepatocytes
79916,79916,TECs
79917,79917,Hepatocytes
79918,79918,CAFs
79919,79919,TAMs
79920,79920,CAFs
79921,79921,Malignant cells
79922,79922,CAFs
79923,79923,T cells
79924,79924,T cells
79925,79925,TECs
79926,79926,CAFs
79927,79927,Malignant cells
79928,79928,TAMs
79929,79929,CAFs
79930,79930,Hepatocytes
79931,79931,TECs
79932,79932,TECs
79933,79933,Malignant cells
79934,79934,TECs
79935,79935,CAFs
79936,79936,TECs
79937,79937,Malignant cells
79938,79938,Hepatocytes
79939,79939,Hepatocytes
79940,79940,Malignant cells
79941,79941,Malignant cells
79942,79942,Hepatocytes
79943,79943,Malignant cells
79944,79944,Malignant cells
79945,79945,CAFs
79946,79946,Hepatocytes
79947,79947,CAFs
79948,79948,CAFs
79949,79949,Malignant cells
79950,79950,Hepatocytes
79951,79951,Malignant cells
79952,79952,Hepatocytes
79953,79953,CAFs
79954,79954,Malignant cells
79955,79955,Malignant cells
79956,79956,Malignant cells
79957,79957,TECs
79958,79958,TAMs
79959,79959,Stellate cells
79960,79960,Hepatocytes
79961,79961,T cells
79962,79962,Hepatocytes
79963,79963,TAMs
79964,79964,Hepatocytes
79965,79965,Hepatocytes
79966,79966,Malignant cells
79967,79967,Malignant cells
79968,79968,Hepatocytes
79969,79969,Malignant cells
79970,79970,Malignant cells
79971,79971,Malignant cells
79972,79972,TECs
79973,79973,Hepatocytes
79974,79974,Malignant cells
79975,79975,Malignant cells
79976,79976,TECs
79977,79977,Hepatocytes
79978,79978,Malignant cells
79979,79979,Malignant cells
79980,79980,Malignant cells
79981,79981,Malignant cells
79982,79982,Hepatocytes
79983,79983,TECs
79984,79984,Malignant cells
79985,79985,Hepatocytes
79986,79986,Malignant cells
79987,79987,Monocytes
79988,79988,CAFs
79989,79989,Malignant cells
79990,79990,Malignant cells
79991,79991,Hepatocytes
79992,79992,CAFs
79993,79993,TECs
79994,79994,Malignant cells
79995,79995,Malignant cells
79996,79996,Malignant cells
79997,79997,Malignant cells
79998,79998,Malignant cells
79999,79999,TECs
80000,80000,CAFs
80001,80001,Malignant cells
80002,80002,Malignant cells
80003,80003,Malignant cells
80004,80004,Hepatocytes
80005,80005,Malignant cells
80006,80006,Malignant cells
80007,80007,Malignant cells
80008,80008,Malignant cells
80009,80009,Malignant cells
80010,80010,TECs
80011,80011,CAFs
80012,80012,CAFs
80013,80013,CAFs
80014,80014,TECs
80015,80015,CAFs
80016,80016,TECs
80017,80017,TECs
80018,80018,TECs
80019,80019,TECs
80020,80020,TECs
80021,80021,TECs
80022,80022,TAMs
80023,80023,TECs
80024,80024,CAFs
80025,80025,TAMs
80026,80026,CAFs
80027,80027,TECs
80028,80028,TECs
80029,80029,TAMs
80030,80030,CAFs
80031,80031,CAFs
80032,80032,CAFs
80033,80033,CAFs
80034,80034,CAFs
80035,80035,TECs
80036,80036,TECs
80037,80037,Malignant cells
80038,80038,TECs
80039,80039,CAFs
80040,80040,CAFs
80041,80041,CAFs
80042,80042,TECs
80043,80043,TECs
80044,80044,TECs
80045,80045,TECs
80046,80046,T cells
80047,80047,TECs
80048,80048,CAFs
80049,80049,CAFs
80050,80050,CAFs
80051,80051,CAFs
80052,80052,Hepatocytes
80053,80053,CAFs
80054,80054,TECs
80055,80055,CAFs
80056,80056,CAFs
80057,80057,CAFs
80058,80058,CAFs
80059,80059,CAFs
80060,80060,CAFs
80061,80061,CAFs
80062,80062,Hepatocytes
80063,80063,TECs
80064,80064,Malignant cells
80065,80065,CAFs
80066,80066,TECs
80067,80067,Malignant cells
80068,80068,Malignant cells
80069,80069,TECs
80070,80070,CAFs
80071,80071,Malignant cells
80072,80072,CAFs
80073,80073,Monocytes
80074,80074,CAFs
80075,80075,Hepatocytes
80076,80076,TAMs
80077,80077,Malignant cells
80078,80078,CAFs
80079,80079,Malignant cells
80080,80080,Monocytes
80081,80081,CAFs
80082,80082,Plasma cells
80083,80083,CAFs
80084,80084,TECs
80085,80085,TECs
80086,80086,TAMs
80087,80087,TECs
80088,80088,TECs
80089,80089,Malignant cells
80090,80090,Hepatocytes
80091,80091,CAFs
80092,80092,CAFs
80093,80093,Hepatocytes
80094,80094,TECs
80095,80095,TECs
80096,80096,CAFs
80097,80097,TECs
80098,80098,CAFs
80099,80099,Malignant cells
80100,80100,Hepatocytes
80101,80101,Malignant cells
80102,80102,Malignant cells
80103,80103,CAFs
80104,80104,CAFs
80105,80105,Malignant cells
80106,80106,Hepatocytes
80107,80107,Malignant cells
80108,80108,TECs
80109,80109,Hepatocytes
80110,80110,Malignant cells
80111,80111,Malignant cells
80112,80112,Malignant cells
80113,80113,Malignant cells
80114,80114,TECs
80115,80115,Malignant cells
80116,80116,Hepatocytes
80117,80117,Malignant cells
80118,80118,Malignant cells
80119,80119,Malignant cells
80120,80120,T cells
80121,80121,Malignant cells
80122,80122,Hepatocytes
80123,80123,Hepatocytes
80124,80124,Malignant cells
80125,80125,Hepatocytes
80126,80126,Hepatocytes
80127,80127,Malignant cells
80128,80128,Hepatocytes
80129,80129,Malignant cells
80130,80130,TECs
80131,80131,CAFs
80132,80132,Malignant cells
80133,80133,Malignant cells
80134,80134,Malignant cells
80135,80135,Malignant cells
80136,80136,Malignant cells
80137,80137,Malignant cells
80138,80138,Malignant cells
80139,80139,Malignant cells
80140,80140,Malignant cells
80141,80141,TECs
80142,80142,TECs
80143,80143,TECs
80144,80144,TECs
80145,80145,Hepatocytes
80146,80146,TECs
80147,80147,Hepatocytes
80148,80148,Malignant cells
80149,80149,Hepatocytes
80150,80150,TECs
80151,80151,Hepatocytes
80152,80152,TECs
80153,80153,Hepatocytes
80154,80154,Malignant cells
80155,80155,CAFs
80156,80156,Hepatocytes
80157,80157,Malignant cells
80158,80158,CAFs
80159,80159,TECs
80160,80160,TAMs
80161,80161,CAFs
80162,80162,TECs
80163,80163,B cells
80164,80164,TAMs
80165,80165,Malignant cells
80166,80166,Malignant cells
80167,80167,CAFs
80168,80168,CAFs
80169,80169,Malignant cells
80170,80170,Hepatocytes
80171,80171,CAFs
80172,80172,Hepatocytes
80173,80173,Malignant cells
80174,80174,TECs
80175,80175,CAFs
80176,80176,TECs
80177,80177,Malignant cells
80178,80178,CAFs
80179,80179,Malignant cells
80180,80180,Malignant cells
80181,80181,Malignant cells
80182,80182,TAMs
80183,80183,Malignant cells
80184,80184,Malignant cells
80185,80185,Plasma cells
80186,80186,Malignant cells
80187,80187,Hepatocytes
80188,80188,Hepatocytes
80189,80189,Malignant cells
80190,80190,Malignant cells
80191,80191,Hepatocytes
80192,80192,Malignant cells
80193,80193,CAFs
80194,80194,Dendritic cells
80195,80195,TECs
80196,80196,Hepatocytes
80197,80197,CAFs
80198,80198,CAFs
80199,80199,TAMs
80200,80200,Monocytes
80201,80201,TECs
80202,80202,TECs
80203,80203,CAFs
80204,80204,CAFs
80205,80205,CAFs
80206,80206,CAFs
80207,80207,CAFs
80208,80208,CAFs
80209,80209,CAFs
80210,80210,CAFs
80211,80211,CAFs
80212,80212,Hepatocytes
80213,80213,CAFs
80214,80214,CAFs
80215,80215,CAFs
80216,80216,NK cells
80217,80217,CAFs
80218,80218,CAFs
80219,80219,CAFs
80220,80220,TECs
80221,80221,Stellate cells
80222,80222,Hepatocytes
80223,80223,CAFs
80224,80224,NK cells
80225,80225,TECs
80226,80226,CAFs
80227,80227,CAFs
80228,80228,Cholangiocytes
80229,80229,Neutrophils
80230,80230,Plasma cells
80231,80231,CAFs
80232,80232,CAFs
80233,80233,CAFs
80234,80234,CAFs
80235,80235,CAFs
80236,80236,CAFs
80237,80237,TECs
80238,80238,CAFs
80239,80239,Hepatocytes
80240,80240,CAFs
80241,80241,T cells
80242,80242,CAFs
80243,80243,TECs
80244,80244,TECs
80245,80245,TECs
80246,80246,TAMs
80247,80247,CAFs
80248,80248,CAFs
80249,80249,CAFs
80250,80250,CAFs
80251,80251,NK cells
80252,80252,TECs
80253,80253,CAFs
80254,80254,TAMs
80255,80255,CAFs
80256,80256,CAFs
80257,80257,CAFs
80258,80258,CAFs
80259,80259,CAFs
80260,80260,CAFs
80261,80261,CAFs
80262,80262,CAFs
80263,80263,CAFs
80264,80264,CAFs
80265,80265,CAFs
80266,80266,CAFs
80267,80267,CAFs
80268,80268,CAFs
80269,80269,CAFs
80270,80270,CAFs
80271,80271,CAFs
80272,80272,CAFs
80273,80273,CAFs
80274,80274,CAFs
80275,80275,CAFs
80276,80276,CAFs
80277,80277,CAFs
80278,80278,CAFs
80279,80279,CAFs
80280,80280,CAFs
80281,80281,CAFs
80282,80282,CAFs
80283,80283,CAFs
80284,80284,CAFs
80285,80285,TECs
80286,80286,CAFs
80287,80287,CAFs
80288,80288,CAFs
80289,80289,CAFs
80290,80290,CAFs
80291,80291,CAFs
80292,80292,CAFs
80293,80293,CAFs
80294,80294,CAFs
80295,80295,CAFs
80296,80296,CAFs
80297,80297,CAFs
80298,80298,CAFs
80299,80299,Monocytes
80300,80300,CAFs
80301,80301,CAFs
80302,80302,CAFs
80303,80303,TECs
80304,80304,TECs
80305,80305,CAFs
80306,80306,CAFs
80307,80307,CAFs
80308,80308,Hepatocytes
80309,80309,Hepatocytes
80310,80310,Hepatocytes
80311,80311,CAFs
80312,80312,TECs
80313,80313,Hepatocytes
80314,80314,TECs
80315,80315,Malignant cells
80316,80316,Malignant cells
80317,80317,TECs
80318,80318,Malignant cells
80319,80319,Malignant cells
80320,80320,Malignant cells
80321,80321,Hepatocytes
80322,80322,Hepatocytes
80323,80323,Malignant cells
80324,80324,CAFs
80325,80325,Hepatocytes
80326,80326,Malignant cells
80327,80327,TECs
80328,80328,Malignant cells
80329,80329,Malignant cells
80330,80330,TECs
80331,80331,Hepatocytes
80332,80332,Malignant cells
80333,80333,CAFs
80334,80334,Malignant cells
80335,80335,Hepatocytes
80336,80336,TECs
80337,80337,TAMs
80338,80338,T cells
80339,80339,CAFs
80340,80340,TECs
80341,80341,Malignant cells
80342,80342,T cells
80343,80343,Monocytes
80344,80344,TAMs
80345,80345,TECs
80346,80346,B cells
80347,80347,CAFs
80348,80348,CAFs
80349,80349,CAFs
80350,80350,CAFs
80351,80351,CAFs
80352,80352,TAMs
80353,80353,CAFs
80354,80354,CAFs
80355,80355,CAFs
80356,80356,CAFs
80357,80357,CAFs
80358,80358,CAFs
80359,80359,CAFs
80360,80360,CAFs
80361,80361,CAFs
80362,80362,Hepatocytes
80363,80363,CAFs
80364,80364,CAFs
80365,80365,CAFs
80366,80366,CAFs
80367,80367,CAFs
80368,80368,TECs
80369,80369,CAFs
80370,80370,CAFs
80371,80371,CAFs
80372,80372,CAFs
80373,80373,CAFs
80374,80374,CAFs
80375,80375,CAFs
80376,80376,TECs
80377,80377,TECs
80378,80378,TECs
80379,80379,Monocytes
80380,80380,CAFs
80381,80381,Hepatocytes
80382,80382,CAFs
80383,80383,CAFs
80384,80384,CAFs
80385,80385,CAFs
80386,80386,Monocytes
80387,80387,CAFs
80388,80388,CAFs
80389,80389,CAFs
80390,80390,CAFs
80391,80391,Mast cells
80392,80392,CAFs
80393,80393,TECs
80394,80394,TECs
80395,80395,CAFs
80396,80396,T cells
80397,80397,TECs
80398,80398,Hepatocytes
80399,80399,CAFs
80400,80400,CAFs
80401,80401,CAFs
80402,80402,CAFs
80403,80403,CAFs
80404,80404,CAFs
80405,80405,CAFs
80406,80406,TECs
80407,80407,NK cells
80408,80408,CAFs
80409,80409,T cells
80410,80410,TAMs
80411,80411,CAFs
80412,80412,CAFs
80413,80413,CAFs
80414,80414,CAFs
80415,80415,CAFs
80416,80416,CAFs
80417,80417,CAFs
80418,80418,CAFs
80419,80419,CAFs
80420,80420,CAFs
80421,80421,T cells
80422,80422,TECs
80423,80423,T cells
80424,80424,CAFs
80425,80425,CAFs
80426,80426,T cells
80427,80427,TECs
80428,80428,CAFs
80429,80429,TECs
80430,80430,CAFs
80431,80431,TECs
80432,80432,TECs
80433,80433,TECs
80434,80434,CAFs
80435,80435,CAFs
80436,80436,TECs
80437,80437,CAFs
80438,80438,CAFs
80439,80439,TECs
80440,80440,CAFs
80441,80441,Hepatocytes
80442,80442,Hepatocytes
80443,80443,CAFs
80444,80444,Malignant cells
80445,80445,CAFs
80446,80446,Hepatocytes
80447,80447,TECs
80448,80448,TECs
80449,80449,TAMs
80450,80450,TECs
80451,80451,CAFs
80452,80452,CAFs
80453,80453,TECs
80454,80454,Malignant cells
80455,80455,Malignant cells
80456,80456,Malignant cells
80457,80457,Malignant cells
80458,80458,Hepatocytes
80459,80459,Malignant cells
80460,80460,Malignant cells
80461,80461,Malignant cells
80462,80462,Malignant cells
80463,80463,Malignant cells
80464,80464,Malignant cells
80465,80465,Malignant cells
80466,80466,Hepatocytes
80467,80467,Malignant cells
80468,80468,Malignant cells
80469,80469,Malignant cells
80470,80470,Hepatocytes
80471,80471,Malignant cells
80472,80472,Hepatocytes
80473,80473,Malignant cells
80474,80474,Malignant cells
80475,80475,Hepatocytes
80476,80476,Malignant cells
80477,80477,Malignant cells
80478,80478,Hepatocytes
80479,80479,Malignant cells
80480,80480,Malignant cells
80481,80481,Malignant cells
80482,80482,Malignant cells
80483,80483,Malignant cells
80484,80484,Malignant cells
80485,80485,Malignant cells
80486,80486,Malignant cells
80487,80487,Malignant cells
80488,80488,Malignant cells
80489,80489,Malignant cells
80490,80490,Malignant cells
80491,80491,Malignant cells
80492,80492,Malignant cells
80493,80493,Malignant cells
80494,80494,Malignant cells
80495,80495,Malignant cells
80496,80496,Hepatocytes
80497,80497,Malignant cells
80498,80498,Malignant cells
80499,80499,Hepatocytes
80500,80500,Malignant cells
80501,80501,Malignant cells
80502,80502,Malignant cells
80503,80503,Malignant cells
80504,80504,Malignant cells
80505,80505,Malignant cells
80506,80506,Hepatocytes
80507,80507,TECs
80508,80508,Malignant cells
80509,80509,Malignant cells
80510,80510,Malignant cells
80511,80511,Malignant cells
80512,80512,Hepatocytes
80513,80513,TECs
80514,80514,TECs
80515,80515,CAFs
80516,80516,Malignant cells
80517,80517,Malignant cells
80518,80518,Hepatocytes
80519,80519,TECs
80520,80520,Hepatocytes
80521,80521,Hepatocytes
80522,80522,Malignant cells
80523,80523,Hepatocytes
80524,80524,Malignant cells
80525,80525,Hepatocytes
80526,80526,Malignant cells
80527,80527,Malignant cells
80528,80528,Hepatocytes
80529,80529,Hepatocytes
80530,80530,Malignant cells
80531,80531,Malignant cells
80532,80532,Malignant cells
80533,80533,Malignant cells
80534,80534,Hepatocytes
80535,80535,Malignant cells
80536,80536,Malignant cells
80537,80537,Malignant cells
80538,80538,Hepatocytes
80539,80539,Malignant cells
80540,80540,Malignant cells
80541,80541,Malignant cells
80542,80542,Hepatocytes
80543,80543,Malignant cells
80544,80544,Malignant cells
80545,80545,Malignant cells
80546,80546,Malignant cells
80547,80547,Malignant cells
80548,80548,Hepatocytes
80549,80549,Hepatocytes
80550,80550,CAFs
80551,80551,Malignant cells
80552,80552,Hepatocytes
80553,80553,Malignant cells
80554,80554,Malignant cells
80555,80555,TECs
80556,80556,Malignant cells
80557,80557,TECs
80558,80558,Malignant cells
80559,80559,Malignant cells
80560,80560,Malignant cells
80561,80561,CAFs
80562,80562,CAFs
80563,80563,Hepatocytes
80564,80564,T cells
80565,80565,Malignant cells
80566,80566,Malignant cells
80567,80567,Malignant cells
80568,80568,Hepatocytes
80569,80569,TECs
80570,80570,Malignant cells
80571,80571,Malignant cells
80572,80572,Hepatocytes
80573,80573,Malignant cells
80574,80574,Malignant cells
80575,80575,Malignant cells
80576,80576,Malignant cells
80577,80577,Hepatocytes
80578,80578,Malignant cells
80579,80579,Malignant cells
80580,80580,Malignant cells
80581,80581,Hepatocytes
80582,80582,Malignant cells
80583,80583,Malignant cells
80584,80584,Malignant cells
80585,80585,Malignant cells
80586,80586,Dendritic cells
80587,80587,Malignant cells
80588,80588,Malignant cells
80589,80589,Malignant cells
80590,80590,Malignant cells
80591,80591,Malignant cells
80592,80592,Malignant cells
80593,80593,Malignant cells
80594,80594,Malignant cells
80595,80595,Malignant cells
80596,80596,Malignant cells
80597,80597,Malignant cells
80598,80598,Malignant cells
80599,80599,Malignant cells
80600,80600,Malignant cells
80601,80601,Malignant cells
80602,80602,Hepatocytes
80603,80603,Malignant cells
80604,80604,Malignant cells
80605,80605,Hepatocytes
80606,80606,Hepatocytes
80607,80607,Hepatocytes
80608,80608,Malignant cells
80609,80609,TECs
80610,80610,Malignant cells
80611,80611,Malignant cells
80612,80612,CAFs
80613,80613,Hepatocytes
80614,80614,Malignant cells
80615,80615,Malignant cells
80616,80616,TECs
80617,80617,Malignant cells
80618,80618,CAFs
80619,80619,Malignant cells
80620,80620,TECs
80621,80621,TECs
80622,80622,CAFs
80623,80623,TECs
80624,80624,TECs
80625,80625,Malignant cells
80626,80626,TECs
80627,80627,Malignant cells
80628,80628,CAFs
80629,80629,Hepatocytes
80630,80630,CAFs
80631,80631,Malignant cells
80632,80632,Malignant cells
80633,80633,TECs
80634,80634,Malignant cells
80635,80635,TECs
80636,80636,T cells
80637,80637,TAMs
80638,80638,TECs
80639,80639,TECs
80640,80640,CAFs
80641,80641,TECs
80642,80642,Malignant cells
80643,80643,CAFs
80644,80644,TECs
80645,80645,TECs
80646,80646,Malignant cells
80647,80647,TECs
80648,80648,CAFs
80649,80649,CAFs
80650,80650,Hepatocytes
80651,80651,CAFs
80652,80652,CAFs
80653,80653,CAFs
80654,80654,Hepatocytes
80655,80655,CAFs
80656,80656,CAFs
80657,80657,CAFs
80658,80658,Hepatocytes
80659,80659,CAFs
80660,80660,CAFs
80661,80661,CAFs
80662,80662,Malignant cells
80663,80663,CAFs
80664,80664,CAFs
80665,80665,CAFs
80666,80666,Malignant cells
80667,80667,CAFs
80668,80668,CAFs
80669,80669,CAFs
80670,80670,CAFs
80671,80671,Dendritic cells
80672,80672,TECs
80673,80673,B cells
80674,80674,Hepatocytes
80675,80675,Neutrophils
80676,80676,Hepatocytes
80677,80677,CAFs
80678,80678,CAFs
80679,80679,TAMs
80680,80680,Malignant cells
80681,80681,Malignant cells
80682,80682,Malignant cells
80683,80683,Malignant cells
80684,80684,Malignant cells
80685,80685,Malignant cells
80686,80686,Malignant cells
80687,80687,Malignant cells
80688,80688,Malignant cells
80689,80689,Hepatocytes
80690,80690,Malignant cells
80691,80691,Malignant cells
80692,80692,Malignant cells
80693,80693,Hepatocytes
80694,80694,Malignant cells
80695,80695,Malignant cells
80696,80696,Malignant cells
80697,80697,Malignant cells
80698,80698,Malignant cells
80699,80699,Malignant cells
80700,80700,Malignant cells
80701,80701,Malignant cells
80702,80702,Hepatocytes
80703,80703,Malignant cells
80704,80704,Malignant cells
80705,80705,Hepatocytes
80706,80706,Malignant cells
80707,80707,Hepatocytes
80708,80708,Malignant cells
80709,80709,CAFs
80710,80710,Malignant cells
80711,80711,Malignant cells
80712,80712,Hepatocytes
80713,80713,Hepatocytes
80714,80714,Malignant cells
80715,80715,Malignant cells
80716,80716,Malignant cells
80717,80717,Malignant cells
80718,80718,Malignant cells
80719,80719,Hepatocytes
80720,80720,Malignant cells
80721,80721,Malignant cells
80722,80722,Malignant cells
80723,80723,Malignant cells
80724,80724,Malignant cells
80725,80725,Malignant cells
80726,80726,Malignant cells
80727,80727,Malignant cells
80728,80728,Malignant cells
80729,80729,Malignant cells
80730,80730,Malignant cells
80731,80731,Malignant cells
80732,80732,Hepatocytes
80733,80733,Malignant cells
80734,80734,Malignant cells
80735,80735,Malignant cells
80736,80736,Malignant cells
80737,80737,Malignant cells
80738,80738,Malignant cells
80739,80739,Malignant cells
80740,80740,Malignant cells
80741,80741,Malignant cells
80742,80742,Malignant cells
80743,80743,Malignant cells
80744,80744,TECs
80746,80746,CAFs
80747,80747,CAFs
80748,80748,CAFs
80749,80749,TAMs
80750,80750,CAFs
80751,80751,Mast cells
80752,80752,TAMs
80753,80753,T cells
80754,80754,Hepatocytes
80755,80755,CAFs
80756,80756,Malignant cells
80757,80757,Hepatocytes
80758,80758,CAFs
80759,80759,CAFs
80760,80760,CAFs
80761,80761,CAFs
80762,80762,CAFs
80763,80763,TECs
80765,80765,TAMs
80766,80766,CAFs
80767,80767,Malignant cells
80768,80768,CAFs
80769,80769,CAFs
80770,80770,CAFs
80771,80771,CAFs
80772,80772,CAFs
80773,80773,CAFs
80774,80774,CAFs
80775,80775,TECs
80777,80777,CAFs
80778,80778,CAFs
80780,80780,CAFs
80781,80781,CAFs
80782,80782,CAFs
80783,80783,CAFs
80784,80784,CAFs
80785,80785,CAFs
80786,80786,CAFs
80787,80787,CAFs
80788,80788,CAFs
80789,80789,CAFs
80790,80790,CAFs
80791,80791,CAFs
80793,80793,CAFs
80794,80794,Cholangiocytes
80795,80795,CAFs
80796,80796,CAFs
80797,80797,CAFs
80799,80799,CAFs
80800,80800,CAFs
80801,80801,CAFs
80802,80802,CAFs
80803,80803,CAFs
80804,80804,Malignant cells
80806,80806,CAFs
80807,80807,CAFs
80808,80808,CAFs
80809,80809,Cholangiocytes
80810,80810,Cholangiocytes
80811,80811,CAFs
80813,80813,Cholangiocytes
80814,80814,CAFs
80815,80815,Cholangiocytes
80816,80816,CAFs
80817,80817,CAFs
80818,80818,CAFs
80819,80819,CAFs
80820,80820,CAFs
80821,80821,CAFs
80822,80822,CAFs
80824,80824,CAFs
80825,80825,CAFs
80828,80828,CAFs
80829,80829,CAFs
80830,80830,TECs
80831,80831,CAFs
80832,80832,CAFs
80833,80833,Stellate cells
80835,80835,CAFs
80836,80836,CAFs
80837,80837,CAFs
80838,80838,CAFs
80839,80839,CAFs
80840,80840,CAFs
80842,80842,CAFs
80843,80843,CAFs
80845,80845,CAFs
80846,80846,CAFs
80847,80847,Malignant cells
80848,80848,CAFs
80850,80850,CAFs
80851,80851,Malignant cells
80852,80852,CAFs
80853,80853,CAFs
80855,80855,CAFs
80856,80856,CAFs
80858,80858,CAFs
80859,80859,Malignant cells
80860,80860,CAFs
80861,80861,CAFs
80862,80862,CAFs
80863,80863,CAFs
80864,80864,CAFs
80865,80865,TECs
80866,80866,CAFs
80867,80867,CAFs
80868,80868,Cholangiocytes
80869,80869,Smooth muscle cells
80871,80871,Stellate cells
80872,80872,CAFs
80873,80873,CAFs
80875,80875,CAFs
80877,80877,CAFs
80878,80878,Cholangiocytes
80879,80879,CAFs
80880,80880,CAFs
80881,80881,CAFs
80883,80883,Plasmacytoid dendritic cells
80884,80884,TECs
80885,80885,Malignant cells
80886,80886,CAFs
80887,80887,Cholangiocytes
80888,80888,CAFs
80889,80889,CAFs
80890,80890,CAFs
80891,80891,CAFs
80893,80893,Cholangiocytes
80894,80894,CAFs
80895,80895,T cells
80896,80896,Hepatocytes
80897,80897,Malignant cells
80898,80898,CAFs
80899,80899,Hepatocytes
80900,80900,Hepatocytes
80901,80901,Hepatocytes
80902,80902,TECs
80903,80903,Hepatocytes
80904,80904,Hepatocytes
80905,80905,TECs
80906,80906,TAMs
80907,80907,CAFs
80908,80908,TECs
80909,80909,Hepatocytes
80910,80910,Malignant cells
80911,80911,CAFs
80912,80912,TAMs
80913,80913,TECs
80914,80914,TECs
80915,80915,CAFs
80916,80916,CAFs
80917,80917,TAMs
80918,80918,CAFs
80919,80919,CAFs
80920,80920,CAFs
80921,80921,CAFs
80922,80922,CAFs
80923,80923,CAFs
80924,80924,CAFs
80925,80925,Hepatocytes
80926,80926,CAFs
80927,80927,Hepatocytes
80928,80928,CAFs
80929,80929,Hepatocytes
80930,80930,CAFs
80931,80931,CAFs
80932,80932,CAFs
80933,80933,CAFs
80934,80934,Hepatocytes
80935,80935,CAFs
80936,80936,CAFs
80937,80937,CAFs
80938,80938,CAFs
80939,80939,CAFs
80940,80940,CAFs
80941,80941,CAFs
80942,80942,CAFs
80943,80943,CAFs
80944,80944,Stellate cells
80945,80945,CAFs
80946,80946,CAFs
80947,80947,CAFs
80948,80948,CAFs
80949,80949,CAFs
80950,80950,CAFs
80951,80951,CAFs
80952,80952,CAFs
80953,80953,TECs
80954,80954,CAFs
80955,80955,CAFs
80956,80956,CAFs
80957,80957,TECs
80958,80958,CAFs
80959,80959,CAFs
80960,80960,CAFs
80961,80961,CAFs
80962,80962,CAFs
80963,80963,T cells
80964,80964,CAFs
80965,80965,CAFs
80966,80966,CAFs
80967,80967,CAFs
80968,80968,Dendritic cells
80969,80969,T cells
80970,80970,T cells
80971,80971,CAFs
80972,80972,CAFs
80973,80973,CAFs
80974,80974,Dendritic cells
80975,80975,CAFs
80977,80977,CAFs
80978,80978,T cells
80979,80979,CAFs
80980,80980,TAMs
80981,80981,Malignant cells
80982,80982,CAFs
80983,80983,TECs
80984,80984,CAFs
80986,80986,Hepatocytes
80987,80987,Hepatocytes
80988,80988,CAFs
80989,80989,Malignant cells
80990,80990,CAFs
80991,80991,T cells
80992,80992,CAFs
80993,80993,CAFs
80994,80994,CAFs
80995,80995,CAFs
80996,80996,CAFs
80997,80997,CAFs
80998,80998,CAFs
80999,80999,CAFs
81001,81001,CAFs
81002,81002,CAFs
81003,81003,CAFs
81004,81004,TAMs
81005,81005,CAFs
81007,81007,TAMs
81008,81008,CAFs
81009,81009,TECs
81010,81010,TECs
81011,81011,TECs
81012,81012,CAFs
81013,81013,CAFs
81014,81014,CAFs
81015,81015,CAFs
81016,81016,CAFs
81017,81017,CAFs
81018,81018,CAFs
81019,81019,CAFs
81020,81020,CAFs
81021,81021,CAFs
81022,81022,CAFs
81023,81023,CAFs
81024,81024,CAFs
81025,81025,CAFs
81026,81026,CAFs
81027,81027,CAFs
81028,81028,Stellate cells
81029,81029,CAFs
81030,81030,CAFs
81031,81031,CAFs
81032,81032,Stellate cells
81033,81033,CAFs
81034,81034,CAFs
81035,81035,CAFs
81036,81036,CAFs
81037,81037,CAFs
81038,81038,CAFs
81039,81039,CAFs
81040,81040,CAFs
81041,81041,CAFs
81042,81042,CAFs
81043,81043,CAFs
81044,81044,TECs
81045,81045,CAFs
81046,81046,CAFs
81047,81047,CAFs
81048,81048,CAFs
81049,81049,TECs
81050,81050,CAFs
81051,81051,CAFs
81052,81052,CAFs
81053,81053,CAFs
81054,81054,TECs
81055,81055,CAFs
81056,81056,CAFs
81057,81057,CAFs
81058,81058,TECs
81059,81059,CAFs
81060,81060,Stellate cells
81061,81061,TECs
81062,81062,CAFs
81063,81063,CAFs
81064,81064,TECs
81065,81065,CAFs
81066,81066,CAFs
81067,81067,TECs
81068,81068,CAFs
81069,81069,Plasma cells
81070,81070,Monocytes
81071,81071,CAFs
81072,81072,T cells
81073,81073,CAFs
81074,81074,CAFs
81075,81075,CAFs
81076,81076,CAFs
81077,81077,Hepatocytes
81078,81078,CAFs
81079,81079,Malignant cells
81080,81080,CAFs
81081,81081,CAFs
81082,81082,Malignant cells
81083,81083,CAFs
81084,81084,CAFs
81085,81085,TECs
81086,81086,CAFs
81087,81087,CAFs
81088,81088,CAFs
81089,81089,Malignant cells
81090,81090,CAFs
81091,81091,CAFs
81092,81092,TAMs
81093,81093,CAFs
81094,81094,CAFs
81095,81095,CAFs
81096,81096,TECs
81097,81097,CAFs
81098,81098,CAFs
81099,81099,CAFs
81100,81100,CAFs
81101,81101,TAMs
81102,81102,CAFs
81103,81103,Hepatocytes
81104,81104,Hepatocytes
81105,81105,Hepatocytes
81106,81106,T cells
81107,81107,CAFs
81108,81108,CAFs
81109,81109,T cells
81110,81110,TAMs
81111,81111,TAMs
81112,81112,CAFs
81113,81113,Cholangiocytes
81114,81114,CAFs
81115,81115,CAFs
81116,81116,CAFs
81117,81117,Malignant cells
81118,81118,TECs
81119,81119,CAFs
81120,81120,CAFs
81121,81121,CAFs
81122,81122,CAFs
81123,81123,Hepatocytes
81124,81124,CAFs
81125,81125,Hepatocytes
81126,81126,CAFs
81127,81127,CAFs
81128,81128,Monocytes
81129,81129,Monocytes
81130,81130,Hepatocytes
81131,81131,CAFs
81132,81132,CAFs
81133,81133,CAFs
81134,81134,Hepatocytes
81135,81135,B cells
81136,81136,CAFs
81137,81137,CAFs
81138,81138,Monocytes
81139,81139,CAFs
81140,81140,Hepatocytes
81141,81141,CAFs
81142,81142,CAFs
81143,81143,Hepatocytes
81144,81144,TAMs
81145,81145,Hepatocytes
81146,81146,Monocytes
81147,81147,B cells
81148,81148,CAFs
81149,81149,TECs
81150,81150,CAFs
81151,81151,CAFs
81152,81152,CAFs
81153,81153,CAFs
81154,81154,CAFs
81155,81155,CAFs
81156,81156,TECs
81157,81157,CAFs
81158,81158,Hepatocytes
81159,81159,TECs
81160,81160,Hepatocytes
81161,81161,Hepatocytes
81162,81162,TECs
81163,81163,TAMs
81164,81164,Hepatocytes
81165,81165,TECs
81166,81166,Hepatocytes
81167,81167,Hepatocytes
81168,81168,Malignant cells
81169,81169,Hepatocytes
81170,81170,CAFs
81171,81171,Hepatocytes
81172,81172,CAFs
81173,81173,TECs
81174,81174,Malignant cells
81175,81175,TECs
81176,81176,CAFs
81177,81177,Hepatocytes
81178,81178,TECs
81179,81179,CAFs
81180,81180,CAFs
81181,81181,CAFs
81182,81182,TAMs
81183,81183,Hepatocytes
81184,81184,Malignant cells
81185,81185,TECs
81186,81186,Hepatocytes
81187,81187,CAFs
81188,81188,Hepatocytes
81189,81189,CAFs
81190,81190,CAFs
81191,81191,TECs
81192,81192,TECs
81193,81193,CAFs
81194,81194,TAMs
81195,81195,TAMs
81196,81196,Hepatocytes
81197,81197,Hepatocytes
81198,81198,Plasma cells
81199,81199,CAFs
81200,81200,CAFs
81201,81201,Hepatocytes
81202,81202,CAFs
81203,81203,Malignant cells
81204,81204,CAFs
81205,81205,CAFs
81206,81206,CAFs
81207,81207,CAFs
81208,81208,CAFs
81209,81209,TAMs
81210,81210,Plasma cells
81211,81211,CAFs
81212,81212,CAFs
81213,81213,TAMs
81214,81214,TECs
81215,81215,CAFs
81216,81216,CAFs
81217,81217,CAFs
81218,81218,CAFs
81219,81219,CAFs
81220,81220,CAFs
81221,81221,CAFs
81222,81222,CAFs
81223,81223,CAFs
81224,81224,CAFs
81225,81225,CAFs
81226,81226,CAFs
81227,81227,CAFs
81228,81228,CAFs
81229,81229,CAFs
81230,81230,CAFs
81231,81231,CAFs
81232,81232,CAFs
81233,81233,CAFs
81234,81234,Malignant cells
81235,81235,CAFs
81236,81236,CAFs
81237,81237,TECs
81238,81238,CAFs
81239,81239,CAFs
81240,81240,CAFs
81241,81241,CAFs
81242,81242,CAFs
81243,81243,CAFs
81244,81244,CAFs
81245,81245,TECs
81246,81246,CAFs
81247,81247,CAFs
81248,81248,CAFs
81249,81249,CAFs
81250,81250,CAFs
81251,81251,CAFs
81252,81252,TECs
81253,81253,CAFs
81254,81254,CAFs
81255,81255,TAMs
81256,81256,Monocytes
81257,81257,CAFs
81258,81258,CAFs
81259,81259,CAFs
81260,81260,Plasma cells
81261,81261,CAFs
81262,81262,CAFs
81263,81263,CAFs
81264,81264,CAFs
81265,81265,CAFs
81266,81266,Cholangiocytes
81267,81267,CAFs
81268,81268,TECs
81269,81269,T cells
81270,81270,TAMs
81271,81271,TECs
81272,81272,CAFs
81273,81273,TECs
81274,81274,T cells
81275,81275,CAFs
81276,81276,TECs
81277,81277,CAFs
81278,81278,CAFs
81279,81279,CAFs
81280,81280,CAFs
81281,81281,CAFs
81282,81282,CAFs
81283,81283,CAFs
81284,81284,CAFs
81285,81285,CAFs
81286,81286,CAFs
81287,81287,TECs
81288,81288,CAFs
81289,81289,CAFs
81290,81290,TECs
81291,81291,CAFs
81292,81292,CAFs
81293,81293,TECs
81294,81294,CAFs
81295,81295,CAFs
81296,81296,Stellate cells
81297,81297,CAFs
81298,81298,TECs
81299,81299,CAFs
81300,81300,CAFs
81301,81301,Plasma cells
81302,81302,CAFs
81303,81303,CAFs
81304,81304,CAFs
81305,81305,Malignant cells
81306,81306,TECs
81307,81307,CAFs
81308,81308,CAFs
81309,81309,CAFs
81310,81310,CAFs
81311,81311,CAFs
81312,81312,TECs
81313,81313,CAFs
81314,81314,CAFs
81315,81315,CAFs
81316,81316,CAFs
81317,81317,Stellate cells
81318,81318,CAFs
81319,81319,CAFs
81320,81320,CAFs
81321,81321,CAFs
81322,81322,CAFs
81323,81323,CAFs
81324,81324,Cholangiocytes
81325,81325,CAFs
81326,81326,CAFs
81327,81327,CAFs
81328,81328,CAFs
81329,81329,CAFs
81330,81330,CAFs
81331,81331,CAFs
81332,81332,CAFs
81333,81333,CAFs
81334,81334,CAFs
81335,81335,CAFs
81336,81336,Hepatocytes
81337,81337,CAFs
81338,81338,Hepatocytes
81339,81339,CAFs
81340,81340,CAFs
81341,81341,CAFs
81342,81342,CAFs
81343,81343,TECs
81344,81344,CAFs
81345,81345,CAFs
81346,81346,CAFs
81347,81347,TECs
81348,81348,CAFs
81349,81349,CAFs
81350,81350,CAFs
81351,81351,CAFs
81352,81352,CAFs
81353,81353,CAFs
81354,81354,TECs
81355,81355,CAFs
81356,81356,TAMs
81357,81357,CAFs
81358,81358,CAFs
81359,81359,T cells
81360,81360,CAFs
81361,81361,Malignant cells
81362,81362,CAFs
81363,81363,Hepatocytes
81364,81364,CAFs
81365,81365,Malignant cells
81366,81366,CAFs
81367,81367,CAFs
81368,81368,CAFs
81369,81369,Malignant cells
81370,81370,CAFs
81371,81371,CAFs
81372,81372,CAFs
81373,81373,CAFs
81374,81374,CAFs
81375,81375,CAFs
81376,81376,TECs
81377,81377,CAFs
81378,81378,CAFs
81379,81379,TECs
81380,81380,Smooth muscle cells
81381,81381,CAFs
81382,81382,CAFs
81383,81383,CAFs
81384,81384,B cells
81385,81385,Cholangiocytes
81386,81386,Dendritic cells
81387,81387,CAFs
81388,81388,CAFs
81389,81389,CAFs
81390,81390,CAFs
81391,81391,CAFs
81392,81392,TECs
81393,81393,Malignant cells
81394,81394,CAFs
81395,81395,CAFs
81396,81396,CAFs
81397,81397,CAFs
81398,81398,CAFs
81399,81399,CAFs
81400,81400,CAFs
81401,81401,CAFs
81402,81402,CAFs
81403,81403,CAFs
81404,81404,NK cells
81405,81405,CAFs
81406,81406,CAFs
81407,81407,TECs
81408,81408,CAFs
81409,81409,CAFs
81410,81410,TECs
81411,81411,CAFs
81412,81412,CAFs
81413,81413,CAFs
81414,81414,CAFs
81415,81415,CAFs
81416,81416,CAFs
81417,81417,CAFs
81418,81418,TECs
81419,81419,CAFs
81420,81420,TECs
81421,81421,CAFs
81422,81422,TECs
81423,81423,T cells
81424,81424,CAFs
81425,81425,CAFs
81426,81426,CAFs
81427,81427,TAMs
81428,81428,CAFs
81429,81429,TAMs
81430,81430,Cholangiocytes
81431,81431,CAFs
81432,81432,CAFs
81433,81433,CAFs
81434,81434,CAFs
81435,81435,CAFs
81436,81436,CAFs
81437,81437,TECs
81438,81438,CAFs
81439,81439,CAFs
81440,81440,T cells
81441,81441,CAFs
81442,81442,CAFs
81443,81443,CAFs
81444,81444,CAFs
81445,81445,CAFs
81446,81446,TECs
81447,81447,CAFs
81448,81448,CAFs
81449,81449,CAFs
81450,81450,CAFs
81451,81451,TECs
81452,81452,CAFs
81453,81453,CAFs
81454,81454,CAFs
81455,81455,CAFs
81456,81456,NK cells
81457,81457,CAFs
81458,81458,TECs
81459,81459,TECs
81460,81460,CAFs
81461,81461,CAFs
81462,81462,CAFs
81463,81463,CAFs
81464,81464,CAFs
81465,81465,CAFs
81466,81466,TECs
81467,81467,Hepatocytes
81468,81468,CAFs
81469,81469,CAFs
81470,81470,Smooth muscle cells
81471,81471,CAFs
81472,81472,TECs
81473,81473,TECs
81474,81474,TECs
81475,81475,CAFs
81476,81476,Hepatocytes
81477,81477,CAFs
81478,81478,TECs
81479,81479,CAFs
81480,81480,CAFs
81481,81481,CAFs
81482,81482,TECs
81483,81483,CAFs
81484,81484,CAFs
81485,81485,CAFs
81486,81486,Malignant cells
81487,81487,Hepatocytes
81488,81488,CAFs
81489,81489,TECs
81490,81490,TECs
81491,81491,CAFs
81492,81492,TECs
81493,81493,Malignant cells
81494,81494,Plasma cells
81495,81495,TECs
81496,81496,Hepatocytes
81497,81497,Hepatocytes
81498,81498,CAFs
81499,81499,TECs
81500,81500,Malignant cells
81501,81501,TECs
81502,81502,CAFs
81503,81503,CAFs
81504,81504,Cholangiocytes
81505,81505,CAFs
81506,81506,CAFs
81507,81507,CAFs
81508,81508,CAFs
81509,81509,T cells
81510,81510,TAMs
81511,81511,T cells
81512,81512,CAFs
81513,81513,CAFs
81514,81514,CAFs
81515,81515,T cells
81516,81516,CAFs
81517,81517,CAFs
81518,81518,TAMs
81519,81519,TAMs
81520,81520,CAFs
81521,81521,TAMs
81522,81522,CAFs
81523,81523,T cells
81524,81524,CAFs
81525,81525,Dendritic cells
81526,81526,TECs
81527,81527,TECs
81528,81528,TAMs
81529,81529,CAFs
81530,81530,TECs
81531,81531,Malignant cells
81532,81532,CAFs
81533,81533,CAFs
81534,81534,T cells
81535,81535,CAFs
81536,81536,TECs
81537,81537,TECs
81538,81538,Hepatocytes
81539,81539,Malignant cells
81540,81540,CAFs
81541,81541,TECs
81542,81542,CAFs
81543,81543,CAFs
81544,81544,CAFs
81545,81545,TECs
81546,81546,CAFs
81547,81547,CAFs
81548,81548,CAFs
81549,81549,CAFs
81550,81550,CAFs
81551,81551,CAFs
81552,81552,CAFs
81553,81553,TAMs
81554,81554,CAFs
81555,81555,TECs
81556,81556,TECs
81557,81557,CAFs
81558,81558,CAFs
81559,81559,CAFs
81560,81560,CAFs
81561,81561,Smooth muscle cells
81562,81562,TECs
81563,81563,CAFs
81564,81564,CAFs
81565,81565,Malignant cells
81566,81566,CAFs
81567,81567,CAFs
81568,81568,TECs
81569,81569,CAFs
81570,81570,CAFs
81571,81571,CAFs
81572,81572,Hepatocytes
81573,81573,Hepatocytes
81574,81574,Hepatocytes
81575,81575,Hepatocytes
81576,81576,Malignant cells
81577,81577,Malignant cells
81578,81578,Neutrophils
81579,81579,TECs
81580,81580,TECs
81581,81581,CAFs
81582,81582,Malignant cells
81583,81583,Malignant cells
81584,81584,Hepatocytes
81585,81585,Malignant cells
81586,81586,Hepatocytes
81587,81587,Malignant cells
81588,81588,CAFs
81589,81589,Hepatocytes
81590,81590,Hepatocytes
81591,81591,Hepatocytes
81592,81592,Hepatocytes
81593,81593,Hepatocytes
81594,81594,Hepatocytes
81595,81595,Hepatocytes
81596,81596,TECs
81597,81597,Hepatocytes
81598,81598,Hepatocytes
81599,81599,Hepatocytes
81600,81600,Hepatocytes
81601,81601,TECs
81602,81602,CAFs
81603,81603,Smooth muscle cells
81604,81604,CAFs
81605,81605,Malignant cells
81606,81606,Hepatocytes
81607,81607,TAMs
81608,81608,CAFs
81609,81609,Malignant cells
81610,81610,CAFs
81611,81611,Hepatocytes
81612,81612,CAFs
81613,81613,Malignant cells
81614,81614,TECs
81615,81615,Malignant cells
81616,81616,CAFs
81617,81617,CAFs
81618,81618,CAFs
81619,81619,CAFs
81620,81620,Hepatocytes
81621,81621,Hepatocytes
81622,81622,Hepatocytes
81623,81623,CAFs
81624,81624,Hepatocytes
81625,81625,CAFs
81626,81626,TECs
81627,81627,CAFs
81628,81628,CAFs
81629,81629,CAFs
81630,81630,Malignant cells
81631,81631,CAFs
81632,81632,Malignant cells
81633,81633,Malignant cells
81634,81634,CAFs
81635,81635,Malignant cells
81636,81636,TECs
81637,81637,Hepatocytes
81638,81638,Malignant cells
81639,81639,Hepatocytes
81640,81640,CAFs
81641,81641,CAFs
81642,81642,Malignant cells
81643,81643,Malignant cells
81644,81644,TAMs
81645,81645,Hepatocytes
81646,81646,Hepatocytes
81647,81647,CAFs
81648,81648,TECs
81649,81649,CAFs
81650,81650,Hepatocytes
81651,81651,Hepatocytes
81652,81652,Hepatocytes
81653,81653,Plasma cells
81654,81654,Malignant cells
81655,81655,TECs
81656,81656,Malignant cells
81657,81657,Hepatocytes
81658,81658,CAFs
81659,81659,CAFs
81660,81660,Hepatocytes
81661,81661,CAFs
81662,81662,CAFs
81663,81663,Hepatocytes
81664,81664,CAFs
81665,81665,CAFs
81666,81666,CAFs
81667,81667,CAFs
81668,81668,CAFs
81669,81669,CAFs
81671,81671,TECs
81672,81672,CAFs
81673,81673,CAFs
81675,81675,CAFs
81676,81676,T cells
81679,81679,Malignant cells
81680,81680,CAFs
81681,81681,CAFs
81682,81682,TECs
81684,81684,TECs
81685,81685,CAFs
81686,81686,Malignant cells
81688,81688,TECs
81689,81689,CAFs
81690,81690,Malignant cells
81691,81691,CAFs
81692,81692,CAFs
81693,81693,CAFs
81694,81694,CAFs
81695,81695,CAFs
81696,81696,TECs
81697,81697,Hepatocytes
81698,81698,Hepatocytes
81699,81699,Malignant cells
81700,81700,Malignant cells
81701,81701,Hepatocytes
81702,81702,CAFs
81703,81703,Hepatocytes
81704,81704,Hepatocytes
81705,81705,Hepatocytes
81706,81706,Hepatocytes
81707,81707,CAFs
81708,81708,TECs
81709,81709,CAFs
81710,81710,TECs
81711,81711,Hepatocytes
81712,81712,TECs
81713,81713,CAFs
81714,81714,CAFs
81715,81715,TECs
81716,81716,Malignant cells
81717,81717,Hepatocytes
81718,81718,Hepatocytes
81719,81719,Hepatocytes
81720,81720,TECs
81721,81721,Hepatocytes
81722,81722,TECs
81723,81723,CAFs
81724,81724,CAFs
81725,81725,Malignant cells
81726,81726,Hepatocytes
81727,81727,CAFs
81728,81728,CAFs
81729,81729,Hepatocytes
81730,81730,CAFs
81731,81731,Hepatocytes
81732,81732,CAFs
81733,81733,Hepatocytes
81734,81734,CAFs
81735,81735,CAFs
81736,81736,Malignant cells
81737,81737,Malignant cells
81738,81738,Malignant cells
81739,81739,Hepatocytes
81740,81740,Monocytes
81741,81741,CAFs
81742,81742,Hepatocytes
81743,81743,TECs
81744,81744,Hepatocytes
81745,81745,Hepatocytes
81746,81746,Hepatocytes
81747,81747,Hepatocytes
81748,81748,CAFs
81749,81749,TAMs
81750,81750,Malignant cells
81751,81751,Plasma cells
81752,81752,Malignant cells
81753,81753,Hepatocytes
81754,81754,Hepatocytes
81755,81755,Hepatocytes
81756,81756,Hepatocytes
81757,81757,CAFs
81758,81758,Hepatocytes
81759,81759,Stellate cells
81760,81760,CAFs
81761,81761,CAFs
81762,81762,CAFs
81763,81763,CAFs
81764,81764,Plasma cells
81765,81765,CAFs
81766,81766,CAFs
81767,81767,Hepatocytes
81768,81768,CAFs
81769,81769,CAFs
81770,81770,CAFs
81771,81771,CAFs
81772,81772,CAFs
81773,81773,CAFs
81774,81774,TECs
81775,81775,CAFs
81776,81776,CAFs
81777,81777,CAFs
81778,81778,Hepatocytes
81779,81779,TECs
81780,81780,TECs
81781,81781,CAFs
81782,81782,CAFs
81783,81783,CAFs
81784,81784,CAFs
81785,81785,CAFs
81786,81786,Neutrophils
81787,81787,Malignant cells
81788,81788,Plasma cells
81789,81789,Malignant cells
81790,81790,TECs
81791,81791,CAFs
81792,81792,CAFs
81793,81793,CAFs
81794,81794,T cells
81795,81795,CAFs
81796,81796,CAFs
81797,81797,Cholangiocytes
81798,81798,CAFs
81799,81799,CAFs
81800,81800,Hepatocytes
81801,81801,CAFs
81802,81802,CAFs
81803,81803,CAFs
81804,81804,Cholangiocytes
81805,81805,CAFs
81806,81806,TAMs
81807,81807,CAFs
81808,81808,CAFs
81809,81809,CAFs
81810,81810,CAFs
81811,81811,CAFs
81812,81812,CAFs
81813,81813,CAFs
81814,81814,CAFs
81815,81815,CAFs
81816,81816,CAFs
81817,81817,CAFs
81818,81818,CAFs
81819,81819,CAFs
81820,81820,TAMs
81821,81821,Malignant cells
81822,81822,CAFs
81823,81823,CAFs
81824,81824,CAFs
81825,81825,TECs
81826,81826,CAFs
81827,81827,Hepatocytes
81828,81828,TAMs
81829,81829,CAFs
81830,81830,TECs
81831,81831,Hepatocytes
81832,81832,TECs
81833,81833,CAFs
81834,81834,TECs
81835,81835,Malignant cells
81836,81836,TECs
81837,81837,TECs
81838,81838,TECs
81839,81839,TAMs
81840,81840,CAFs
81841,81841,TECs
81842,81842,CAFs
81843,81843,CAFs
81844,81844,TECs
81845,81845,CAFs
81846,81846,CAFs
81847,81847,Hepatocytes
81848,81848,CAFs
81849,81849,TECs
81850,81850,CAFs
81851,81851,TECs
81852,81852,CAFs
81853,81853,CAFs
81854,81854,CAFs
81855,81855,CAFs
81856,81856,TECs
81857,81857,CAFs
81858,81858,CAFs
81859,81859,CAFs
81860,81860,Malignant cells
81861,81861,TECs
81862,81862,Hepatocytes
81863,81863,Hepatocytes
81864,81864,Malignant cells
81865,81865,CAFs
81866,81866,Malignant cells
81867,81867,Malignant cells
81868,81868,Hepatocytes
81869,81869,TAMs
81870,81870,TECs
81871,81871,Hepatocytes
81872,81872,Hepatocytes
81873,81873,Hepatocytes
81874,81874,CAFs
81875,81875,Malignant cells
81876,81876,Hepatocytes
81877,81877,Malignant cells
81878,81878,Hepatocytes
81879,81879,TECs
81880,81880,TECs
81881,81881,TECs
81882,81882,Cholangiocytes
81883,81883,CAFs
81884,81884,Hepatocytes
81885,81885,TECs
81886,81886,CAFs
81887,81887,Hepatocytes
81888,81888,CAFs
81889,81889,Hepatocytes
81890,81890,Hepatocytes
81891,81891,Hepatocytes
81892,81892,CAFs
81893,81893,CAFs
81894,81894,Hepatocytes
81895,81895,Malignant cells
81896,81896,TECs
81897,81897,Hepatocytes
81898,81898,T cells
81899,81899,Hepatocytes
81900,81900,CAFs
81901,81901,Hepatocytes
81902,81902,Malignant cells
81903,81903,Hepatocytes
81904,81904,CAFs
81905,81905,Hepatocytes
81906,81906,TAMs
81907,81907,CAFs
81908,81908,Hepatocytes
81909,81909,CAFs
81910,81910,Hepatocytes
81911,81911,Hepatocytes
81912,81912,Hepatocytes
81913,81913,CAFs
81914,81914,CAFs
81915,81915,Hepatocytes
81916,81916,Malignant cells
81917,81917,Hepatocytes
81918,81918,Malignant cells
81919,81919,Malignant cells
81920,81920,TECs
81921,81921,Hepatocytes
81922,81922,Hepatocytes
81923,81923,TECs
81924,81924,Hepatocytes
81925,81925,Smooth muscle cells
81926,81926,Malignant cells
81927,81927,TECs
81928,81928,Hepatocytes
81929,81929,Hepatocytes
81930,81930,Hepatocytes
81931,81931,CAFs
81932,81932,CAFs
81933,81933,CAFs
81934,81934,CAFs
81935,81935,TAMs
81936,81936,TAMs
81937,81937,Dendritic cells
81938,81938,CAFs
81939,81939,TECs
81940,81940,CAFs
81941,81941,CAFs
81942,81942,Hepatocytes
81943,81943,CAFs
81944,81944,CAFs
81945,81945,CAFs
81946,81946,CAFs
81947,81947,Hepatocytes
81948,81948,Malignant cells
81949,81949,Malignant cells
81950,81950,Hepatocytes
81951,81951,Malignant cells
81952,81952,CAFs
81953,81953,Malignant cells
81954,81954,Malignant cells
81955,81955,Malignant cells
81956,81956,CAFs
81957,81957,Malignant cells
81958,81958,Hepatocytes
81959,81959,CAFs
81960,81960,TAMs
81961,81961,Smooth muscle cells
81962,81962,CAFs
81963,81963,TECs
81964,81964,Hepatocytes
81965,81965,Malignant cells
81966,81966,Hepatocytes
81967,81967,CAFs
81968,81968,Hepatocytes
81969,81969,Hepatocytes
81970,81970,Malignant cells
81971,81971,Hepatocytes
81972,81972,Hepatocytes
81973,81973,Hepatocytes
81974,81974,Hepatocytes
81975,81975,Malignant cells
81976,81976,TECs
81977,81977,Hepatocytes
81978,81978,Malignant cells
81979,81979,Hepatocytes
81980,81980,Hepatocytes
81981,81981,Malignant cells
81982,81982,Malignant cells
81983,81983,Hepatocytes
81984,81984,TECs
81985,81985,Hepatocytes
81986,81986,TECs
81987,81987,Malignant cells
81988,81988,TECs
81989,81989,Hepatocytes
81990,81990,Malignant cells
81991,81991,CAFs
81992,81992,CAFs
81993,81993,Hepatocytes
81994,81994,Hepatocytes
81995,81995,Hepatocytes
81996,81996,Hepatocytes
81997,81997,Hepatocytes
81998,81998,Hepatocytes
81999,81999,Hepatocytes
82000,82000,Hepatocytes
82001,82001,Hepatocytes
82002,82002,CAFs
82003,82003,Hepatocytes
82004,82004,Hepatocytes
82005,82005,Hepatocytes
82006,82006,Hepatocytes
82007,82007,CAFs
82008,82008,Hepatocytes
82009,82009,Hepatocytes
82010,82010,TECs
82011,82011,Hepatocytes
82012,82012,TECs
82013,82013,TECs
82014,82014,Malignant cells
82015,82015,Hepatocytes
82016,82016,TECs
82017,82017,Hepatocytes
82018,82018,Malignant cells
82019,82019,Hepatocytes
82020,82020,CAFs
82021,82021,CAFs
82022,82022,Hepatocytes
82023,82023,Hepatocytes
82024,82024,Monocytes
82025,82025,CAFs
82026,82026,TAMs
82027,82027,Hepatocytes
82028,82028,CAFs
82029,82029,Hepatocytes
82030,82030,Hepatocytes
82031,82031,Hepatocytes
82032,82032,CAFs
82033,82033,Malignant cells
82034,82034,TECs
82035,82035,CAFs
82036,82036,Malignant cells
82037,82037,Hepatocytes
82038,82038,Hepatocytes
82039,82039,Smooth muscle cells
82040,82040,Hepatocytes
82041,82041,Malignant cells
82042,82042,NK cells
82043,82043,TECs
82044,82044,Hepatocytes
82045,82045,TECs
82046,82046,Hepatocytes
82047,82047,TECs
82048,82048,CAFs
82049,82049,CAFs
82050,82050,Hepatocytes
82051,82051,Malignant cells
82052,82052,Monocytes
82053,82053,Malignant cells
82054,82054,CAFs
82055,82055,Hepatocytes
82056,82056,Hepatocytes
82057,82057,Hepatocytes
82058,82058,Malignant cells
82059,82059,Hepatocytes
82060,82060,Hepatocytes
82061,82061,Hepatocytes
82062,82062,Stellate cells
82063,82063,Hepatocytes
82064,82064,Hepatocytes
82065,82065,Hepatocytes
82066,82066,Hepatocytes
82067,82067,Hepatocytes
82068,82068,Hepatocytes
82069,82069,TECs
82070,82070,Hepatocytes
82071,82071,TAMs
82072,82072,Hepatocytes
82073,82073,Hepatocytes
82074,82074,Hepatocytes
82075,82075,CAFs
82076,82076,Malignant cells
82077,82077,TECs
82078,82078,Malignant cells
82079,82079,CAFs
82080,82080,TAMs
82081,82081,CAFs
82082,82082,CAFs
82083,82083,CAFs
82084,82084,CAFs
82085,82085,CAFs
82086,82086,TECs
82087,82087,TECs
82088,82088,CAFs
82089,82089,CAFs
82090,82090,TECs
82091,82091,Hepatocytes
82092,82092,Malignant cells
82093,82093,TECs
82094,82094,Plasma cells
82095,82095,CAFs
82096,82096,Cholangiocytes
82097,82097,CAFs
82098,82098,CAFs
82099,82099,TECs
82100,82100,CAFs
82101,82101,CAFs
82102,82102,TECs
82103,82103,Hepatocytes
82104,82104,Hepatocytes
82105,82105,Malignant cells
82106,82106,TECs
82107,82107,Hepatocytes
82108,82108,TECs
82109,82109,CAFs
82110,82110,TECs
82111,82111,TECs
82112,82112,CAFs
82113,82113,Hepatocytes
82114,82114,Hepatocytes
82115,82115,Hepatocytes
82116,82116,Hepatocytes
82117,82117,TECs
82118,82118,Hepatocytes
82119,82119,Hepatocytes
82120,82120,Malignant cells
82121,82121,CAFs
82122,82122,CAFs
82123,82123,CAFs
82124,82124,Malignant cells
82125,82125,CAFs
82126,82126,Malignant cells
82127,82127,Hepatocytes
82128,82128,Malignant cells
82129,82129,TECs
82130,82130,TAMs
82131,82131,Hepatocytes
82132,82132,Hepatocytes
82133,82133,CAFs
82134,82134,Hepatocytes
82135,82135,Hepatocytes
82136,82136,Cholangiocytes
82137,82137,TECs
82138,82138,Hepatocytes
82139,82139,Hepatocytes
82140,82140,TECs
82141,82141,TECs
82142,82142,CAFs
82143,82143,TECs
82144,82144,TECs
82145,82145,TECs
82146,82146,CAFs
82147,82147,TECs
82148,82148,CAFs
82149,82149,NK cells
82150,82150,Malignant cells
82151,82151,Cholangiocytes
82152,82152,TECs
82153,82153,Malignant cells
82154,82154,CAFs
82155,82155,Cholangiocytes
82156,82156,TECs
82157,82157,TECs
82158,82158,TECs
82159,82159,TECs
82160,82160,CAFs
82161,82161,CAFs
82162,82162,TECs
82163,82163,CAFs
82164,82164,CAFs
82165,82165,TECs
82166,82166,Smooth muscle cells
82167,82167,CAFs
82168,82168,Malignant cells
82169,82169,Malignant cells
82170,82170,Hepatocytes
82171,82171,Hepatocytes
82172,82172,Malignant cells
82173,82173,Hepatocytes
82174,82174,Hepatocytes
82175,82175,Malignant cells
82176,82176,Malignant cells
82177,82177,CAFs
82178,82178,TECs
82179,82179,TAMs
82180,82180,Hepatocytes
82181,82181,Neutrophils
82182,82182,TAMs
82183,82183,TECs
82184,82184,TAMs
82185,82185,Hepatocytes
82186,82186,TECs
82187,82187,Hepatocytes
82188,82188,Malignant cells
82189,82189,TECs
82190,82190,CAFs
82191,82191,CAFs
82192,82192,CAFs
82193,82193,CAFs
82194,82194,T cells
82195,82195,TAMs
82196,82196,CAFs
82197,82197,Monocytes
82198,82198,CAFs
82199,82199,CAFs
82200,82200,CAFs
82201,82201,CAFs
82202,82202,CAFs
82203,82203,CAFs
82204,82204,CAFs
82205,82205,CAFs
82206,82206,CAFs
82207,82207,CAFs
82208,82208,CAFs
82209,82209,CAFs
82210,82210,CAFs
82211,82211,CAFs
82212,82212,CAFs
82213,82213,CAFs
82214,82214,CAFs
82215,82215,CAFs
82216,82216,CAFs
82217,82217,CAFs
82218,82218,CAFs
82219,82219,CAFs
82220,82220,CAFs
82221,82221,CAFs
82222,82222,CAFs
82223,82223,TECs
82224,82224,Cholangiocytes
82225,82225,NK cells
82226,82226,TAMs
82227,82227,CAFs
82228,82228,CAFs
82229,82229,Dendritic cells
82230,82230,CAFs
82231,82231,CAFs
82232,82232,Malignant cells
82233,82233,TECs
82234,82234,CAFs
82235,82235,TECs
82236,82236,CAFs
82237,82237,CAFs
82238,82238,CAFs
82239,82239,CAFs
82240,82240,CAFs
82241,82241,CAFs
82242,82242,CAFs
82243,82243,CAFs
82244,82244,CAFs
82245,82245,CAFs
82246,82246,Cholangiocytes
82247,82247,TECs
82248,82248,Malignant cells
82249,82249,CAFs
82250,82250,TAMs
82251,82251,Malignant cells
82252,82252,CAFs
82253,82253,TECs
82254,82254,Dendritic cells
82255,82255,CAFs
82256,82256,TECs
82257,82257,Hepatocytes
82258,82258,Hepatocytes
82259,82259,CAFs
82260,82260,TECs
82261,82261,CAFs
82262,82262,CAFs
82263,82263,CAFs
82264,82264,Hepatocytes
82265,82265,Stellate cells
82266,82266,Hepatocytes
82267,82267,TECs
82268,82268,Hepatocytes
82269,82269,CAFs
82270,82270,CAFs
82271,82271,CAFs
82272,82272,NK cells
82273,82273,CAFs
82274,82274,CAFs
82275,82275,B cells
82276,82276,CAFs
82277,82277,CAFs
82278,82278,CAFs
82279,82279,CAFs
82280,82280,CAFs
82281,82281,T cells
82282,82282,CAFs
82283,82283,CAFs
82284,82284,CAFs
82285,82285,CAFs
82286,82286,CAFs
82287,82287,CAFs
82288,82288,CAFs
82289,82289,CAFs
82290,82290,TECs
82291,82291,CAFs
82292,82292,TECs
82293,82293,CAFs
82294,82294,CAFs
82295,82295,TECs
82296,82296,TECs
82297,82297,CAFs
82298,82298,CAFs
82299,82299,TECs
82300,82300,TECs
82301,82301,CAFs
82302,82302,Smooth muscle cells
82303,82303,TECs
82304,82304,B cells
82305,82305,CAFs
82306,82306,CAFs
82307,82307,TECs
82308,82308,TECs
82309,82309,CAFs
82310,82310,CAFs
82311,82311,CAFs
82312,82312,CAFs
82313,82313,CAFs
82314,82314,TECs
82315,82315,CAFs
82316,82316,CAFs
82317,82317,Stellate cells
82318,82318,CAFs
82319,82319,Hepatocytes
82320,82320,CAFs
82321,82321,CAFs
82322,82322,Plasmacytoid dendritic cells
82323,82323,CAFs
82324,82324,CAFs
82325,82325,TECs
82326,82326,Stellate cells
82327,82327,Smooth muscle cells
82328,82328,TECs
82329,82329,TECs
82330,82330,TECs
82331,82331,TECs
82332,82332,CAFs
82333,82333,Malignant cells
82334,82334,Malignant cells
82335,82335,CAFs
82336,82336,Malignant cells
82337,82337,Hepatocytes
82338,82338,CAFs
82339,82339,CAFs
82340,82340,CAFs
82341,82341,CAFs
82342,82342,Hepatocytes
82343,82343,CAFs
82344,82344,NK cells
82345,82345,Hepatocytes
82346,82346,TECs
82347,82347,CAFs
82348,82348,TECs
82349,82349,CAFs
82350,82350,Malignant cells
82351,82351,CAFs
82352,82352,CAFs
82353,82353,TECs
82354,82354,Hepatocytes
82355,82355,CAFs
82356,82356,CAFs
82357,82357,TECs
82358,82358,CAFs
82359,82359,Hepatocytes
82360,82360,CAFs
82361,82361,TECs
82362,82362,Hepatocytes
82363,82363,TECs
82364,82364,CAFs
82365,82365,CAFs
82366,82366,Hepatocytes
82367,82367,CAFs
82368,82368,CAFs
82369,82369,Cholangiocytes
82370,82370,Hepatocytes
82371,82371,CAFs
82372,82372,Plasma cells
82373,82373,Hepatocytes
82374,82374,Malignant cells
82375,82375,TECs
82376,82376,Hepatocytes
82377,82377,TECs
82378,82378,CAFs
82379,82379,CAFs
82380,82380,NK cells
82381,82381,TECs
82382,82382,TECs
82383,82383,CAFs
82384,82384,CAFs
82385,82385,TAMs
82386,82386,Dendritic cells
82387,82387,Monocytes
82388,82388,Plasma cells
82389,82389,CAFs
82390,82390,CAFs
82391,82391,CAFs
82392,82392,CAFs
82393,82393,CAFs
82394,82394,CAFs
82395,82395,Cholangiocytes
82396,82396,Cholangiocytes
82397,82397,Cholangiocytes
82398,82398,Cholangiocytes
82399,82399,CAFs
82400,82400,CAFs
82401,82401,TECs
82402,82402,CAFs
82403,82403,CAFs
82404,82404,Malignant cells
82405,82405,Malignant cells
82406,82406,Malignant cells
82407,82407,CAFs
82408,82408,CAFs
82409,82409,CAFs
82410,82410,TECs
82411,82411,TECs
82412,82412,TECs
82413,82413,CAFs
82414,82414,Malignant cells
82415,82415,CAFs
82416,82416,CAFs
82417,82417,CAFs
82418,82418,CAFs
82419,82419,CAFs
82420,82420,T cells
82421,82421,CAFs
82422,82422,CAFs
82423,82423,CAFs
82424,82424,CAFs
82425,82425,CAFs
82426,82426,Malignant cells
82427,82427,Malignant cells
82428,82428,Monocytes
82429,82429,CAFs
82430,82430,CAFs
82431,82431,CAFs
82432,82432,Monocytes
82433,82433,Hepatocytes
82434,82434,T cells
82435,82435,TECs
82436,82436,T cells
82437,82437,CAFs
82438,82438,CAFs
82439,82439,Monocytes
82440,82440,CAFs
82441,82441,CAFs
82442,82442,CAFs
82443,82443,CAFs
82444,82444,TECs
82445,82445,CAFs
82446,82446,CAFs
82447,82447,CAFs
82448,82448,CAFs
82449,82449,CAFs
82450,82450,CAFs
82451,82451,CAFs
82452,82452,TAMs
82453,82453,CAFs
82454,82454,CAFs
82455,82455,CAFs
82456,82456,CAFs
82457,82457,CAFs
82458,82458,CAFs
82459,82459,CAFs
82460,82460,Malignant cells
82461,82461,T cells
82462,82462,CAFs
82463,82463,Hepatocytes
82464,82464,CAFs
82465,82465,CAFs
82466,82466,CAFs
82467,82467,Malignant cells
82468,82468,CAFs
82469,82469,Dendritic cells
82470,82470,T cells
82471,82471,CAFs
82472,82472,CAFs
82473,82473,CAFs
82474,82474,CAFs
82475,82475,CAFs
82476,82476,CAFs
82477,82477,CAFs
82478,82478,CAFs
82479,82479,CAFs
82480,82480,CAFs
82481,82481,CAFs
82482,82482,CAFs
82483,82483,CAFs
82484,82484,Malignant cells
82485,82485,CAFs
82486,82486,CAFs
82487,82487,CAFs
82488,82488,CAFs
82489,82489,Hepatocytes
82490,82490,TAMs
82491,82491,CAFs
82492,82492,CAFs
82493,82493,Plasma cells
82494,82494,TAMs
82495,82495,CAFs
82496,82496,CAFs
82497,82497,Hepatocytes
82498,82498,CAFs
82499,82499,CAFs
82500,82500,CAFs
82501,82501,CAFs
82502,82502,CAFs
82503,82503,Hepatocytes
82504,82504,Hepatocytes
82505,82505,TECs
82506,82506,CAFs
82507,82507,CAFs
82508,82508,CAFs
82509,82509,CAFs
82510,82510,CAFs
82511,82511,TECs
82512,82512,Malignant cells
82513,82513,Hepatocytes
82514,82514,Hepatocytes
82515,82515,Hepatocytes
82516,82516,CAFs
82517,82517,Hepatocytes
82518,82518,CAFs
82519,82519,CAFs
82520,82520,CAFs
82521,82521,Hepatocytes
82522,82522,TAMs
82523,82523,CAFs
82524,82524,CAFs
82525,82525,CAFs
82526,82526,Malignant cells
82527,82527,TECs
82528,82528,Hepatocytes
82529,82529,CAFs
82530,82530,CAFs
82531,82531,Hepatocytes
82532,82532,Hepatocytes
82533,82533,TAMs
82534,82534,CAFs
82535,82535,CAFs
82536,82536,TECs
82537,82537,CAFs
82538,82538,Hepatocytes
82539,82539,Hepatocytes
82540,82540,CAFs
82541,82541,TECs
82542,82542,Hepatocytes
82543,82543,Malignant cells
82544,82544,CAFs
82545,82545,Malignant cells
82546,82546,CAFs
82547,82547,CAFs
82548,82548,Hepatocytes
82549,82549,Plasma cells
82550,82550,CAFs
82551,82551,CAFs
82552,82552,CAFs
82553,82553,CAFs
82554,82554,Hepatocytes
82555,82555,Hepatocytes
82556,82556,CAFs
82557,82557,CAFs
82558,82558,Hepatocytes
82559,82559,Hepatocytes
82560,82560,Malignant cells
82561,82561,Malignant cells
82562,82562,TECs
82563,82563,TECs
82564,82564,CAFs
82565,82565,Hepatocytes
82566,82566,TAMs
82567,82567,CAFs
82568,82568,CAFs
82569,82569,CAFs
82570,82570,Malignant cells
82571,82571,CAFs
82572,82572,CAFs
82573,82573,T cells
82574,82574,CAFs
82575,82575,CAFs
82576,82576,CAFs
82577,82577,CAFs
82578,82578,CAFs
82579,82579,T cells
82580,82580,CAFs
82581,82581,CAFs
82582,82582,CAFs
82583,82583,CAFs
82584,82584,CAFs
82585,82585,CAFs
82586,82586,CAFs
82587,82587,Hepatocytes
82588,82588,CAFs
82589,82589,CAFs
82590,82590,CAFs
82591,82591,CAFs
82592,82592,CAFs
82593,82593,CAFs
82594,82594,CAFs
82595,82595,CAFs
82596,82596,CAFs
82597,82597,CAFs
82598,82598,CAFs
82599,82599,CAFs
82600,82600,T cells
82601,82601,TECs
82602,82602,TAMs
82603,82603,CAFs
82604,82604,CAFs
82605,82605,CAFs
82606,82606,CAFs
82607,82607,CAFs
82608,82608,CAFs
82609,82609,CAFs
82610,82610,Mast cells
82611,82611,CAFs
82612,82612,CAFs
82613,82613,CAFs
82614,82614,CAFs
82615,82615,T cells
82616,82616,T cells
82617,82617,CAFs
82618,82618,CAFs
82619,82619,CAFs
82620,82620,Malignant cells
82621,82621,T cells
82622,82622,Hepatocytes
82623,82623,CAFs
82624,82624,T cells
82625,82625,CAFs
82626,82626,CAFs
82627,82627,T cells
82628,82628,CAFs
82629,82629,Malignant cells
82630,82630,CAFs
82631,82631,Malignant cells
82632,82632,Plasma cells
82633,82633,CAFs
82634,82634,CAFs
82635,82635,TECs
82636,82636,Monocytes
82637,82637,TECs
82638,82638,TAMs
82639,82639,Hepatocytes
82640,82640,CAFs
82641,82641,TAMs
82642,82642,CAFs
82643,82643,CAFs
82644,82644,TECs
82645,82645,Hepatocytes
82646,82646,Hepatocytes
82647,82647,Hepatocytes
82648,82648,Hepatocytes
82649,82649,Hepatocytes
82650,82650,TECs
82651,82651,TECs
82652,82652,Hepatocytes
82653,82653,Hepatocytes
82654,82654,Malignant cells
82655,82655,Malignant cells
82656,82656,Hepatocytes
82657,82657,TECs
82658,82658,CAFs
82659,82659,CAFs
82660,82660,TECs
82661,82661,Malignant cells
82662,82662,Hepatocytes
82663,82663,CAFs
82664,82664,TECs
82665,82665,Hepatocytes
82666,82666,Malignant cells
82667,82667,Malignant cells
82668,82668,CAFs
82669,82669,Hepatocytes
82670,82670,Hepatocytes
82671,82671,Malignant cells
82672,82672,TECs
82673,82673,Hepatocytes
82674,82674,Hepatocytes
82675,82675,Hepatocytes
82676,82676,Hepatocytes
82677,82677,Hepatocytes
82678,82678,Hepatocytes
82679,82679,Hepatocytes
82680,82680,Hepatocytes
82681,82681,CAFs
82682,82682,TECs
82683,82683,CAFs
82684,82684,Hepatocytes
82685,82685,Hepatocytes
82686,82686,CAFs
82687,82687,Hepatocytes
82688,82688,CAFs
82689,82689,Hepatocytes
82690,82690,Hepatocytes
82691,82691,TECs
82692,82692,CAFs
82693,82693,CAFs
82694,82694,CAFs
82695,82695,Hepatocytes
82696,82696,Malignant cells
82697,82697,Hepatocytes
82698,82698,Hepatocytes
82699,82699,TAMs
82700,82700,TAMs
82701,82701,Malignant cells
82702,82702,Hepatocytes
82703,82703,Malignant cells
82704,82704,Hepatocytes
82705,82705,CAFs
82706,82706,CAFs
82707,82707,Hepatocytes
82708,82708,CAFs
82709,82709,Hepatocytes
82710,82710,TECs
82711,82711,CAFs
82712,82712,Hepatocytes
82713,82713,CAFs
82714,82714,Hepatocytes
82715,82715,CAFs
82716,82716,T cells
82717,82717,Hepatocytes
82718,82718,Hepatocytes
82719,82719,CAFs
82720,82720,Malignant cells
82721,82721,CAFs
82722,82722,Hepatocytes
82723,82723,CAFs
82724,82724,CAFs
82725,82725,Hepatocytes
82726,82726,Hepatocytes
82727,82727,TECs
82728,82728,CAFs
82729,82729,CAFs
82730,82730,CAFs
82731,82731,CAFs
82732,82732,CAFs
82733,82733,Hepatocytes
82734,82734,CAFs
82735,82735,TECs
82736,82736,Hepatocytes
82737,82737,TECs
82738,82738,CAFs
82739,82739,CAFs
82740,82740,Hepatocytes
82741,82741,TECs
82742,82742,CAFs
82743,82743,CAFs
82744,82744,CAFs
82745,82745,CAFs
82746,82746,CAFs
82747,82747,CAFs
82748,82748,CAFs
82749,82749,CAFs
82750,82750,CAFs
82751,82751,CAFs
82752,82752,CAFs
82753,82753,CAFs
82754,82754,TAMs
82755,82755,CAFs
82756,82756,T cells
82757,82757,T cells
82758,82758,CAFs
82759,82759,CAFs
82760,82760,TAMs
82761,82761,TECs
82762,82762,CAFs
82763,82763,CAFs
82764,82764,CAFs
82765,82765,CAFs
82766,82766,T cells
82767,82767,CAFs
82768,82768,CAFs
82769,82769,CAFs
82770,82770,CAFs
82771,82771,CAFs
82772,82772,CAFs
82773,82773,TECs
82774,82774,CAFs
82775,82775,CAFs
82776,82776,CAFs
82777,82777,CAFs
82778,82778,CAFs
82779,82779,CAFs
82780,82780,CAFs
82781,82781,CAFs
82782,82782,TECs
82783,82783,Plasma cells
82784,82784,TAMs
82785,82785,Plasma cells
82786,82786,Plasma cells
82787,82787,TECs
82788,82788,CAFs
82789,82789,CAFs
82790,82790,CAFs
82791,82791,CAFs
82792,82792,CAFs
82793,82793,CAFs
82794,82794,CAFs
82795,82795,Stellate cells
82796,82796,CAFs
82797,82797,CAFs
82798,82798,CAFs
82799,82799,CAFs
82800,82800,T cells
82801,82801,CAFs
82802,82802,CAFs
82803,82803,CAFs
82804,82804,TECs
82805,82805,T cells
82806,82806,CAFs
82807,82807,T cells
82808,82808,CAFs
82809,82809,Hepatocytes
82810,82810,Malignant cells
82811,82811,Monocytes
82812,82812,CAFs
82813,82813,CAFs
82814,82814,TAMs
82815,82815,CAFs
82816,82816,CAFs
82817,82817,CAFs
82818,82818,CAFs
82819,82819,TECs
82820,82820,TECs
82821,82821,CAFs
82822,82822,CAFs
82823,82823,CAFs
82824,82824,CAFs
82825,82825,CAFs
82826,82826,TECs
82827,82827,CAFs
82828,82828,CAFs
82829,82829,CAFs
82830,82830,CAFs
82831,82831,CAFs
82832,82832,CAFs
82833,82833,TAMs
82834,82834,CAFs
82835,82835,CAFs
82836,82836,CAFs
82837,82837,TECs
82838,82838,CAFs
82839,82839,CAFs
82840,82840,Hepatocytes
82841,82841,CAFs
82842,82842,CAFs
82843,82843,CAFs
82844,82844,CAFs
82845,82845,CAFs
82846,82846,CAFs
82847,82847,CAFs
82848,82848,CAFs
82849,82849,CAFs
82850,82850,T cells
82851,82851,TECs
82852,82852,TECs
82853,82853,TECs
82854,82854,TECs
82855,82855,T cells
82856,82856,CAFs
82857,82857,CAFs
82858,82858,CAFs
82859,82859,Cholangiocytes
82860,82860,CAFs
82861,82861,CAFs
82862,82862,CAFs
82863,82863,CAFs
82864,82864,CAFs
82865,82865,CAFs
82866,82866,CAFs
82867,82867,CAFs
82868,82868,Malignant cells
82869,82869,Malignant cells
82870,82870,Malignant cells
82871,82871,Hepatocytes
82872,82872,Hepatocytes
82873,82873,Malignant cells
82874,82874,TECs
82875,82875,Malignant cells
82876,82876,Hepatocytes
82877,82877,Hepatocytes
82878,82878,Malignant cells
82879,82879,TECs
82880,82880,Malignant cells
82881,82881,Hepatocytes
82882,82882,Hepatocytes
82883,82883,Hepatocytes
82884,82884,TECs
82885,82885,Hepatocytes
82886,82886,Hepatocytes
82887,82887,Hepatocytes
82888,82888,Hepatocytes
82889,82889,TECs
82890,82890,Hepatocytes
82891,82891,CAFs
82892,82892,CAFs
82893,82893,CAFs
82894,82894,B cells
82895,82895,CAFs
82896,82896,CAFs
82897,82897,B cells
82898,82898,TECs
82899,82899,TECs
82900,82900,B cells
82901,82901,CAFs
82902,82902,CAFs
82903,82903,CAFs
82904,82904,CAFs
82905,82905,CAFs
82906,82906,CAFs
82907,82907,CAFs
82908,82908,Plasma cells
82909,82909,CAFs
82910,82910,CAFs
82911,82911,B cells
82912,82912,CAFs
82913,82913,CAFs
82914,82914,CAFs
82915,82915,CAFs
82916,82916,CAFs
82917,82917,CAFs
82918,82918,CAFs
82919,82919,CAFs
82920,82920,CAFs
82921,82921,CAFs
82922,82922,CAFs
82923,82923,CAFs
82924,82924,CAFs
82925,82925,CAFs
82926,82926,CAFs
82927,82927,TECs
82928,82928,CAFs
82929,82929,CAFs
82930,82930,CAFs
82931,82931,CAFs
82932,82932,CAFs
82933,82933,CAFs
82934,82934,CAFs
82935,82935,CAFs
82936,82936,CAFs
82937,82937,CAFs
82938,82938,CAFs
82939,82939,CAFs
82940,82940,CAFs
82941,82941,CAFs
82942,82942,CAFs
82943,82943,CAFs
82944,82944,CAFs
82945,82945,TECs
82946,82946,T cells
82947,82947,CAFs
82948,82948,CAFs
82949,82949,CAFs
82950,82950,CAFs
82951,82951,TECs
82952,82952,TECs
82953,82953,CAFs
82954,82954,CAFs
82955,82955,CAFs
82956,82956,CAFs
82957,82957,CAFs
82958,82958,TECs
82959,82959,TECs
82960,82960,CAFs
82961,82961,CAFs
82962,82962,CAFs
82963,82963,CAFs
82964,82964,CAFs
82965,82965,CAFs
82966,82966,CAFs
82967,82967,CAFs
82968,82968,CAFs
82969,82969,TAMs
82970,82970,CAFs
82971,82971,CAFs
82972,82972,CAFs
82973,82973,CAFs
82974,82974,CAFs
82975,82975,CAFs
82976,82976,Monocytes
82977,82977,CAFs
82978,82978,CAFs
82979,82979,CAFs
82980,82980,TECs
82981,82981,CAFs
82982,82982,CAFs
82983,82983,CAFs
82984,82984,TECs
82985,82985,CAFs
82986,82986,T cells
82987,82987,TECs
82988,82988,CAFs
82989,82989,CAFs
82990,82990,CAFs
82991,82991,CAFs
82992,82992,CAFs
82993,82993,CAFs
82994,82994,CAFs
82995,82995,CAFs
82996,82996,CAFs
82997,82997,CAFs
82998,82998,CAFs
82999,82999,CAFs
83000,83000,CAFs
83001,83001,CAFs
83002,83002,TECs
83003,83003,CAFs
83004,83004,CAFs
83005,83005,CAFs
83006,83006,CAFs
83007,83007,CAFs
83008,83008,TECs
83009,83009,CAFs
83010,83010,CAFs
83011,83011,TECs
83012,83012,TAMs
83013,83013,CAFs
83014,83014,CAFs
83015,83015,CAFs
83016,83016,TAMs
83017,83017,CAFs
83018,83018,CAFs
83019,83019,CAFs
83020,83020,TAMs
83021,83021,CAFs
83022,83022,CAFs
83023,83023,CAFs
83024,83024,CAFs
83025,83025,Cholangiocytes
83026,83026,CAFs
83027,83027,CAFs
83028,83028,CAFs
83029,83029,CAFs
83030,83030,CAFs
83031,83031,Cholangiocytes
83032,83032,CAFs
83033,83033,CAFs
83034,83034,CAFs
83035,83035,CAFs
83036,83036,CAFs
83037,83037,CAFs
83038,83038,CAFs
83039,83039,CAFs
83040,83040,CAFs
83041,83041,TECs
83042,83042,CAFs
83043,83043,T cells
83044,83044,CAFs
83045,83045,CAFs
83046,83046,T cells
83047,83047,T cells
83048,83048,T cells
83049,83049,TECs
83050,83050,T cells
83051,83051,CAFs
83052,83052,CAFs
83053,83053,T cells
83054,83054,Cholangiocytes
83055,83055,Plasma cells
83056,83056,CAFs
83057,83057,CAFs
83058,83058,TECs
83059,83059,T cells
83060,83060,CAFs
83061,83061,CAFs
83062,83062,T cells
83063,83063,NK cells
83064,83064,T cells
83065,83065,CAFs
83066,83066,T cells
83067,83067,TECs
83068,83068,CAFs
83069,83069,CAFs
83070,83070,T cells
83071,83071,TAMs
83072,83072,Hepatocytes
83073,83073,CAFs
83074,83074,Hepatocytes
83075,83075,CAFs
83076,83076,CAFs
83077,83077,CAFs
83078,83078,CAFs
83079,83079,CAFs
83080,83080,CAFs
83081,83081,CAFs
83082,83082,CAFs
83083,83083,Dendritic cells
83084,83084,CAFs
83085,83085,CAFs
83086,83086,CAFs
83087,83087,CAFs
83088,83088,Plasma cells
83089,83089,CAFs
83090,83090,CAFs
83091,83091,CAFs
83092,83092,CAFs
83093,83093,TECs
83094,83094,TECs
83095,83095,CAFs
83096,83096,CAFs
83097,83097,T cells
83098,83098,CAFs
83099,83099,Cholangiocytes
83100,83100,TECs
83101,83101,TECs
83102,83102,CAFs
83103,83103,T cells
83104,83104,B cells
83105,83105,T cells
83106,83106,CAFs
83107,83107,TECs
83108,83108,CAFs
83109,83109,TECs
83110,83110,CAFs
83111,83111,B cells
83112,83112,CAFs
83113,83113,CAFs
83114,83114,CAFs
83115,83115,TECs
83116,83116,CAFs
83117,83117,CAFs
83118,83118,Hepatocytes
83119,83119,CAFs
83120,83120,CAFs
83121,83121,CAFs
83122,83122,CAFs
83123,83123,CAFs
83124,83124,Cholangiocytes
83125,83125,CAFs
83126,83126,CAFs
83127,83127,CAFs
83128,83128,Cholangiocytes
83129,83129,CAFs
83130,83130,Cholangiocytes
83131,83131,CAFs
83132,83132,CAFs
83133,83133,CAFs
83134,83134,CAFs
83135,83135,CAFs
83136,83136,CAFs
83137,83137,CAFs
83138,83138,TECs
83139,83139,CAFs
83140,83140,CAFs
83141,83141,CAFs
83142,83142,CAFs
83143,83143,CAFs
83144,83144,CAFs
83145,83145,CAFs
83146,83146,Monocytes
83147,83147,CAFs
83148,83148,TECs
83149,83149,CAFs
83150,83150,CAFs
83151,83151,CAFs
83152,83152,CAFs
83153,83153,CAFs
83154,83154,CAFs
83155,83155,CAFs
83156,83156,CAFs
83157,83157,CAFs
83158,83158,CAFs
83159,83159,Monocytes
83160,83160,CAFs
83161,83161,CAFs
83162,83162,CAFs
83163,83163,CAFs
83164,83164,CAFs
83165,83165,CAFs
83166,83166,CAFs
83167,83167,CAFs
83168,83168,Monocytes
83169,83169,CAFs
83170,83170,B cells
83171,83171,T cells
83172,83172,CAFs
83173,83173,CAFs
83174,83174,CAFs
83175,83175,CAFs
83176,83176,CAFs
83177,83177,Plasma cells
83178,83178,CAFs
83179,83179,Plasma cells
83180,83180,CAFs
83181,83181,CAFs
83182,83182,Hepatocytes
83183,83183,Neutrophils
83184,83184,Plasma cells
83185,83185,CAFs
83186,83186,CAFs
83187,83187,CAFs
83188,83188,CAFs
83189,83189,CAFs
83190,83190,CAFs
83191,83191,CAFs
83192,83192,Malignant cells
83193,83193,Malignant cells
83194,83194,CAFs
83195,83195,CAFs
83196,83196,CAFs
83197,83197,CAFs
83198,83198,CAFs
83199,83199,CAFs
83200,83200,TAMs
83201,83201,NK cells
83202,83202,Malignant cells
83203,83203,CAFs
83204,83204,B cells
83205,83205,Hepatocytes
83206,83206,B cells
83207,83207,Mast cells
83208,83208,Malignant cells
83209,83209,TECs
83210,83210,T cells
83211,83211,CAFs
83212,83212,CAFs
83213,83213,B cells
83214,83214,Hepatocytes
83215,83215,B cells
83216,83216,CAFs
83217,83217,CAFs
83218,83218,CAFs
83219,83219,Monocytes
83220,83220,T cells
83221,83221,Plasma cells
83222,83222,B cells
83223,83223,T cells
83224,83224,CAFs
83225,83225,CAFs
83226,83226,Hepatocytes
83227,83227,T cells
83228,83228,CAFs
83229,83229,CAFs
83230,83230,T cells
83231,83231,CAFs
83232,83232,CAFs
83233,83233,TECs
83234,83234,Malignant cells
83235,83235,CAFs
83236,83236,CAFs
83237,83237,CAFs
83238,83238,CAFs
83239,83239,Smooth muscle cells
83240,83240,CAFs
83241,83241,CAFs
83242,83242,TAMs
83243,83243,Dendritic cells
83244,83244,CAFs
83245,83245,CAFs
83246,83246,TECs
83247,83247,CAFs
83248,83248,CAFs
83249,83249,CAFs
83250,83250,CAFs
83251,83251,CAFs
83252,83252,CAFs
83253,83253,CAFs
83254,83254,CAFs
83255,83255,CAFs
83256,83256,CAFs
83257,83257,CAFs
83258,83258,CAFs
83259,83259,CAFs
83260,83260,CAFs
83261,83261,CAFs
83262,83262,CAFs
83263,83263,CAFs
83264,83264,CAFs
83265,83265,CAFs
83266,83266,CAFs
83267,83267,CAFs
83268,83268,CAFs
83269,83269,TECs
83270,83270,CAFs
83271,83271,CAFs
83272,83272,CAFs
83273,83273,CAFs
83274,83274,TECs
83275,83275,CAFs
83276,83276,CAFs
83277,83277,CAFs
83278,83278,CAFs
83279,83279,CAFs
83280,83280,CAFs
83281,83281,CAFs
83282,83282,CAFs
83283,83283,CAFs
83284,83284,CAFs
83285,83285,CAFs
83286,83286,CAFs
83287,83287,CAFs
83288,83288,CAFs
83289,83289,CAFs
83290,83290,CAFs
83291,83291,CAFs
83292,83292,CAFs
83293,83293,CAFs
83294,83294,CAFs
83295,83295,TECs
83296,83296,CAFs
83297,83297,T cells
83298,83298,T cells
83299,83299,CAFs
83300,83300,CAFs
83301,83301,CAFs
83302,83302,CAFs
83303,83303,NK cells
83304,83304,T cells
83305,83305,CAFs
83306,83306,CAFs
83307,83307,CAFs
83308,83308,CAFs
83309,83309,CAFs
83310,83310,Malignant cells
83311,83311,CAFs
83312,83312,CAFs
83313,83313,Malignant cells
83314,83314,CAFs
83315,83315,Malignant cells
83316,83316,CAFs
83317,83317,CAFs
83318,83318,CAFs
83319,83319,T cells
83320,83320,CAFs
83321,83321,CAFs
83322,83322,CAFs
83323,83323,CAFs
83324,83324,CAFs
83325,83325,CAFs
83326,83326,TECs
83327,83327,CAFs
83328,83328,CAFs
83329,83329,CAFs
83330,83330,CAFs
83331,83331,CAFs
83332,83332,Plasma cells
83333,83333,CAFs
83334,83334,CAFs
83335,83335,CAFs
83336,83336,CAFs
83337,83337,CAFs
83338,83338,TECs
83339,83339,CAFs
83340,83340,CAFs
83341,83341,TECs
83342,83342,CAFs
83343,83343,CAFs
83344,83344,CAFs
83345,83345,CAFs
83346,83346,CAFs
83347,83347,CAFs
83348,83348,CAFs
83349,83349,CAFs
83350,83350,CAFs
83351,83351,Cholangiocytes
83352,83352,Cholangiocytes
83353,83353,CAFs
83354,83354,CAFs
83355,83355,CAFs
83356,83356,TECs
83357,83357,CAFs
83358,83358,CAFs
83359,83359,CAFs
83360,83360,Malignant cells
83361,83361,CAFs
83362,83362,CAFs
83363,83363,CAFs
83364,83364,TECs
83365,83365,CAFs
83366,83366,CAFs
83367,83367,CAFs
83368,83368,CAFs
83369,83369,CAFs
83370,83370,CAFs
83371,83371,CAFs
83372,83372,CAFs
83373,83373,CAFs
83374,83374,CAFs
83375,83375,CAFs
83376,83376,CAFs
83377,83377,TAMs
83378,83378,TAMs
83379,83379,TECs
83380,83380,TECs
83381,83381,CAFs
83382,83382,CAFs
83383,83383,CAFs
83384,83384,TECs
83385,83385,CAFs
83386,83386,TECs
83387,83387,CAFs
83388,83388,TECs
83389,83389,TECs
83390,83390,CAFs
83391,83391,TECs
83392,83392,CAFs
83393,83393,CAFs
83394,83394,CAFs
83395,83395,CAFs
83396,83396,TECs
83397,83397,CAFs
83398,83398,TECs
83399,83399,T cells
83400,83400,TECs
83401,83401,CAFs
83402,83402,CAFs
83403,83403,TECs
83404,83404,CAFs
83405,83405,CAFs
83406,83406,TAMs
83407,83407,CAFs
83408,83408,CAFs
83409,83409,CAFs
83410,83410,CAFs
83411,83411,CAFs
83412,83412,CAFs
83413,83413,CAFs
83414,83414,Monocytes
83415,83415,CAFs
83416,83416,CAFs
83417,83417,CAFs
83418,83418,CAFs
83419,83419,CAFs
83420,83420,CAFs
83421,83421,CAFs
83422,83422,CAFs
83423,83423,CAFs
83424,83424,TAMs
83425,83425,Monocytes
83426,83426,Dendritic cells
83427,83427,Monocytes
83428,83428,CAFs
83429,83429,CAFs
83430,83430,CAFs
83431,83431,CAFs
83432,83432,CAFs
83433,83433,CAFs
83434,83434,CAFs
83435,83435,CAFs
83436,83436,CAFs
83437,83437,CAFs
83438,83438,CAFs
83439,83439,TAMs
83440,83440,CAFs
83441,83441,TECs
83442,83442,CAFs
83443,83443,CAFs
83444,83444,TECs
83445,83445,CAFs
83446,83446,CAFs
83447,83447,CAFs
83448,83448,CAFs
83449,83449,CAFs
83450,83450,CAFs
83451,83451,CAFs
83452,83452,CAFs
83453,83453,TECs
83454,83454,CAFs
83455,83455,CAFs
83456,83456,CAFs
83457,83457,TECs
83458,83458,TAMs
83459,83459,TECs
83460,83460,TAMs
83461,83461,TAMs
83462,83462,CAFs
83463,83463,CAFs
83464,83464,T cells
83465,83465,CAFs
83466,83466,T cells
83467,83467,CAFs
83468,83468,CAFs
83469,83469,B cells
83470,83470,CAFs
83471,83471,CAFs
83472,83472,TAMs
83473,83473,CAFs
83474,83474,CAFs
83475,83475,CAFs
83476,83476,CAFs
83477,83477,CAFs
83478,83478,T cells
83479,83479,TECs
83480,83480,CAFs
83481,83481,Neutrophils
83482,83482,CAFs
83483,83483,CAFs
83484,83484,T cells
83485,83485,T cells
83486,83486,CAFs
83487,83487,CAFs
83488,83488,T cells
83489,83489,CAFs
83490,83490,T cells
83491,83491,CAFs
83492,83492,T cells
83493,83493,CAFs
83494,83494,CAFs
83495,83495,CAFs
83496,83496,CAFs
83497,83497,T cells
83498,83498,CAFs
83499,83499,T cells
83500,83500,CAFs
83501,83501,CAFs
83502,83502,CAFs
83503,83503,CAFs
83504,83504,CAFs
83505,83505,CAFs
83506,83506,CAFs
83507,83507,TECs
83508,83508,CAFs
83509,83509,CAFs
83510,83510,CAFs
83511,83511,CAFs
83512,83512,CAFs
83513,83513,CAFs
83514,83514,CAFs
83515,83515,Monocytes
83516,83516,CAFs
83517,83517,CAFs
83518,83518,TECs
83519,83519,Plasma cells
83520,83520,CAFs
83521,83521,CAFs
83522,83522,TAMs
83523,83523,CAFs
83524,83524,CAFs
83525,83525,CAFs
83526,83526,CAFs
83527,83527,CAFs
83528,83528,TAMs
83529,83529,CAFs
83530,83530,CAFs
83531,83531,CAFs
83532,83532,Malignant cells
83533,83533,CAFs
83534,83534,CAFs
83535,83535,CAFs
83536,83536,CAFs
83537,83537,CAFs
83538,83538,CAFs
83539,83539,T cells
83540,83540,CAFs
83541,83541,TECs
83542,83542,CAFs
83543,83543,CAFs
83544,83544,CAFs
83545,83545,CAFs
83546,83546,CAFs
83547,83547,CAFs
83548,83548,CAFs
83549,83549,CAFs
83550,83550,CAFs
83551,83551,T cells
83552,83552,CAFs
83553,83553,CAFs
83554,83554,CAFs
83555,83555,CAFs
83556,83556,TECs
83557,83557,CAFs
83558,83558,CAFs
83559,83559,CAFs
83560,83560,CAFs
83561,83561,TECs
83562,83562,CAFs
83563,83563,CAFs
83564,83564,CAFs
83565,83565,CAFs
83566,83566,CAFs
83567,83567,CAFs
83568,83568,CAFs
83569,83569,CAFs
83570,83570,CAFs
83571,83571,T cells
83572,83572,TECs
83573,83573,CAFs
83574,83574,B cells
83575,83575,T cells
83576,83576,T cells
83577,83577,CAFs
83578,83578,CAFs
83579,83579,T cells
83580,83580,CAFs
83581,83581,CAFs
83582,83582,CAFs
83583,83583,CAFs
83584,83584,CAFs
83585,83585,T cells
83586,83586,CAFs
83587,83587,CAFs
83588,83588,CAFs
83589,83589,CAFs
83590,83590,CAFs
83591,83591,CAFs
83592,83592,CAFs
83593,83593,CAFs
83594,83594,CAFs
83595,83595,CAFs
83596,83596,CAFs
83597,83597,CAFs
83598,83598,CAFs
83599,83599,CAFs
83600,83600,CAFs
83601,83601,CAFs
83602,83602,CAFs
83603,83603,CAFs
83604,83604,CAFs
83605,83605,CAFs
83606,83606,CAFs
83607,83607,CAFs
83608,83608,CAFs
83609,83609,T cells
83610,83610,CAFs
83611,83611,CAFs
83612,83612,CAFs
83613,83613,CAFs
83614,83614,CAFs
83615,83615,CAFs
83616,83616,T cells
83617,83617,TECs
83618,83618,TECs
83619,83619,CAFs
83620,83620,CAFs
83621,83621,CAFs
83622,83622,CAFs
83623,83623,CAFs
83624,83624,CAFs
83625,83625,CAFs
83626,83626,CAFs
83627,83627,CAFs
83628,83628,TECs
83629,83629,TECs
83630,83630,CAFs
83631,83631,TECs
83632,83632,CAFs
83633,83633,CAFs
83634,83634,TECs
83635,83635,TECs
83636,83636,CAFs
83637,83637,CAFs
83638,83638,TECs
83639,83639,TECs
83640,83640,TECs
83641,83641,TECs
83642,83642,CAFs
83643,83643,TECs
83644,83644,CAFs
83645,83645,CAFs
83646,83646,CAFs
83647,83647,NK cells
83648,83648,TECs
83649,83649,TECs
83650,83650,TECs
83651,83651,CAFs
83652,83652,CAFs
83653,83653,CAFs
83654,83654,CAFs
83655,83655,CAFs
83656,83656,CAFs
83657,83657,CAFs
83658,83658,CAFs
83659,83659,CAFs
83660,83660,CAFs
83661,83661,CAFs
83662,83662,CAFs
83663,83663,CAFs
83664,83664,CAFs
83665,83665,CAFs
83666,83666,TECs
83667,83667,CAFs
83668,83668,CAFs
83669,83669,CAFs
83670,83670,CAFs
83671,83671,CAFs
83672,83672,CAFs
83673,83673,CAFs
83674,83674,CAFs
83675,83675,CAFs
83676,83676,TAMs
83677,83677,CAFs
83678,83678,CAFs
83679,83679,CAFs
83680,83680,CAFs
83681,83681,CAFs
83682,83682,CAFs
83683,83683,CAFs
83684,83684,CAFs
83685,83685,CAFs
83686,83686,CAFs
83687,83687,Smooth muscle cells
83688,83688,CAFs
83689,83689,CAFs
83690,83690,Smooth muscle cells
83691,83691,CAFs
83692,83692,CAFs
83693,83693,CAFs
83694,83694,TECs
83695,83695,CAFs
83696,83696,CAFs
83697,83697,TECs
83698,83698,TECs
83699,83699,CAFs
83700,83700,Smooth muscle cells
83701,83701,CAFs
83702,83702,TECs
83703,83703,CAFs
83704,83704,TECs
83705,83705,CAFs
83706,83706,Monocytes
83707,83707,CAFs
83708,83708,B cells
83709,83709,CAFs
83710,83710,CAFs
83711,83711,CAFs
83712,83712,CAFs
83713,83713,T cells
83714,83714,CAFs
83715,83715,CAFs
83716,83716,B cells
83717,83717,CAFs
83718,83718,CAFs
83719,83719,Monocytes
83720,83720,CAFs
83721,83721,CAFs
83722,83722,CAFs
83723,83723,Hepatocytes
83724,83724,CAFs
83725,83725,Dendritic cells
83726,83726,T cells
83727,83727,B cells
83728,83728,CAFs
83729,83729,NK cells
83730,83730,TAMs
83731,83731,Dendritic cells
83732,83732,B cells
83733,83733,CAFs
83734,83734,CAFs
83735,83735,Monocytes
83736,83736,CAFs
83737,83737,CAFs
83738,83738,CAFs
83739,83739,CAFs
83740,83740,CAFs
83741,83741,CAFs
83742,83742,CAFs
83743,83743,CAFs
83744,83744,CAFs
83745,83745,T cells
83746,83746,T cells
83747,83747,CAFs
83748,83748,B cells
83749,83749,T cells
83750,83750,CAFs
83751,83751,CAFs
83752,83752,CAFs
83753,83753,T cells
83754,83754,CAFs
83755,83755,CAFs
83756,83756,CAFs
83757,83757,CAFs
83758,83758,CAFs
83759,83759,CAFs
83760,83760,CAFs
83761,83761,CAFs
83762,83762,CAFs
83763,83763,CAFs
83764,83764,CAFs
83765,83765,CAFs
83766,83766,CAFs
83767,83767,CAFs
83768,83768,CAFs
83769,83769,CAFs
83770,83770,Monocytes
83771,83771,CAFs
83772,83772,CAFs
83773,83773,CAFs
83774,83774,CAFs
83775,83775,T cells
83776,83776,T cells
83777,83777,CAFs
83778,83778,CAFs
83779,83779,CAFs
83780,83780,T cells
83781,83781,CAFs
83782,83782,Neutrophils
83783,83783,T cells
83784,83784,TAMs
83785,83785,TAMs
83786,83786,CAFs
83787,83787,CAFs
83788,83788,CAFs
83789,83789,CAFs
83790,83790,CAFs
83791,83791,CAFs
83792,83792,CAFs
83793,83793,TAMs
83794,83794,CAFs
83795,83795,CAFs
83796,83796,CAFs
83797,83797,CAFs
83798,83798,CAFs
83799,83799,CAFs
83800,83800,CAFs
83801,83801,CAFs
83802,83802,CAFs
83803,83803,Hepatocytes
83804,83804,CAFs
83805,83805,CAFs
83806,83806,CAFs
83807,83807,NK cells
83808,83808,CAFs
83809,83809,T cells
83810,83810,TECs
83811,83811,CAFs
83812,83812,CAFs
83813,83813,CAFs
83814,83814,T cells
83815,83815,T cells
83816,83816,T cells
83817,83817,T cells
83818,83818,CAFs
83819,83819,Neutrophils
83820,83820,B cells
83821,83821,CAFs
83822,83822,T cells
83823,83823,B cells
83824,83824,Dendritic cells
83825,83825,Plasma cells
83826,83826,CAFs
83827,83827,B cells
83828,83828,CAFs
90470,90470,Hepatocytes
90471,90471,TECs
90472,90472,TECs
90473,90473,CAFs
90474,90474,CAFs
90475,90475,TECs
90476,90476,CAFs
90477,90477,TECs
90478,90478,TECs
90479,90479,TECs
90480,90480,TECs
90481,90481,Malignant cells
90482,90482,Hepatocytes
90483,90483,Hepatocytes
90484,90484,TECs
90485,90485,NK cells
90486,90486,TECs
90487,90487,TECs
90488,90488,TECs
90489,90489,Hepatocytes
90490,90490,CAFs
90491,90491,TECs
90492,90492,TECs
90493,90493,CAFs
90494,90494,CAFs
90495,90495,CAFs
90496,90496,CAFs
90497,90497,CAFs
90498,90498,CAFs
90499,90499,CAFs
90500,90500,CAFs
90501,90501,B cells
90502,90502,CAFs
90503,90503,TECs
90504,90504,CAFs
90505,90505,CAFs
90506,90506,CAFs
90507,90507,Plasma cells
90508,90508,CAFs
90509,90509,Malignant cells
90510,90510,CAFs
90511,90511,TAMs
90512,90512,CAFs
90513,90513,Plasma cells
90514,90514,Hepatocytes
90515,90515,CAFs
90516,90516,CAFs
90517,90517,CAFs
90518,90518,CAFs
90519,90519,CAFs
90520,90520,CAFs
90521,90521,CAFs
90522,90522,CAFs
90523,90523,CAFs
90524,90524,Hepatocytes
90525,90525,CAFs
90526,90526,CAFs
90527,90527,CAFs
90528,90528,TECs
90529,90529,CAFs
90530,90530,CAFs
90531,90531,TECs
90532,90532,TECs
127771,127771,Malignant cells
127772,127772,Malignant cells
127773,127773,Malignant cells
127774,127774,Malignant cells
127775,127775,Malignant cells
127776,127776,Malignant cells
127777,127777,Malignant cells
127778,127778,Malignant cells
127779,127779,Malignant cells
127780,127780,Malignant cells
127781,127781,Hepatocytes
127782,127782,Malignant cells
127783,127783,Malignant cells
127784,127784,Hepatocytes
127785,127785,Malignant cells
127786,127786,Malignant cells
127787,127787,Malignant cells
127788,127788,Malignant cells
127789,127789,Malignant cells
127790,127790,Malignant cells
127791,127791,Malignant cells
127792,127792,Malignant cells
127793,127793,Malignant cells
127794,127794,Malignant cells
127795,127795,Malignant cells
127796,127796,Malignant cells
127797,127797,Malignant cells
127798,127798,Malignant cells
127799,127799,Malignant cells
127800,127800,Malignant cells
127801,127801,Hepatocytes
127802,127802,Malignant cells
127803,127803,Malignant cells
127804,127804,Malignant cells
127805,127805,Malignant cells
127806,127806,Malignant cells
127807,127807,Malignant cells
127808,127808,Malignant cells
127809,127809,Malignant cells
127810,127810,Malignant cells
127811,127811,Malignant cells
127812,127812,Malignant cells
127813,127813,Malignant cells
127814,127814,Malignant cells
127815,127815,Hepatocytes
127816,127816,TECs
127817,127817,Malignant cells
127818,127818,Malignant cells
127819,127819,Malignant cells
127820,127820,Malignant cells
127821,127821,Malignant cells
127822,127822,Hepatocytes
127823,127823,Malignant cells
127824,127824,Malignant cells
127825,127825,Hepatocytes
127826,127826,Hepatocytes
127827,127827,Hepatocytes
127828,127828,Malignant cells
127829,127829,Malignant cells
127830,127830,Hepatocytes
127831,127831,Malignant cells
127832,127832,Hepatocytes
127833,127833,Hepatocytes
127834,127834,Malignant cells
127835,127835,Hepatocytes
127836,127836,CAFs
127837,127837,Malignant cells
127838,127838,Malignant cells
127839,127839,Malignant cells
127840,127840,Hepatocytes
127841,127841,Malignant cells
127842,127842,Malignant cells
127843,127843,Malignant cells
127844,127844,Malignant cells
127845,127845,TECs
127846,127846,Malignant cells
127847,127847,Malignant cells
127848,127848,Malignant cells
127849,127849,Malignant cells
127850,127850,Malignant cells
127851,127851,Malignant cells
127852,127852,Hepatocytes
127853,127853,TECs
127854,127854,Hepatocytes
127855,127855,Malignant cells
127856,127856,TECs
127857,127857,Malignant cells
127858,127858,Hepatocytes
127859,127859,Malignant cells
127860,127860,Malignant cells
127861,127861,TECs
127862,127862,Malignant cells
127863,127863,Hepatocytes
127864,127864,Malignant cells
127865,127865,Hepatocytes
127866,127866,Hepatocytes
127867,127867,Malignant cells
127868,127868,TAMs
127869,127869,Malignant cells
127870,127870,TECs
127871,127871,Malignant cells
127872,127872,Hepatocytes
127873,127873,Malignant cells
127874,127874,Malignant cells
127875,127875,Malignant cells
127876,127876,Hepatocytes
127877,127877,Hepatocytes
127878,127878,Hepatocytes
127879,127879,Malignant cells
127880,127880,Hepatocytes
127881,127881,Malignant cells
127882,127882,Hepatocytes
127883,127883,Hepatocytes
127884,127884,Malignant cells
127885,127885,Hepatocytes
127886,127886,Malignant cells
127887,127887,Malignant cells
127888,127888,Malignant cells
127889,127889,Malignant cells
127890,127890,Malignant cells
127891,127891,Malignant cells
127892,127892,Malignant cells
127893,127893,Malignant cells
127894,127894,Malignant cells
127895,127895,Malignant cells
127896,127896,Malignant cells
127897,127897,Malignant cells
127898,127898,Malignant cells
128103,128103,Malignant cells
128104,128104,Hepatocytes
128105,128105,Malignant cells
128106,128106,Malignant cells
128107,128107,Hepatocytes
128108,128108,Hepatocytes
128109,128109,Malignant cells
128110,128110,Hepatocytes
128111,128111,Malignant cells
128112,128112,Malignant cells
128113,128113,Hepatocytes
128115,128115,Hepatocytes
128116,128116,Malignant cells
128117,128117,Malignant cells
128120,128120,Malignant cells
128121,128121,Malignant cells
128122,128122,Malignant cells
128123,128123,Malignant cells
128124,128124,Malignant cells
128126,128126,Hepatocytes
128127,128127,Malignant cells
128128,128128,Malignant cells
128129,128129,Malignant cells
128130,128130,Malignant cells
128131,128131,Hepatocytes
128132,128132,Malignant cells
128133,128133,Malignant cells
128134,128134,Malignant cells
128135,128135,Hepatocytes
128136,128136,Malignant cells
128137,128137,Malignant cells
128138,128138,Malignant cells
128139,128139,Malignant cells
128140,128140,Hepatocytes
128141,128141,Hepatocytes
128142,128142,Malignant cells
128143,128143,Malignant cells
128144,128144,Malignant cells
128145,128145,Malignant cells
128146,128146,Hepatocytes
128147,128147,Malignant cells
128148,128148,Malignant cells
128149,128149,Malignant cells
128150,128150,Malignant cells
128151,128151,Hepatocytes
128152,128152,Hepatocytes
128153,128153,GMPs
128154,128154,Malignant cells
128177,128177,Malignant cells
128180,128180,TECs
128183,128183,Malignant cells
128184,128184,Malignant cells
128185,128185,Malignant cells
128186,128186,Hepatocytes
128187,128187,Malignant cells
128188,128188,Hepatocytes
128222,128222,Malignant cells
128223,128223,Malignant cells
128224,128224,Hepatocytes
128225,128225,Malignant cells
128226,128226,Malignant cells
128227,128227,Hepatocytes
128228,128228,Malignant cells
128229,128229,Hepatocytes
128230,128230,Malignant cells
128231,128231,Malignant cells
128232,128232,Malignant cells
128233,128233,Malignant cells
128234,128234,Hepatocytes
128235,128235,Malignant cells
128236,128236,Malignant cells
128237,128237,Hepatocytes
128238,128238,Malignant cells
128239,128239,Hepatocytes
128240,128240,Hepatocytes
128241,128241,Hepatocytes
128242,128242,Malignant cells
128243,128243,Malignant cells
128244,128244,Malignant cells
128245,128245,Malignant cells
128246,128246,Malignant cells
128247,128247,TECs
128248,128248,Hepatocytes
128249,128249,Hepatocytes
128384,128384,Malignant cells
128385,128385,Hepatocytes
128386,128386,Malignant cells
128387,128387,Malignant cells
128388,128388,Hepatocytes
128751,128751,Malignant cells
128752,128752,Malignant cells
128753,128753,Malignant cells
128754,128754,Malignant cells
128755,128755,Malignant cells
128756,128756,Malignant cells
128757,128757,Malignant cells
128758,128758,Malignant cells
128759,128759,Malignant cells
128760,128760,Malignant cells
128761,128761,Malignant cells
128762,128762,Malignant cells
128763,128763,Malignant cells
128764,128764,Malignant cells
128765,128765,Malignant cells
128766,128766,Malignant cells
128767,128767,Malignant cells
128768,128768,Malignant cells
128769,128769,Malignant cells
128770,128770,Malignant cells
128771,128771,Hepatocytes
128772,128772,Malignant cells
128773,128773,Hepatocytes
128774,128774,Malignant cells
128775,128775,Malignant cells
128776,128776,Hepatocytes
128777,128777,Hepatocytes
128778,128778,Malignant cells
128779,128779,Malignant cells
128780,128780,Hepatocytes
128781,128781,TAMs
128782,128782,Malignant cells
128783,128783,Malignant cells
128784,128784,Malignant cells
128785,128785,Cholangiocytes
128786,128786,Malignant cells
128787,128787,Malignant cells
128945,128945,Hepatocytes
128946,128946,Malignant cells
128947,128947,Malignant cells
128948,128948,Malignant cells
128949,128949,Malignant cells
128950,128950,Malignant cells
128951,128951,Malignant cells
128952,128952,Malignant cells
128953,128953,Malignant cells
128954,128954,Malignant cells
128955,128955,Malignant cells
128957,128957,Malignant cells
128958,128958,Malignant cells
128959,128959,Malignant cells
128960,128960,Malignant cells
128961,128961,Malignant cells
128962,128962,Hepatocytes
128963,128963,Hepatocytes
128964,128964,Malignant cells
128965,128965,Malignant cells
128966,128966,Malignant cells
128967,128967,TECs
128968,128968,Malignant cells
128969,128969,Malignant cells
128970,128970,Malignant cells
128971,128971,Malignant cells
128972,128972,Malignant cells
128973,128973,Malignant cells
128974,128974,Malignant cells
128975,128975,Malignant cells
128977,128977,Hepatocytes
128978,128978,Malignant cells
128979,128979,Malignant cells
128980,128980,Cholangiocytes
128981,128981,Malignant cells
128982,128982,TECs
128983,128983,Malignant cells
128984,128984,Malignant cells
128985,128985,Hepatocytes
128986,128986,Malignant cells
128988,128988,Hepatocytes
128989,128989,TECs
128990,128990,Malignant cells
128991,128991,Malignant cells
128992,128992,Malignant cells
128993,128993,Malignant cells
128994,128994,Malignant cells
128995,128995,TECs
128996,128996,Malignant cells
128997,128997,Malignant cells
128998,128998,Malignant cells
128999,128999,TECs
129000,129000,Malignant cells
129275,129275,Hepatocytes
131540,131540,CAFs
131541,131541,CAFs
131542,131542,CAFs
131543,131543,Plasma cells
131544,131544,TECs
131545,131545,CAFs
131546,131546,CAFs
131547,131547,TAMs
131548,131548,TECs
131549,131549,CAFs
131550,131550,TECs
131551,131551,CAFs
131552,131552,CAFs
131553,131553,TECs
131554,131554,CAFs
131555,131555,TECs
131556,131556,Dendritic cells
131557,131557,TECs
131558,131558,TECs
131559,131559,TECs
131560,131560,CAFs
131561,131561,CAFs
131562,131562,TECs
131563,131563,TECs
131564,131564,TECs
131565,131565,CAFs
131566,131566,CAFs
131567,131567,CAFs
131568,131568,T cells
131569,131569,CAFs
131570,131570,T cells
131571,131571,CAFs
131572,131572,CAFs
131573,131573,CAFs
131574,131574,Neutrophils
131575,131575,Dendritic cells
131576,131576,TECs
131577,131577,CAFs
131578,131578,CAFs
131579,131579,B cells
131580,131580,Monocytes
131581,131581,CAFs
131582,131582,NK cells
131583,131583,CAFs
131584,131584,CAFs
131585,131585,CAFs
131586,131586,CAFs
131587,131587,Monocytes
131588,131588,TECs
131589,131589,CAFs
131590,131590,CAFs
131591,131591,T cells
131592,131592,CAFs
131593,131593,TAMs
131594,131594,TAMs
131595,131595,CAFs
131596,131596,CAFs
131597,131597,CAFs
131598,131598,CAFs
131599,131599,CAFs
131600,131600,CAFs
131601,131601,CAFs
131602,131602,CAFs
131603,131603,CAFs
131604,131604,TAMs
131605,131605,Dendritic cells
131606,131606,CAFs
131607,131607,CAFs
131608,131608,CAFs
131609,131609,TECs
131658,131658,CAFs
131660,131660,CAFs
131662,131662,CAFs
131663,131663,CAFs
131664,131664,CAFs
131665,131665,CAFs
131666,131666,CAFs
131667,131667,CAFs
131668,131668,CAFs
131669,131669,CAFs
131670,131670,CAFs
131671,131671,CAFs
131792,131792,CAFs
131793,131793,TECs
131794,131794,CAFs
131795,131795,CAFs
131796,131796,CAFs
131797,131797,CAFs
131798,131798,CAFs
131799,131799,CAFs
131800,131800,CAFs
131801,131801,CAFs
131802,131802,CAFs
131803,131803,CAFs
131804,131804,CAFs
131805,131805,T cells
131806,131806,CAFs
131807,131807,CAFs
131808,131808,CAFs
131809,131809,CAFs
131810,131810,CAFs
131811,131811,CAFs
131812,131812,CAFs
131813,131813,CAFs
131814,131814,CAFs
131815,131815,CAFs
131816,131816,CAFs
131817,131817,CAFs
131818,131818,CAFs
131819,131819,CAFs
131820,131820,CAFs
131821,131821,CAFs
131822,131822,CAFs
131823,131823,CAFs
131824,131824,TECs
131825,131825,TECs
131826,131826,CAFs
131827,131827,CAFs
131828,131828,CAFs
131829,131829,CAFs
131830,131830,CAFs
131831,131831,CAFs
131832,131832,B cells
131833,131833,CAFs
131834,131834,CAFs
131835,131835,CAFs
131836,131836,CAFs
131837,131837,CAFs
131838,131838,CAFs
131839,131839,CAFs
131840,131840,CAFs
131841,131841,CAFs
131842,131842,TECs
131843,131843,CAFs
131844,131844,CAFs
131845,131845,CAFs
131846,131846,Monocytes
131847,131847,CAFs
131848,131848,TECs
131849,131849,TECs
131850,131850,Stellate cells
131851,131851,CAFs
131852,131852,CAFs
131853,131853,CAFs
131854,131854,TECs
131855,131855,CAFs
131856,131856,CAFs
131857,131857,CAFs
131858,131858,TAMs
131859,131859,CAFs
131860,131860,CAFs
131861,131861,CAFs
131862,131862,CAFs
131863,131863,CAFs
131864,131864,CAFs
131865,131865,CAFs
131866,131866,B cells
131867,131867,TECs
131868,131868,CAFs
131869,131869,TECs
131870,131870,CAFs
131871,131871,T cells
131872,131872,TECs
131873,131873,CAFs
131874,131874,CAFs
131875,131875,CAFs
131876,131876,CAFs
131877,131877,CAFs
131878,131878,Monocytes
131879,131879,CAFs
131880,131880,CAFs
131881,131881,CAFs
131882,131882,TECs
131883,131883,CAFs
131884,131884,CAFs
131885,131885,Dendritic cells
131886,131886,CAFs
131887,131887,TECs
131888,131888,CAFs
131889,131889,B cells
131890,131890,CAFs
131891,131891,CAFs
131892,131892,T cells
131893,131893,T cells
131894,131894,CAFs
131895,131895,CAFs
131896,131896,CAFs
131897,131897,CAFs
131898,131898,CAFs
131899,131899,CAFs
131900,131900,CAFs
131901,131901,CAFs
131907,131907,CAFs
131908,131908,CAFs
131910,131910,CAFs
131912,131912,CAFs
131913,131913,TECs
131914,131914,CAFs
131915,131915,CAFs
131916,131916,TECs
131917,131917,CAFs
131918,131918,CAFs
131919,131919,CAFs
131920,131920,CAFs
131921,131921,CAFs
131922,131922,TECs
131923,131923,CAFs
131924,131924,CAFs
131925,131925,TECs
131926,131926,CAFs
131927,131927,CAFs
131928,131928,CAFs
131929,131929,Dendritic cells
131930,131930,CAFs
131931,131931,CAFs
131932,131932,CAFs
131933,131933,CAFs
131934,131934,B cells
131935,131935,CAFs
131936,131936,CAFs
131937,131937,CAFs
131938,131938,CAFs
131939,131939,CAFs
131940,131940,CAFs
131941,131941,CAFs
131942,131942,CAFs
131943,131943,CAFs
131944,131944,CAFs
131945,131945,Stellate cells
131946,131946,CAFs
131947,131947,CAFs
131948,131948,CAFs
131949,131949,CAFs
131950,131950,CAFs
131951,131951,CAFs
131952,131952,CAFs
131953,131953,CAFs
131954,131954,CAFs
131955,131955,CAFs
131956,131956,CAFs
131957,131957,CAFs
131958,131958,CAFs
131959,131959,CAFs
132455,132455,CAFs
132456,132456,CAFs
132457,132457,CAFs
132458,132458,CAFs
132459,132459,CAFs
132460,132460,Cholangiocytes
132461,132461,CAFs
132462,132462,CAFs
132463,132463,TECs
132464,132464,CAFs
132465,132465,TECs
132466,132466,CAFs
132467,132467,CAFs
132468,132468,CAFs
132469,132469,Monocytes
132470,132470,CAFs
132471,132471,CAFs
132472,132472,CAFs
132473,132473,CAFs
132474,132474,CAFs
132475,132475,CAFs
132476,132476,CAFs
132477,132477,CAFs
132478,132478,CAFs
132479,132479,CAFs
132480,132480,CAFs
132481,132481,CAFs
132482,132482,CAFs
132483,132483,CAFs
132484,132484,CAFs
132485,132485,CAFs
132486,132486,CAFs
132487,132487,CAFs
132488,132488,CAFs
132489,132489,CAFs
132490,132490,CAFs
132491,132491,CAFs
132492,132492,CAFs
132493,132493,CAFs
132494,132494,CAFs
132495,132495,CAFs
132604,132604,CAFs
132606,132606,CAFs
132624,132624,TECs
132625,132625,CAFs
132642,132642,T cells
132643,132643,CAFs
132644,132644,CAFs
132645,132645,CAFs
132646,132646,CAFs
132647,132647,CAFs
132648,132648,CAFs
132649,132649,T cells
132650,132650,CAFs
132651,132651,CAFs
132652,132652,T cells
132653,132653,CAFs
132654,132654,T cells
132655,132655,CAFs
132656,132656,CAFs
132657,132657,CAFs
132658,132658,T cells
132659,132659,CAFs
132660,132660,CAFs
132661,132661,CAFs
132662,132662,CAFs
132663,132663,CAFs
132664,132664,CAFs
132665,132665,CAFs
132666,132666,CAFs
132667,132667,CAFs
132668,132668,Dendritic cells
132669,132669,Malignant cells
132670,132670,CAFs
132671,132671,B cells
132672,132672,CAFs
132673,132673,CAFs
132674,132674,CAFs
132675,132675,CAFs
132676,132676,CAFs
132677,132677,CAFs
132678,132678,CAFs
132679,132679,CAFs
132680,132680,CAFs
132681,132681,CAFs
132831,132831,CAFs
132832,132832,CAFs
132833,132833,CAFs
132834,132834,CAFs
132835,132835,CAFs
132836,132836,CAFs
132837,132837,CAFs
132838,132838,Stellate cells
132839,132839,Monocytes
132840,132840,TECs
132841,132841,TECs
132842,132842,CAFs
132843,132843,Plasma cells
132844,132844,TECs
132845,132845,CAFs
132846,132846,TECs
132847,132847,CAFs
132848,132848,TECs
132849,132849,TECs
132850,132850,CAFs
132851,132851,TECs
132852,132852,Plasma cells
132853,132853,CAFs
132854,132854,CAFs
132855,132855,CAFs
132856,132856,CAFs
132857,132857,Monocytes
132858,132858,CAFs
132859,132859,CAFs
132860,132860,CAFs
132861,132861,TAMs
132862,132862,CAFs
132863,132863,CAFs
132864,132864,TAMs
133088,133088,TECs
133089,133089,TECs
133090,133090,Hepatocytes
133091,133091,CAFs
133092,133092,TECs
133093,133093,Malignant cells
133094,133094,CAFs
133095,133095,Neutrophils
133096,133096,TAMs
133099,133099,CAFs
133100,133100,CAFs
133102,133102,CAFs
133107,133107,CAFs
133108,133108,TECs
133114,133114,CAFs
133120,133120,CAFs
133122,133122,CAFs
133124,133124,CAFs
133125,133125,CAFs
133127,133127,CAFs
133135,133135,CAFs
133140,133140,T cells
133145,133145,CAFs
133158,133158,CAFs
133159,133159,CAFs
133174,133174,CAFs
133175,133175,CAFs
133185,133185,TECs
133186,133186,CAFs
133187,133187,TECs
133188,133188,T cells
133189,133189,CAFs
133190,133190,Malignant cells
133289,133289,CAFs
133290,133290,CAFs
133310,133310,CAFs
133314,133314,CAFs
133316,133316,CAFs
133320,133320,CAFs
133336,133336,CAFs
133337,133337,TECs
133338,133338,CAFs
133339,133339,CAFs
133340,133340,Monocytes
133341,133341,CAFs
133342,133342,CAFs
133343,133343,Monocytes
133344,133344,CAFs
133345,133345,CAFs
133346,133346,CAFs
133348,133348,TECs
133355,133355,B cells
133356,133356,Monocytes
133363,133363,CAFs
133364,133364,T cells
133365,133365,T cells
133366,133366,TECs
133367,133367,T cells
133368,133368,CAFs
133369,133369,CAFs
133412,133412,T cells
133413,133413,Dendritic cells
133414,133414,CAFs
133415,133415,T cells
133416,133416,T cells
133417,133417,CAFs
133418,133418,T cells
133419,133419,T cells
133420,133420,CAFs
133421,133421,CAFs
133422,133422,CAFs
133423,133423,CAFs
133424,133424,B cells
133425,133425,B cells
133426,133426,T cells
133427,133427,T cells
133428,133428,T cells
133429,133429,NK cells
133430,133430,CAFs
133431,133431,CAFs
133432,133432,CAFs
133433,133433,T cells
133434,133434,Hepatocytes
133435,133435,T cells
133436,133436,TECs
133437,133437,CAFs
133438,133438,T cells
133439,133439,CAFs
133440,133440,T cells
133441,133441,CAFs
133442,133442,Plasma cells
133443,133443,TECs
133444,133444,T cells
133445,133445,TECs
133446,133446,CAFs
133447,133447,CAFs
133448,133448,T cells
133449,133449,CAFs
133450,133450,CAFs
133451,133451,CAFs
133452,133452,T cells
133453,133453,CAFs
133454,133454,Plasma cells
133455,133455,CAFs
133456,133456,CAFs
133457,133457,CAFs
133458,133458,CAFs
133459,133459,CAFs
133460,133460,CAFs
133461,133461,T cells
133462,133462,CAFs
133463,133463,TECs
133464,133464,TECs
133465,133465,CAFs
133466,133466,Hepatocytes
133467,133467,NK cells
133468,133468,T cells
133887,133887,CAFs
133888,133888,TAMs
133889,133889,Dendritic cells
133890,133890,Neutrophils
133891,133891,NK cells
133892,133892,TAMs
133893,133893,TECs
133894,133894,TAMs
133895,133895,TECs
133896,133896,Dendritic cells
133897,133897,TECs
133898,133898,CAFs
133899,133899,TECs
133900,133900,CAFs
133901,133901,TAMs
133902,133902,T cells
133903,133903,Dendritic cells
133904,133904,Dendritic cells
133905,133905,TAMs
133906,133906,T cells
133907,133907,TAMs
133908,133908,CAFs
133909,133909,T cells
133910,133910,NK cells
133911,133911,T cells
133912,133912,Cholangiocytes
133913,133913,TAMs
133914,133914,NK cells
133915,133915,TAMs
133916,133916,T cells
133917,133917,TECs
133918,133918,CAFs
133919,133919,TECs
133920,133920,T cells
133921,133921,TAMs
133922,133922,TAMs
133923,133923,TECs
133924,133924,Malignant cells
133925,133925,T cells
133926,133926,Dendritic cells
133927,133927,TAMs
133928,133928,TECs
133929,133929,CAFs
133930,133930,TECs
133931,133931,CAFs
133932,133932,TECs
133933,133933,CAFs
133934,133934,TECs
133935,133935,CAFs
133936,133936,CAFs
133937,133937,CAFs
133938,133938,CAFs
133939,133939,CAFs
133940,133940,CAFs
133941,133941,TECs
133942,133942,CAFs
133943,133943,TECs
133944,133944,CAFs
133945,133945,CAFs
133946,133946,CAFs
133947,133947,CAFs
133948,133948,TECs
133949,133949,TECs
133950,133950,TECs
133951,133951,TECs
133952,133952,CAFs
133953,133953,TECs
133954,133954,TECs
133955,133955,CAFs
133956,133956,CAFs
133957,133957,CAFs
133958,133958,CAFs
133959,133959,CAFs
133960,133960,TECs
133961,133961,TECs
133962,133962,CAFs
133963,133963,TECs
133964,133964,CAFs
133965,133965,CAFs
133966,133966,TECs
133967,133967,Hepatocytes
133968,133968,TAMs
133969,133969,CAFs
133970,133970,TECs
133971,133971,CAFs
133972,133972,CAFs
133973,133973,CAFs
133974,133974,CAFs
133975,133975,CAFs
133976,133976,CAFs
133977,133977,TECs
133978,133978,CAFs
133979,133979,TECs
133980,133980,T cells
133981,133981,CAFs
133982,133982,T cells
133983,133983,CAFs
133984,133984,TECs
133985,133985,TAMs
133986,133986,Smooth muscle cells
133987,133987,CAFs
133988,133988,TECs
133989,133989,CAFs
133990,133990,T cells
133991,133991,CAFs
133992,133992,CAFs
133993,133993,CAFs
133994,133994,T cells
133995,133995,CAFs
133996,133996,TECs
133997,133997,CAFs
133998,133998,Plasma cells
133999,133999,CAFs
134000,134000,CAFs
134001,134001,CAFs
134002,134002,TECs
134003,134003,Hepatocytes
134004,134004,TECs
134005,134005,CAFs
134006,134006,T cells
134007,134007,TECs
134008,134008,CAFs
134009,134009,CAFs
134010,134010,CAFs
134011,134011,CAFs
134012,134012,CAFs
134013,134013,CAFs
134014,134014,CAFs
134015,134015,CAFs
134016,134016,NK cells
134017,134017,T cells
134018,134018,T cells
134019,134019,TAMs
134020,134020,T cells
134021,134021,T cells
134022,134022,Neutrophils
134023,134023,T cells
134024,134024,Dendritic cells
134025,134025,T cells
134026,134026,CAFs
134027,134027,Monocytes
134028,134028,NK cells
134029,134029,T cells
134030,134030,T cells
134031,134031,T cells
134032,134032,T cells
134033,134033,Dendritic cells
134034,134034,CAFs
134035,134035,T cells
134036,134036,TECs
134037,134037,T cells
134038,134038,CAFs
134039,134039,Hepatocytes
134040,134040,T cells
134041,134041,T cells
134042,134042,B cells
134043,134043,Plasma cells
134044,134044,B cells
134045,134045,Plasma cells
134046,134046,Monocytes
134047,134047,B cells
134048,134048,T cells
134049,134049,Plasma cells
134050,134050,TECs
134051,134051,T cells
134052,134052,CAFs
134053,134053,CAFs
134054,134054,T cells
134055,134055,Monocytes
134056,134056,T cells
134057,134057,T cells
134058,134058,TECs
134059,134059,TECs
134060,134060,TECs
134061,134061,T cells
134062,134062,TECs
134063,134063,CAFs
134064,134064,CAFs
134065,134065,TAMs
134066,134066,TAMs
134067,134067,T cells
134068,134068,CAFs
134069,134069,B cells
134070,134070,Monocytes
134071,134071,T cells
134072,134072,T cells
134073,134073,TAMs
134074,134074,B cells
134075,134075,CAFs
134076,134076,T cells
134077,134077,B cells
134078,134078,T cells
134079,134079,T cells
134080,134080,T cells
134081,134081,T cells
134082,134082,CAFs
134083,134083,T cells
134084,134084,T cells
134085,134085,TAMs
134086,134086,TECs
134087,134087,TAMs
134088,134088,TECs
134089,134089,T cells
134090,134090,B cells
134091,134091,CAFs
134092,134092,T cells
134093,134093,T cells
134094,134094,CAFs
134095,134095,CAFs
134096,134096,T cells
134097,134097,T cells
134098,134098,CAFs
134099,134099,CAFs
134100,134100,T cells
134101,134101,TAMs
134102,134102,Monocytes
134103,134103,Cholangiocytes
134104,134104,CAFs
134105,134105,CAFs
134106,134106,B cells
134107,134107,CAFs
134108,134108,TAMs
134109,134109,T cells
134110,134110,T cells
134111,134111,T cells
134112,134112,TECs
134113,134113,T cells
134117,134117,CAFs
134118,134118,CAFs
134122,134122,B cells
134124,134124,CAFs
134127,134127,T cells
134135,134135,CAFs
134137,134137,CAFs
134142,134142,TECs
134145,134145,TECs
134150,134150,TECs
134151,134151,T cells
134165,134165,CAFs
134168,134168,CAFs
134169,134169,CAFs
134175,134175,T cells
134184,134184,TECs
134185,134185,T cells
134186,134186,T cells
134187,134187,Plasma cells
134188,134188,TECs
134189,134189,Hepatocytes
134190,134190,TECs
134191,134191,T cells
134192,134192,TECs
134193,134193,T cells
134194,134194,TECs
134289,134289,CAFs
134290,134290,TECs
134291,134291,TECs
134292,134292,T cells
134293,134293,CAFs
134294,134294,TECs
134295,134295,CAFs
134296,134296,Cholangiocytes
134297,134297,TECs
134298,134298,T cells
134299,134299,T cells
134300,134300,CAFs
134301,134301,T cells
134302,134302,TECs
134303,134303,T cells
134304,134304,TECs
134305,134305,B cells
134306,134306,TECs
134307,134307,CAFs
134308,134308,TECs
134309,134309,T cells
134310,134310,B cells
134311,134311,Plasma cells
134312,134312,CAFs
134313,134313,Plasmacytoid dendritic cells
134314,134314,B cells
134315,134315,T cells
134316,134316,B cells
134317,134317,B cells
134318,134318,T cells
134319,134319,T cells
134320,134320,TAMs
134321,134321,T cells
134322,134322,NK cells
134323,134323,CAFs
134324,134324,T cells
134325,134325,B cells
134326,134326,TECs
134327,134327,TECs
134328,134328,Monocytes
134329,134329,Plasma cells
134330,134330,T cells
134331,134331,Neutrophils
134332,134332,T cells
134333,134333,TAMs
134334,134334,T cells
134335,134335,B cells
134336,134336,NK cells
134337,134337,B cells
134338,134338,B cells
134339,134339,Monocytes
134342,134342,Monocytes
134345,134345,CAFs
134348,134348,CAFs
134352,134352,CAFs
134353,134353,CAFs
134355,134355,CAFs
134356,134356,CAFs
134361,134361,CAFs
134362,134362,CAFs
134363,134363,CAFs
134364,134364,Monocytes
134365,134365,CAFs
134368,134368,T cells
134371,134371,CAFs
134373,134373,CAFs
134375,134375,T cells
134378,134378,CAFs
134379,134379,NK cells
134382,134382,T cells
134383,134383,T cells
134384,134384,CAFs
134467,134467,T cells
134468,134468,NK cells
134469,134469,B cells
134470,134470,TECs
134471,134471,CAFs
134472,134472,NK cells
134473,134473,Plasma cells
134474,134474,T cells
134475,134475,CAFs
134476,134476,CAFs
134477,134477,T cells
134478,134478,CAFs
134479,134479,TECs
134480,134480,CAFs
134481,134481,T cells
134482,134482,CAFs
134483,134483,TAMs
134484,134484,CAFs
134485,134485,T cells
134486,134486,CAFs
134487,134487,T cells
134488,134488,T cells
134489,134489,TECs
134490,134490,T cells
134491,134491,T cells
134492,134492,TECs
134493,134493,TECs
134494,134494,Dendritic cells
134495,134495,CAFs
134496,134496,T cells
134497,134497,CAFs
134498,134498,CAFs
134499,134499,CAFs
134500,134500,TECs
134501,134501,CAFs
134502,134502,T cells
134503,134503,T cells
134504,134504,T cells
134505,134505,CAFs
134506,134506,CAFs
134507,134507,T cells
134508,134508,T cells
134509,134509,T cells
134510,134510,CAFs
134511,134511,T cells
134512,134512,T cells
134513,134513,T cells
134514,134514,T cells
134515,134515,T cells
134516,134516,TAMs
134517,134517,T cells
134518,134518,TAMs
134519,134519,TECs
134520,134520,T cells
134521,134521,Monocytes
134522,134522,NK cells
134562,134562,TECs
134563,134563,TECs
134564,134564,TECs
134565,134565,TECs
134566,134566,Plasmacytoid dendritic cells
134567,134567,TECs
134568,134568,TECs
134569,134569,TECs
134683,134683,CAFs
134684,134684,CAFs
134685,134685,B cells
134686,134686,T cells
134687,134687,CAFs
134688,134688,T cells
134689,134689,CAFs
134690,134690,CAFs
134691,134691,CAFs
134692,134692,TECs
134693,134693,CAFs
134694,134694,CAFs
134695,134695,TAMs
134696,134696,CAFs
134697,134697,TAMs
134698,134698,T cells
134699,134699,T cells
134700,134700,CAFs
134701,134701,TAMs
134702,134702,T cells
134703,134703,TECs
134704,134704,T cells
134705,134705,CAFs
134706,134706,B cells
134707,134707,T cells
134708,134708,Neutrophils
134709,134709,CAFs
134710,134710,CAFs
134711,134711,TECs
134712,134712,T cells
134713,134713,B cells
134714,134714,B cells
134715,134715,TAMs
134716,134716,TECs
134717,134717,T cells
134718,134718,TAMs
134719,134719,Plasmacytoid dendritic cells
134720,134720,CAFs
134721,134721,TECs
134722,134722,Plasma cells
134723,134723,CAFs
134724,134724,CAFs
134725,134725,T cells
134726,134726,CAFs
134727,134727,T cells
134728,134728,CAFs
134729,134729,CAFs
134730,134730,TECs
134731,134731,CAFs
134732,134732,CAFs
134733,134733,T cells
134734,134734,TECs
134735,134735,Cholangiocytes
134736,134736,CAFs
134737,134737,T cells
134738,134738,T cells
134739,134739,B cells
134740,134740,TAMs
134741,134741,B cells
134742,134742,TECs
134743,134743,T cells
134744,134744,CAFs
134745,134745,B cells
134746,134746,T cells
134747,134747,CAFs
134748,134748,TAMs
134749,134749,B cells
134750,134750,CAFs
134751,134751,NK cells
134752,134752,TECs
134753,134753,B cells
134754,134754,B cells
134755,134755,CAFs
134756,134756,CAFs
134757,134757,Dendritic cells
134758,134758,B cells
134759,134759,B cells
134760,134760,TECs
134761,134761,TAMs
134762,134762,TECs
134763,134763,CAFs
134764,134764,B cells
134765,134765,TAMs
134766,134766,Monocytes
134767,134767,CAFs
134768,134768,CAFs
134769,134769,CAFs
134770,134770,B cells
134771,134771,T cells
134772,134772,T cells
134773,134773,CAFs
134774,134774,Plasma cells
134775,134775,NK cells
134776,134776,TECs
134777,134777,CAFs
134778,134778,CAFs
134779,134779,CAFs
134780,134780,CAFs
134781,134781,CAFs
135282,135282,Dendritic cells
135283,135283,T cells
135284,135284,NK cells
135285,135285,Dendritic cells
135286,135286,T cells
135287,135287,CAFs
135288,135288,T cells
135289,135289,Monocytes
135290,135290,TAMs
135291,135291,T cells
135292,135292,TAMs
135293,135293,Plasma cells
135294,135294,T cells
135295,135295,CAFs
135296,135296,T cells
135297,135297,Plasma cells
135298,135298,CAFs
135299,135299,T cells
135300,135300,T cells
135301,135301,TECs
135302,135302,CAFs
135303,135303,B cells
135304,135304,CAFs
135305,135305,B cells
135306,135306,Plasma cells
135307,135307,CAFs
135308,135308,T cells
135309,135309,TAMs
135310,135310,T cells
135311,135311,CAFs
135312,135312,NK cells
135313,135313,CAFs
135314,135314,TAMs
135315,135315,CAFs
135316,135316,CAFs
135317,135317,CAFs
135318,135318,CAFs
135319,135319,T cells
135320,135320,T cells
135321,135321,T cells
135322,135322,NK cells
135323,135323,TECs
135324,135324,T cells
135325,135325,Monocytes
135326,135326,T cells
135327,135327,TAMs
135328,135328,T cells
135329,135329,T cells
135330,135330,T cells
135331,135331,T cells
135332,135332,CAFs
135333,135333,Plasma cells
135334,135334,CAFs
135335,135335,TAMs
135336,135336,Monocytes
135337,135337,TAMs
135338,135338,T cells
135339,135339,T cells
147493,147493,B cells
147494,147494,TAMs
147495,147495,TECs
147496,147496,CAFs
147497,147497,TECs
147498,147498,CAFs
147499,147499,TECs
147500,147500,Monocytes
147501,147501,TECs
147502,147502,TECs
147503,147503,CAFs
147504,147504,TECs
147505,147505,TECs
147506,147506,Plasma cells
147507,147507,TECs
147508,147508,CAFs
147509,147509,Plasma cells
147510,147510,Monocytes
147511,147511,TECs
147512,147512,CAFs
147513,147513,T cells
147514,147514,T cells
147515,147515,CAFs
147516,147516,Plasma cells
147517,147517,T cells
147518,147518,T cells
147519,147519,CAFs
147520,147520,NK cells
147521,147521,Monocytes
147522,147522,Malignant cells
147523,147523,T cells
147524,147524,CAFs
147525,147525,Plasma cells
147526,147526,T cells
147527,147527,CAFs
147528,147528,CAFs
147529,147529,CAFs
147530,147530,TAMs
147531,147531,B cells
147532,147532,T cells
147533,147533,Dendritic cells
147534,147534,Plasma cells
147535,147535,CAFs
147536,147536,NK cells
147537,147537,T cells
147538,147538,TAMs
147539,147539,B cells
147540,147540,T cells
147541,147541,B cells
147542,147542,TAMs
147543,147543,Dendritic cells
147544,147544,CAFs
147545,147545,T cells
147546,147546,T cells
147547,147547,T cells
147548,147548,Malignant cells
147549,147549,TAMs
147550,147550,T cells
147551,147551,TAMs
147552,147552,TECs
147553,147553,Hepatocytes
147554,147554,TECs
147555,147555,TECs
147556,147556,Malignant cells
147557,147557,Malignant cells
147558,147558,Malignant cells
147559,147559,Malignant cells
147560,147560,Malignant cells
147561,147561,Hepatocytes
147562,147562,Malignant cells
147563,147563,Hepatocytes
147564,147564,Malignant cells
147565,147565,Malignant cells
147566,147566,Hepatocytes
147567,147567,Hepatocytes
147568,147568,Malignant cells
147569,147569,Malignant cells
147570,147570,Malignant cells
147571,147571,Malignant cells
147572,147572,Stellate cells
147573,147573,Hepatocytes
147574,147574,Malignant cells
147575,147575,Hepatocytes
147576,147576,Malignant cells
147577,147577,Malignant cells
147578,147578,Malignant cells
147579,147579,Malignant cells
147580,147580,Malignant cells
147581,147581,Hepatocytes
147582,147582,Malignant cells
147583,147583,Hepatocytes
147584,147584,Hepatocytes
147585,147585,Malignant cells
147586,147586,Hepatocytes
147587,147587,Malignant cells
147588,147588,Malignant cells
147589,147589,Hepatocytes
147590,147590,Hepatocytes
147591,147591,TECs
147592,147592,Malignant cells
147593,147593,Malignant cells
147594,147594,Malignant cells
147595,147595,Hepatocytes
147596,147596,Malignant cells
147597,147597,Malignant cells
147598,147598,Hepatocytes
147599,147599,Malignant cells
147600,147600,Malignant cells
147601,147601,Hepatocytes
147602,147602,Malignant cells
147603,147603,Malignant cells
147604,147604,Malignant cells
147605,147605,Hepatocytes
147606,147606,Hepatocytes
147607,147607,Hepatocytes
147608,147608,Hepatocytes
147609,147609,Malignant cells
147610,147610,Hepatocytes
147611,147611,Malignant cells
147612,147612,Malignant cells
147613,147613,Malignant cells
147614,147614,Malignant cells
147615,147615,Hepatocytes
147616,147616,Hepatocytes
147617,147617,Malignant cells
147618,147618,Malignant cells
147619,147619,TECs
147620,147620,Malignant cells
147621,147621,Malignant cells
147622,147622,TECs
147623,147623,Malignant cells
147624,147624,Malignant cells
147625,147625,TECs
147626,147626,Malignant cells
147627,147627,Malignant cells
147628,147628,Malignant cells
147629,147629,Malignant cells
147630,147630,Malignant cells
147631,147631,Malignant cells
147632,147632,Malignant cells
147633,147633,Malignant cells
147634,147634,Malignant cells
147635,147635,Malignant cells
147636,147636,Malignant cells
147637,147637,Malignant cells
147638,147638,Malignant cells
147639,147639,Hepatocytes
147640,147640,Malignant cells
147641,147641,Malignant cells
147642,147642,Malignant cells
147643,147643,Malignant cells
147644,147644,Malignant cells
147645,147645,Malignant cells
147646,147646,Malignant cells
147647,147647,Malignant cells
147648,147648,Hepatocytes
147649,147649,TECs
147650,147650,Malignant cells
147651,147651,Malignant cells
147652,147652,TECs
147653,147653,TAMs
147654,147654,Malignant cells
147655,147655,Malignant cells
147656,147656,Hepatocytes
147657,147657,Hepatocytes
147658,147658,Hepatocytes
147659,147659,Malignant cells
147660,147660,Malignant cells
147661,147661,Malignant cells
147662,147662,Malignant cells
147663,147663,Hepatocytes
147664,147664,Malignant cells
147665,147665,Malignant cells
147666,147666,Hepatocytes
147667,147667,TECs
147668,147668,Hepatocytes
147669,147669,Malignant cells
147670,147670,Malignant cells
147671,147671,Hepatocytes
147672,147672,Malignant cells
147673,147673,Hepatocytes
147674,147674,Hepatocytes
147675,147675,Hepatocytes
147676,147676,Hepatocytes
147677,147677,Malignant cells
147678,147678,Hepatocytes
147679,147679,Malignant cells
147680,147680,Malignant cells
147681,147681,TECs
147682,147682,TECs
147683,147683,TECs
147684,147684,Hepatocytes
147685,147685,TECs
147686,147686,Malignant cells
147687,147687,CAFs
147688,147688,Malignant cells
147689,147689,Malignant cells
147690,147690,Hepatocytes
147691,147691,TECs
147692,147692,Malignant cells
147693,147693,Malignant cells
147694,147694,Malignant cells
147695,147695,Hepatocytes
147696,147696,Hepatocytes
147697,147697,Malignant cells
147698,147698,Hepatocytes
147699,147699,Malignant cells
147700,147700,Hepatocytes
147701,147701,TECs
147702,147702,Malignant cells
147703,147703,Hepatocytes
147704,147704,Malignant cells
147705,147705,CAFs
147706,147706,Malignant cells
147707,147707,Malignant cells
147708,147708,Hepatocytes
147709,147709,Hepatocytes
147710,147710,TAMs
147711,147711,Malignant cells
147712,147712,Hepatocytes
147713,147713,Malignant cells
147714,147714,Malignant cells
147715,147715,Malignant cells
147716,147716,Malignant cells
147717,147717,Hepatocytes
147718,147718,Hepatocytes
147719,147719,Malignant cells
147720,147720,Malignant cells
147721,147721,Hepatocytes
147722,147722,Malignant cells
147723,147723,Malignant cells
147724,147724,Hepatocytes
147725,147725,Malignant cells
147726,147726,Malignant cells
147727,147727,Hepatocytes
147728,147728,Malignant cells
147729,147729,Malignant cells
147730,147730,Malignant cells
147731,147731,Malignant cells
147732,147732,Malignant cells
147733,147733,Malignant cells
147734,147734,Malignant cells
147735,147735,Malignant cells
147736,147736,Malignant cells
147737,147737,Malignant cells
147738,147738,Malignant cells
147739,147739,Hepatocytes
147740,147740,Malignant cells
147741,147741,Malignant cells
147742,147742,Malignant cells
147743,147743,Malignant cells
147744,147744,Malignant cells
147745,147745,Malignant cells
147746,147746,Malignant cells
147747,147747,Malignant cells
147748,147748,Malignant cells
147749,147749,Malignant cells
147750,147750,Malignant cells
147751,147751,Malignant cells
147752,147752,Malignant cells
147753,147753,Malignant cells
147754,147754,Hepatocytes
147755,147755,Malignant cells
147756,147756,Malignant cells
147757,147757,Malignant cells
147758,147758,Hepatocytes
147759,147759,Malignant cells
147760,147760,Hepatocytes
147761,147761,Hepatocytes
147762,147762,Malignant cells
147763,147763,Malignant cells
147764,147764,Malignant cells
147765,147765,Malignant cells
147766,147766,Malignant cells
147767,147767,Hepatocytes
147768,147768,Malignant cells
147769,147769,Malignant cells
147770,147770,Malignant cells
147771,147771,GMPs
147772,147772,Malignant cells
147773,147773,Malignant cells
147774,147774,Malignant cells
147775,147775,T cells
147776,147776,Malignant cells
147777,147777,Malignant cells
147778,147778,Malignant cells
147779,147779,Malignant cells
147780,147780,Malignant cells
147781,147781,Malignant cells
147782,147782,Malignant cells
147783,147783,Malignant cells
147784,147784,Malignant cells
147785,147785,Hepatocytes
147786,147786,Malignant cells
147787,147787,Malignant cells
147788,147788,Malignant cells
147789,147789,Malignant cells
147790,147790,Malignant cells
147791,147791,Malignant cells
147792,147792,Malignant cells
147793,147793,Hepatocytes
147794,147794,Malignant cells
147795,147795,Malignant cells
147796,147796,Malignant cells
147797,147797,Malignant cells
147798,147798,Malignant cells
147799,147799,Malignant cells
147800,147800,Malignant cells
147801,147801,Malignant cells
147802,147802,Malignant cells
147803,147803,Malignant cells
147804,147804,Malignant cells
147805,147805,Malignant cells
147806,147806,Malignant cells
147807,147807,Malignant cells
147808,147808,Hepatocytes
147809,147809,Malignant cells
147810,147810,Hepatocytes
147811,147811,Malignant cells
147812,147812,Malignant cells
147813,147813,Malignant cells
147814,147814,Malignant cells
147815,147815,Malignant cells
147816,147816,Malignant cells
147817,147817,Malignant cells
147818,147818,Malignant cells
147819,147819,Malignant cells
147820,147820,Malignant cells
147821,147821,Hepatocytes
147822,147822,Hepatocytes
147823,147823,Malignant cells
147824,147824,Malignant cells
147825,147825,Malignant cells
147826,147826,Hepatocytes
147827,147827,Malignant cells
147828,147828,Malignant cells
147829,147829,Hepatocytes
147830,147830,Malignant cells
147831,147831,Malignant cells
147832,147832,Malignant cells
147833,147833,Malignant cells
147834,147834,Malignant cells
147835,147835,Malignant cells
147836,147836,Malignant cells
147837,147837,Malignant cells
147838,147838,CAFs
147839,147839,CAFs
147840,147840,T cells
147841,147841,CAFs
147842,147842,CAFs
147843,147843,T cells
147844,147844,CAFs
147845,147845,CAFs
147846,147846,T cells
147847,147847,CAFs
147848,147848,T cells
147849,147849,T cells
147850,147850,CAFs
147851,147851,TECs
147852,147852,T cells
147853,147853,TAMs
147854,147854,CAFs
147855,147855,CAFs
147856,147856,Hepatocytes
147857,147857,Dendritic cells
147858,147858,Plasma cells
147859,147859,Monocytes
147860,147860,T cells
147861,147861,CAFs
147862,147862,TECs
147863,147863,T cells
147864,147864,Monocytes
147865,147865,T cells
147866,147866,CAFs
147867,147867,CAFs
147868,147868,CAFs
147869,147869,CAFs
147870,147870,T cells
147871,147871,TECs
147872,147872,TECs
147873,147873,B cells
147874,147874,TAMs
147875,147875,CAFs
147876,147876,CAFs
147877,147877,CAFs
147878,147878,T cells
147879,147879,Plasma cells
147880,147880,CAFs
147881,147881,CAFs
147882,147882,T cells
147883,147883,TAMs
147884,147884,NK cells
147885,147885,CAFs
147886,147886,T cells
147887,147887,Dendritic cells
147888,147888,TAMs
147889,147889,T cells
147890,147890,T cells
147891,147891,T cells
147892,147892,Plasma cells
147893,147893,TAMs
147894,147894,Hepatocytes
147895,147895,Malignant cells
147896,147896,TECs
147897,147897,Hepatocytes
147898,147898,Malignant cells
147899,147899,Malignant cells
147900,147900,Malignant cells
147901,147901,Malignant cells
147902,147902,Malignant cells
147903,147903,Malignant cells
147904,147904,Malignant cells
147905,147905,Malignant cells
147906,147906,Malignant cells
147907,147907,Malignant cells
147908,147908,Hepatocytes
147909,147909,Malignant cells
147910,147910,Malignant cells
147911,147911,Malignant cells
147912,147912,Malignant cells
147913,147913,Malignant cells
147914,147914,Malignant cells
147915,147915,TECs
147916,147916,Malignant cells
147917,147917,Malignant cells
147918,147918,Hepatocytes
147919,147919,Malignant cells
147920,147920,Hepatocytes
147921,147921,Hepatocytes
147922,147922,CAFs
147923,147923,T cells
147924,147924,CAFs
147925,147925,Hepatocytes
147926,147926,TECs
147927,147927,TECs
147928,147928,TECs
147929,147929,TECs
147930,147930,TECs
147931,147931,TECs
147932,147932,Malignant cells
147933,147933,CAFs
147934,147934,CAFs
147935,147935,TECs
147936,147936,Hepatocytes
147937,147937,TECs
147938,147938,CAFs
147939,147939,CAFs
147940,147940,TECs
147941,147941,Dendritic cells
147942,147942,Plasma cells
147943,147943,CAFs
147944,147944,CAFs
147945,147945,T cells
147946,147946,TAMs
147947,147947,TECs
147948,147948,TECs
147949,147949,TECs
147950,147950,CAFs
147951,147951,TECs
147952,147952,TECs
147953,147953,TECs
147954,147954,CAFs
148006,148006,Malignant cells
148007,148007,Hepatocytes
148008,148008,Hepatocytes
148009,148009,Malignant cells
148010,148010,Malignant cells
148011,148011,Malignant cells
148012,148012,Malignant cells
148013,148013,Malignant cells
148014,148014,Malignant cells
148015,148015,Hepatocytes
148016,148016,Malignant cells
148017,148017,Hepatocytes
148018,148018,Malignant cells
148019,148019,Malignant cells
148020,148020,Hepatocytes
148021,148021,Malignant cells
148022,148022,Hepatocytes
148023,148023,Malignant cells
148024,148024,Malignant cells
148025,148025,Malignant cells
148026,148026,Hepatocytes
148027,148027,Malignant cells
148028,148028,Malignant cells
148029,148029,Malignant cells
148030,148030,Malignant cells
148031,148031,TAMs
148032,148032,Malignant cells
148033,148033,Malignant cells
148034,148034,Malignant cells
148035,148035,Malignant cells
148036,148036,Malignant cells
148037,148037,Malignant cells
148038,148038,Malignant cells
148039,148039,Malignant cells
148040,148040,Malignant cells
148041,148041,Malignant cells
148042,148042,Hepatocytes
148043,148043,Hepatocytes
148044,148044,Malignant cells
148045,148045,Hepatocytes
148046,148046,Malignant cells
148047,148047,TECs
148048,148048,T cells
148049,148049,Malignant cells
148050,148050,TAMs
148051,148051,Malignant cells
148052,148052,Malignant cells
148053,148053,Hepatocytes
148054,148054,TAMs
148055,148055,Monocytes
148056,148056,Malignant cells
148057,148057,T cells
148058,148058,T cells
148059,148059,Hepatocytes
148060,148060,Malignant cells
148061,148061,Malignant cells
148062,148062,TECs
148063,148063,Hepatocytes
148064,148064,Hepatocytes
148065,148065,Malignant cells
148066,148066,Malignant cells
148067,148067,Malignant cells
148068,148068,Malignant cells
148069,148069,Hepatocytes
148070,148070,Hepatocytes
148071,148071,Hepatocytes
148072,148072,Malignant cells
148073,148073,Malignant cells
148074,148074,Malignant cells
148075,148075,Malignant cells
148076,148076,Malignant cells
148077,148077,Hepatocytes
148078,148078,CAFs
148079,148079,Malignant cells
148080,148080,Malignant cells
148081,148081,TAMs
148082,148082,Hepatocytes
148083,148083,TECs
148084,148084,Malignant cells
148085,148085,Hepatocytes
148086,148086,Malignant cells
148087,148087,TECs
148088,148088,Malignant cells
148089,148089,Malignant cells
148090,148090,Malignant cells
148091,148091,Hepatocytes
148092,148092,Hepatocytes
148093,148093,Malignant cells
148094,148094,Hepatocytes
148095,148095,Malignant cells
148096,148096,Hepatocytes
148097,148097,Malignant cells
148098,148098,CAFs
148099,148099,TECs
148100,148100,TECs
148101,148101,Malignant cells
148102,148102,Malignant cells
148103,148103,Hepatocytes
148104,148104,Malignant cells
148105,148105,TECs
148106,148106,T cells
148107,148107,CAFs
148108,148108,Hepatocytes
148109,148109,Hepatocytes
148110,148110,Hepatocytes
148111,148111,Malignant cells
148112,148112,Malignant cells
148113,148113,Malignant cells
148114,148114,Malignant cells
148115,148115,Malignant cells
148116,148116,Malignant cells
148117,148117,Malignant cells
148118,148118,Malignant cells
148119,148119,Hepatocytes
148120,148120,Hepatocytes
148121,148121,Hepatocytes
148122,148122,Malignant cells
148123,148123,Malignant cells
148124,148124,Malignant cells
148125,148125,TECs
148126,148126,Malignant cells
148127,148127,Hepatocytes
148128,148128,Malignant cells
148129,148129,Hepatocytes
148130,148130,TECs
148131,148131,Hepatocytes
148132,148132,Hepatocytes
148133,148133,Hepatocytes
148134,148134,CAFs
148135,148135,T cells
148136,148136,Malignant cells
148137,148137,Malignant cells
148138,148138,TECs
148139,148139,Hepatocytes
148140,148140,TECs
148141,148141,T cells
148142,148142,TECs
148143,148143,TAMs
148144,148144,CAFs
148145,148145,T cells
148146,148146,CAFs
148147,148147,TECs
148148,148148,TECs
148149,148149,Malignant cells
148150,148150,Dendritic cells
148151,148151,B cells
148152,148152,CAFs
148153,148153,Monocytes
148154,148154,Plasma cells
148155,148155,T cells
148156,148156,T cells
148157,148157,T cells
148158,148158,Dendritic cells
148159,148159,Dendritic cells
148160,148160,Dendritic cells
148161,148161,CAFs
148162,148162,T cells
148163,148163,Dendritic cells
148164,148164,TAMs
148165,148165,T cells
148166,148166,TAMs
148167,148167,T cells
148168,148168,T cells
148169,148169,B cells
148170,148170,T cells
148171,148171,CAFs
148172,148172,Dendritic cells
148173,148173,CAFs
148174,148174,Dendritic cells
148175,148175,T cells
148176,148176,TAMs
148177,148177,T cells
148178,148178,T cells
148179,148179,T cells
148180,148180,T cells
148181,148181,B cells
148182,148182,Malignant cells
148183,148183,Malignant cells
148184,148184,Malignant cells
148185,148185,Malignant cells
148186,148186,Malignant cells
148187,148187,Hepatocytes
148188,148188,Hepatocytes
148189,148189,Malignant cells
148190,148190,Hepatocytes
148191,148191,Hepatocytes
148192,148192,Malignant cells
148193,148193,Malignant cells
148194,148194,Malignant cells
148195,148195,TECs
148196,148196,Malignant cells
148197,148197,Hepatocytes
148198,148198,Hepatocytes
148199,148199,Malignant cells
148200,148200,Malignant cells
148201,148201,Malignant cells
148202,148202,Malignant cells
148203,148203,Malignant cells
148204,148204,Malignant cells
148205,148205,Malignant cells
148206,148206,Malignant cells
148207,148207,Malignant cells
148208,148208,Malignant cells
148209,148209,Malignant cells
148210,148210,Malignant cells
148211,148211,Malignant cells
148212,148212,Hepatocytes
148213,148213,Malignant cells
148214,148214,Hepatocytes
148215,148215,Malignant cells
148216,148216,Malignant cells
148217,148217,Malignant cells
148218,148218,Malignant cells
148219,148219,Malignant cells
148220,148220,Malignant cells
148221,148221,Malignant cells
148222,148222,Malignant cells
148223,148223,Malignant cells
148224,148224,Malignant cells
148225,148225,Hepatocytes
148226,148226,Malignant cells
148227,148227,Hepatocytes
148228,148228,Malignant cells
148229,148229,Malignant cells
148230,148230,Malignant cells
148231,148231,Malignant cells
148232,148232,Malignant cells
148233,148233,Malignant cells
148234,148234,Malignant cells
148235,148235,Malignant cells
148236,148236,Malignant cells
148237,148237,Malignant cells
148238,148238,Malignant cells
148239,148239,Malignant cells
148240,148240,Malignant cells
148241,148241,Malignant cells
148242,148242,Hepatocytes
148243,148243,Hepatocytes
148244,148244,Malignant cells
148245,148245,Malignant cells
148246,148246,Malignant cells
148247,148247,Malignant cells
148248,148248,Hepatocytes
148249,148249,Hepatocytes
148250,148250,Hepatocytes
148251,148251,Malignant cells
148252,148252,Malignant cells
148253,148253,Malignant cells
148254,148254,Malignant cells
148255,148255,Malignant cells
148256,148256,Hepatocytes
148257,148257,Malignant cells
148258,148258,Malignant cells
148259,148259,Malignant cells
148260,148260,Malignant cells
148261,148261,Malignant cells
148262,148262,Malignant cells
148263,148263,Malignant cells
148264,148264,Hepatocytes
148265,148265,Malignant cells
148266,148266,Malignant cells
148267,148267,Malignant cells
148268,148268,Malignant cells
148269,148269,Malignant cells
148270,148270,Malignant cells
148271,148271,Malignant cells
148272,148272,Malignant cells
148273,148273,Malignant cells
148274,148274,Malignant cells
148275,148275,Malignant cells
148276,148276,Malignant cells
148277,148277,Hepatocytes
148278,148278,Malignant cells
148279,148279,Hepatocytes
148280,148280,Hepatocytes
148281,148281,Hepatocytes
148282,148282,Malignant cells
148283,148283,Malignant cells
148284,148284,Malignant cells
148285,148285,Malignant cells
148286,148286,Malignant cells
148287,148287,Malignant cells
148288,148288,Malignant cells
148289,148289,Hepatocytes
148290,148290,Hepatocytes
148291,148291,Malignant cells
148292,148292,Malignant cells
148293,148293,Malignant cells
148294,148294,Malignant cells
148295,148295,Malignant cells
148296,148296,Malignant cells
148297,148297,Malignant cells
148298,148298,Malignant cells
148299,148299,Malignant cells
148300,148300,Malignant cells
148301,148301,Hepatocytes
148302,148302,Malignant cells
148303,148303,Hepatocytes
148304,148304,Malignant cells
148305,148305,Malignant cells
148306,148306,Malignant cells
148307,148307,Hepatocytes
148308,148308,Malignant cells
148309,148309,Malignant cells
148310,148310,TECs
148311,148311,Hepatocytes
148312,148312,Malignant cells
148313,148313,Malignant cells
148314,148314,Malignant cells
148315,148315,TECs
148316,148316,Hepatocytes
148317,148317,Malignant cells
148318,148318,Malignant cells
148319,148319,Hepatocytes
148320,148320,Hepatocytes
148321,148321,Malignant cells
148322,148322,Malignant cells
148323,148323,Malignant cells
148324,148324,Hepatocytes
148325,148325,Malignant cells
148326,148326,Malignant cells
148327,148327,Hepatocytes
148328,148328,Hepatocytes
148329,148329,Malignant cells
148330,148330,Malignant cells
148331,148331,Malignant cells
148332,148332,Malignant cells
148333,148333,Malignant cells
148334,148334,Malignant cells
148335,148335,Malignant cells
148336,148336,Malignant cells
148337,148337,Malignant cells
148338,148338,Malignant cells
148339,148339,Malignant cells
148340,148340,Malignant cells
148341,148341,Malignant cells
148342,148342,Malignant cells
148343,148343,Malignant cells
148344,148344,Malignant cells
148345,148345,Malignant cells
148346,148346,Malignant cells
148347,148347,Malignant cells
148348,148348,Malignant cells
148351,148351,Hepatocytes
148352,148352,Malignant cells
148353,148353,Malignant cells
148354,148354,Malignant cells
148355,148355,Malignant cells
148356,148356,Hepatocytes
148357,148357,TECs
148358,148358,Hepatocytes
148359,148359,Malignant cells
148360,148360,Malignant cells
148361,148361,Malignant cells
148362,148362,Malignant cells
148363,148363,Malignant cells
148364,148364,Malignant cells
148365,148365,Malignant cells
148366,148366,Malignant cells
148367,148367,TECs
148368,148368,Malignant cells
148369,148369,Malignant cells
148370,148370,Hepatocytes
148371,148371,Hepatocytes
148372,148372,Hepatocytes
148373,148373,Hepatocytes
148374,148374,Hepatocytes
148375,148375,Hepatocytes
148376,148376,Malignant cells
148377,148377,Hepatocytes
148378,148378,Malignant cells
148379,148379,TAMs
148380,148380,Malignant cells
148381,148381,Malignant cells
148382,148382,Malignant cells
148383,148383,Hepatocytes
148384,148384,Malignant cells
148385,148385,Hepatocytes
148386,148386,Malignant cells
148387,148387,Hepatocytes
148388,148388,TECs
148389,148389,Hepatocytes
148390,148390,Malignant cells
148391,148391,Hepatocytes
148392,148392,Hepatocytes
148393,148393,TECs
148394,148394,Malignant cells
148395,148395,Malignant cells
148396,148396,Malignant cells
148397,148397,Malignant cells
148398,148398,Hepatocytes
148399,148399,Malignant cells
148400,148400,Malignant cells
148401,148401,Hepatocytes
148402,148402,Malignant cells
148403,148403,Malignant cells
148404,148404,TECs
148406,148406,Malignant cells
148410,148410,Malignant cells
148414,148414,Malignant cells
148415,148415,Malignant cells
148416,148416,Malignant cells
148420,148420,Malignant cells
148422,148422,Malignant cells
148425,148425,Malignant cells
148428,148428,Malignant cells
148429,148429,Malignant cells
148430,148430,Hepatocytes
148433,148433,Malignant cells
148437,148437,Malignant cells
148441,148441,Malignant cells
148445,148445,Malignant cells
148450,148450,TECs
148453,148453,Malignant cells
148454,148454,TECs
148456,148456,Malignant cells
148457,148457,Malignant cells
148458,148458,Malignant cells
148462,148462,Malignant cells
148465,148465,Hepatocytes
148466,148466,Malignant cells
148467,148467,Malignant cells
148468,148468,Malignant cells
148469,148469,Malignant cells
148470,148470,Malignant cells
148471,148471,Malignant cells
148472,148472,Malignant cells
148473,148473,TAMs
148474,148474,Malignant cells
148475,148475,Malignant cells
148476,148476,Malignant cells
148477,148477,Malignant cells
148478,148478,Malignant cells
148479,148479,Malignant cells
148480,148480,Malignant cells
148481,148481,Malignant cells
148482,148482,Malignant cells
148483,148483,Malignant cells
148484,148484,Malignant cells
148485,148485,Malignant cells
148486,148486,Malignant cells
148487,148487,Malignant cells
148488,148488,Malignant cells
148489,148489,Malignant cells
148490,148490,Malignant cells
148491,148491,Malignant cells
148492,148492,Malignant cells
148493,148493,Malignant cells
148494,148494,Malignant cells
148495,148495,Malignant cells
148496,148496,Malignant cells
148497,148497,Malignant cells
148498,148498,Hepatocytes
148499,148499,Malignant cells
148577,148577,Malignant cells
148578,148578,Malignant cells
148579,148579,Hepatocytes
148580,148580,Malignant cells
148581,148581,Malignant cells
148582,148582,Hepatocytes
148583,148583,Malignant cells
148584,148584,Malignant cells
148585,148585,Malignant cells
148586,148586,Malignant cells
148587,148587,Malignant cells
148588,148588,Hepatocytes
148589,148589,Malignant cells
148590,148590,Hepatocytes
148591,148591,Malignant cells
148592,148592,Hepatocytes
148593,148593,Malignant cells
148594,148594,Hepatocytes
148595,148595,Malignant cells
148596,148596,Malignant cells
148597,148597,Malignant cells
148598,148598,Malignant cells
148599,148599,Malignant cells
148600,148600,Malignant cells
148601,148601,Malignant cells
148602,148602,Malignant cells
148603,148603,Hepatocytes
148604,148604,Malignant cells
148605,148605,Malignant cells
148606,148606,Hepatocytes
148607,148607,Malignant cells
148608,148608,Hepatocytes
148609,148609,Hepatocytes
148610,148610,TECs
148611,148611,Malignant cells
148612,148612,Malignant cells
148613,148613,Malignant cells
148614,148614,Hepatocytes
148615,148615,Malignant cells
148616,148616,Hepatocytes
148617,148617,Malignant cells
148618,148618,Malignant cells
148619,148619,Malignant cells
148621,148621,Hepatocytes
148623,148623,Malignant cells
148624,148624,Malignant cells
148627,148627,Malignant cells
148629,148629,Malignant cells
148636,148636,Malignant cells
148637,148637,Malignant cells
148641,148641,Malignant cells
148642,148642,Malignant cells
148644,148644,Malignant cells
148647,148647,Malignant cells
148648,148648,Malignant cells
148651,148651,Malignant cells
148655,148655,Malignant cells
148658,148658,Malignant cells
148661,148661,Hepatocytes
148662,148662,Malignant cells
148663,148663,Malignant cells
148664,148664,Malignant cells
148665,148665,Hepatocytes
148666,148666,Malignant cells
148667,148667,Malignant cells
148668,148668,Malignant cells
148669,148669,Malignant cells
148670,148670,Malignant cells
148671,148671,Malignant cells
148672,148672,Malignant cells
148673,148673,Malignant cells
148674,148674,Malignant cells
148675,148675,Malignant cells
148676,148676,Malignant cells
148677,148677,Malignant cells
148678,148678,Malignant cells
148679,148679,Malignant cells
148680,148680,Malignant cells
148681,148681,Malignant cells
148682,148682,Malignant cells
148683,148683,Hepatocytes
148684,148684,Malignant cells
148685,148685,Malignant cells
148686,148686,Hepatocytes
148687,148687,Malignant cells
148688,148688,Malignant cells
148689,148689,Malignant cells
148690,148690,Malignant cells
148691,148691,Malignant cells
148692,148692,Malignant cells
148693,148693,Malignant cells
148694,148694,Malignant cells
148695,148695,Malignant cells
148696,148696,Malignant cells
148697,148697,Malignant cells
148698,148698,Malignant cells
148699,148699,Malignant cells
148700,148700,Malignant cells
148701,148701,Hepatocytes
148702,148702,Hepatocytes
148703,148703,Malignant cells
148704,148704,Malignant cells
148705,148705,Malignant cells
148706,148706,Malignant cells
148707,148707,Malignant cells
148708,148708,Malignant cells
148709,148709,Malignant cells
148710,148710,Malignant cells
148711,148711,Malignant cells
148712,148712,Malignant cells
148713,148713,Malignant cells
148714,148714,Malignant cells
148715,148715,Malignant cells
148716,148716,Malignant cells
148717,148717,Malignant cells
148718,148718,Malignant cells
148719,148719,Malignant cells
148720,148720,Malignant cells
148721,148721,Hepatocytes
148722,148722,Malignant cells
148723,148723,Hepatocytes
148724,148724,Malignant cells
148725,148725,Malignant cells
148726,148726,Malignant cells
148727,148727,Malignant cells
148728,148728,Malignant cells
148729,148729,Hepatocytes
148730,148730,Malignant cells
148731,148731,Malignant cells
148732,148732,Malignant cells
148733,148733,Malignant cells
148734,148734,Malignant cells
148735,148735,Malignant cells
148736,148736,Hepatocytes
148737,148737,Malignant cells
148738,148738,Malignant cells
148739,148739,Malignant cells
148740,148740,Malignant cells
148741,148741,Malignant cells
148742,148742,Malignant cells
148743,148743,Malignant cells
148744,148744,Malignant cells
148745,148745,Malignant cells
148746,148746,Malignant cells
148747,148747,Malignant cells
148748,148748,Malignant cells
148749,148749,Malignant cells
148750,148750,Malignant cells
148751,148751,Malignant cells
148752,148752,Hepatocytes
148753,148753,Hepatocytes
148754,148754,Malignant cells
148755,148755,Malignant cells
148756,148756,Hepatocytes
148757,148757,Malignant cells
148758,148758,Malignant cells
148759,148759,Malignant cells
148760,148760,Malignant cells
148761,148761,Malignant cells
148762,148762,Malignant cells
148763,148763,Hepatocytes
148764,148764,Malignant cells
148765,148765,Hepatocytes
148766,148766,Malignant cells
148767,148767,Malignant cells
148768,148768,Malignant cells
148769,148769,Malignant cells
148770,148770,Malignant cells
148771,148771,Malignant cells
148772,148772,Malignant cells
148773,148773,Malignant cells
148774,148774,Malignant cells
148775,148775,Malignant cells
148776,148776,Hepatocytes
148777,148777,Malignant cells
148778,148778,Malignant cells
148779,148779,Malignant cells
148780,148780,Malignant cells
148781,148781,Malignant cells
148782,148782,Malignant cells
148783,148783,Hepatocytes
148784,148784,Malignant cells
148785,148785,Malignant cells
148786,148786,Malignant cells
148787,148787,Malignant cells
148788,148788,Malignant cells
148789,148789,Malignant cells
148790,148790,Malignant cells
148791,148791,Malignant cells
148792,148792,Malignant cells
148793,148793,Malignant cells
148794,148794,Malignant cells
148795,148795,Hepatocytes
148796,148796,Malignant cells
148797,148797,Malignant cells
148798,148798,Malignant cells
148799,148799,Malignant cells
148800,148800,Malignant cells
148801,148801,Malignant cells
148802,148802,Malignant cells
148803,148803,Malignant cells
148804,148804,Hepatocytes
148805,148805,Malignant cells
148806,148806,Malignant cells
148807,148807,Hepatocytes
148808,148808,Malignant cells
148809,148809,Malignant cells
148810,148810,Hepatocytes
148815,148815,Malignant cells
148816,148816,Malignant cells
148817,148817,Malignant cells
148818,148818,Malignant cells
148819,148819,Malignant cells
148820,148820,Malignant cells
148821,148821,Malignant cells
148822,148822,Malignant cells
148823,148823,Hepatocytes
148824,148824,Malignant cells
148825,148825,Malignant cells
148826,148826,Malignant cells
148827,148827,Malignant cells
148828,148828,Malignant cells
148829,148829,Malignant cells
148830,148830,Malignant cells
148831,148831,Malignant cells
148832,148832,Malignant cells
148833,148833,Malignant cells
148834,148834,Malignant cells
148835,148835,Malignant cells
148836,148836,Malignant cells
148837,148837,Malignant cells
148838,148838,Malignant cells
148839,148839,Malignant cells
148840,148840,Malignant cells
148841,148841,Malignant cells
148842,148842,Malignant cells
148843,148843,Malignant cells
148844,148844,Malignant cells
148845,148845,Malignant cells
148972,148972,Malignant cells
148973,148973,Malignant cells
148974,148974,Malignant cells
148975,148975,Malignant cells
148976,148976,Malignant cells
148977,148977,Malignant cells
148978,148978,Malignant cells
148979,148979,Malignant cells
148980,148980,Malignant cells
148981,148981,Malignant cells
148982,148982,Malignant cells
148983,148983,Malignant cells
148984,148984,Malignant cells
148985,148985,Malignant cells
148986,148986,Malignant cells
148987,148987,Malignant cells
148988,148988,Malignant cells
148989,148989,Malignant cells
148990,148990,Hepatocytes
148991,148991,Malignant cells
148992,148992,Malignant cells
148993,148993,Malignant cells
148994,148994,Malignant cells
148995,148995,Malignant cells
148996,148996,Malignant cells
148997,148997,Malignant cells
148998,148998,Malignant cells
148999,148999,Malignant cells
149000,149000,Hepatocytes
149001,149001,Malignant cells
149002,149002,Malignant cells
149003,149003,Malignant cells
149004,149004,Malignant cells
149005,149005,Malignant cells
149006,149006,Malignant cells
149007,149007,Malignant cells
149008,149008,Malignant cells
149009,149009,Malignant cells
149010,149010,Malignant cells
149011,149011,Malignant cells
149012,149012,Malignant cells
149013,149013,Malignant cells
149014,149014,Malignant cells
149015,149015,Malignant cells
149016,149016,Hepatocytes
149017,149017,Malignant cells
149018,149018,Hepatocytes
149019,149019,Malignant cells
149020,149020,Malignant cells
149021,149021,Malignant cells
149022,149022,Malignant cells
149023,149023,Malignant cells
149024,149024,Malignant cells
149025,149025,Malignant cells
149026,149026,Malignant cells
149027,149027,Malignant cells
149028,149028,Malignant cells
149029,149029,Malignant cells
149030,149030,Malignant cells
149031,149031,Malignant cells
149032,149032,Hepatocytes
149033,149033,Malignant cells
149034,149034,Hepatocytes
149035,149035,Malignant cells
149036,149036,Malignant cells
149037,149037,Malignant cells
149038,149038,Malignant cells
149039,149039,Malignant cells
149040,149040,Malignant cells
149041,149041,Malignant cells
149042,149042,Hepatocytes
149043,149043,Malignant cells
149044,149044,Malignant cells
149045,149045,Hepatocytes
149046,149046,Malignant cells
149047,149047,TECs
149048,149048,Malignant cells
149049,149049,TECs
149106,149106,Hepatocytes
149107,149107,Malignant cells
149108,149108,Malignant cells
149109,149109,Malignant cells
149110,149110,Malignant cells
149111,149111,Malignant cells
149112,149112,Malignant cells
149113,149113,Malignant cells
149114,149114,Malignant cells
149115,149115,Malignant cells
149116,149116,Malignant cells
149117,149117,Malignant cells
149118,149118,Malignant cells
149119,149119,Malignant cells
149120,149120,Malignant cells
149121,149121,Malignant cells
149122,149122,Hepatocytes
149123,149123,Malignant cells
149124,149124,Malignant cells
149125,149125,Malignant cells
149126,149126,Malignant cells
149127,149127,TECs
149128,149128,TECs
149129,149129,Malignant cells
149130,149130,Malignant cells
149131,149131,Malignant cells
149132,149132,Malignant cells
149133,149133,Malignant cells
149134,149134,Hepatocytes
149135,149135,Malignant cells
149136,149136,Hepatocytes
149137,149137,Malignant cells
149251,149251,Malignant cells
149252,149252,Malignant cells
149253,149253,Malignant cells
149254,149254,Malignant cells
149255,149255,Hepatocytes
149256,149256,Malignant cells
149257,149257,Malignant cells
149258,149258,Malignant cells
149259,149259,Malignant cells
149260,149260,Malignant cells
149261,149261,Hepatocytes
149262,149262,Malignant cells
149263,149263,Malignant cells
149264,149264,Malignant cells
149265,149265,Malignant cells
149266,149266,Malignant cells
149267,149267,Malignant cells
149268,149268,CAFs
149269,149269,Malignant cells
149270,149270,Hepatocytes
149271,149271,Malignant cells
149272,149272,Malignant cells
149273,149273,Malignant cells
149274,149274,Malignant cells
149275,149275,Malignant cells
149276,149276,Malignant cells
149277,149277,Malignant cells
149278,149278,Malignant cells
149279,149279,Malignant cells
149280,149280,CAFs
149281,149281,TECs
149282,149282,TAMs
149283,149283,Malignant cells
149424,149424,Malignant cells
149425,149425,Malignant cells
149426,149426,Malignant cells
149427,149427,Malignant cells
149428,149428,Malignant cells
149429,149429,Malignant cells
149430,149430,Malignant cells
149431,149431,Malignant cells
149432,149432,Malignant cells
149433,149433,Malignant cells
149434,149434,TAMs
149435,149435,Malignant cells
149436,149436,Malignant cells
149437,149437,Malignant cells
149438,149438,Malignant cells
149439,149439,Malignant cells
149440,149440,Malignant cells
149441,149441,Malignant cells
149442,149442,Malignant cells
149443,149443,Malignant cells
149444,149444,Hepatocytes
149445,149445,Malignant cells
149446,149446,Malignant cells
149447,149447,Malignant cells
149448,149448,Malignant cells
149449,149449,Malignant cells
149450,149450,Malignant cells
149451,149451,Malignant cells
149452,149452,Malignant cells
149453,149453,Malignant cells
149454,149454,Malignant cells
149455,149455,Malignant cells
149456,149456,Malignant cells
149457,149457,Malignant cells
149458,149458,Malignant cells
149459,149459,Hepatocytes
149460,149460,Malignant cells
149461,149461,Malignant cells
149462,149462,Malignant cells
149463,149463,Malignant cells
149464,149464,Malignant cells
149465,149465,Malignant cells
149466,149466,Malignant cells
149467,149467,Hepatocytes
149468,149468,Malignant cells
149469,149469,Malignant cells
149470,149470,Malignant cells
149471,149471,Hepatocytes
149472,149472,Malignant cells
149473,149473,Malignant cells
149474,149474,Malignant cells
149475,149475,Malignant cells
149476,149476,Malignant cells
149477,149477,Malignant cells
149478,149478,Malignant cells
149479,149479,Malignant cells
149480,149480,Hepatocytes
149481,149481,Malignant cells
149482,149482,Malignant cells
149483,149483,Malignant cells
149484,149484,Malignant cells
149485,149485,Malignant cells
149486,149486,Malignant cells
149487,149487,Malignant cells
149488,149488,Malignant cells
149606,149606,Malignant cells
149607,149607,Malignant cells
149609,149609,Malignant cells
149611,149611,Malignant cells
149612,149612,Malignant cells
149613,149613,Malignant cells
149614,149614,Malignant cells
149615,149615,Malignant cells
149616,149616,Malignant cells
149617,149617,Malignant cells
149618,149618,Malignant cells
149619,149619,Malignant cells
149620,149620,Malignant cells
149621,149621,Malignant cells
149622,149622,Hepatocytes
149623,149623,Malignant cells
149624,149624,Malignant cells
149625,149625,Malignant cells
149626,149626,Hepatocytes
149627,149627,Malignant cells
149628,149628,Malignant cells
149629,149629,Malignant cells
149630,149630,Malignant cells
149631,149631,Malignant cells
149632,149632,Malignant cells
149633,149633,Hepatocytes
149634,149634,Malignant cells
149635,149635,Hepatocytes
149636,149636,Malignant cells
149637,149637,Malignant cells
149638,149638,Malignant cells
149639,149639,Malignant cells
149640,149640,Malignant cells
149641,149641,Malignant cells
149642,149642,Malignant cells
149643,149643,Malignant cells
149644,149644,Malignant cells
149645,149645,Hepatocytes
149646,149646,Hepatocytes
149647,149647,Hepatocytes
149648,149648,Malignant cells
149649,149649,Malignant cells
149650,149650,Malignant cells
149651,149651,Hepatocytes
149652,149652,Malignant cells
149653,149653,Malignant cells
149654,149654,Malignant cells
149655,149655,Malignant cells
149656,149656,Hepatocytes
149657,149657,Malignant cells
149658,149658,Hepatocytes
149659,149659,Malignant cells
149660,149660,Malignant cells
149661,149661,Malignant cells
149662,149662,Malignant cells
149663,149663,Hepatocytes
149664,149664,Malignant cells
149665,149665,Malignant cells
149667,149667,Malignant cells
149668,149668,Malignant cells
149669,149669,Malignant cells
149670,149670,Hepatocytes
149671,149671,TECs
149672,149672,Hepatocytes
149673,149673,Malignant cells
149674,149674,Malignant cells
149675,149675,Malignant cells
149676,149676,Malignant cells
149677,149677,Malignant cells
149679,149679,Hepatocytes
149680,149680,Malignant cells
149681,149681,Hepatocytes
149682,149682,Hepatocytes
150157,150157,Hepatocytes
150160,150160,Malignant cells
150163,150163,Malignant cells
150164,150164,Hepatocytes
150165,150165,Malignant cells
150167,150167,Malignant cells
150171,150171,Malignant cells
150172,150172,Malignant cells
150178,150178,Malignant cells
150179,150179,Malignant cells
150181,150181,Malignant cells
150182,150182,Malignant cells
150187,150187,Hepatocytes
150190,150190,Hepatocytes
150192,150192,Malignant cells
150193,150193,Malignant cells
150194,150194,Malignant cells
150198,150198,Malignant cells
150199,150199,Malignant cells
150200,150200,Malignant cells
150201,150201,Malignant cells
150206,150206,Malignant cells
150209,150209,Malignant cells
150210,150210,Malignant cells
150217,150217,Malignant cells
150224,150224,Malignant cells
150225,150225,Malignant cells
150268,150268,Malignant cells
150269,150269,Malignant cells
150270,150270,Malignant cells
150271,150271,TECs
150273,150273,Malignant cells
150274,150274,Smooth muscle cells
150276,150276,Malignant cells
150277,150277,CAFs
150278,150278,TAMs
150280,150280,Hepatocytes
150282,150282,Hepatocytes
150283,150283,Malignant cells
150284,150284,Hepatocytes
150285,150285,Hepatocytes
150286,150286,Malignant cells
150287,150287,Malignant cells
150288,150288,Malignant cells
150289,150289,Hepatocytes
150291,150291,Malignant cells
150292,150292,Malignant cells
150293,150293,Malignant cells
150294,150294,Malignant cells
150295,150295,Malignant cells
150297,150297,Malignant cells
150298,150298,Malignant cells
150299,150299,Malignant cells
150300,150300,Malignant cells
150303,150303,Malignant cells
150304,150304,Malignant cells
150305,150305,Malignant cells
150306,150306,Malignant cells
150307,150307,Malignant cells
150308,150308,Malignant cells
150309,150309,Malignant cells
150310,150310,Hepatocytes
151142,151142,TAMs
151143,151143,Hepatocytes
151144,151144,Malignant cells
151146,151146,Hepatocytes
151147,151147,Malignant cells
151149,151149,Malignant cells
151150,151150,Malignant cells
151152,151152,Malignant cells
151153,151153,Malignant cells
151154,151154,Malignant cells
151155,151155,Malignant cells
151157,151157,Malignant cells
151158,151158,Malignant cells
151159,151159,Malignant cells
151160,151160,Malignant cells
151162,151162,Malignant cells
151163,151163,Malignant cells
151164,151164,Malignant cells
151166,151166,Malignant cells
151167,151167,Malignant cells
151168,151168,Malignant cells
151169,151169,Malignant cells
151170,151170,Malignant cells
151172,151172,Malignant cells
151173,151173,Malignant cells
151174,151174,Malignant cells
151175,151175,Malignant cells
151176,151176,Malignant cells
151177,151177,Malignant cells
151178,151178,Malignant cells
151179,151179,Hepatocytes
151494,151494,TECs
151495,151495,CAFs
151496,151496,CAFs
151497,151497,Cholangiocytes
151498,151498,Monocytes
151499,151499,CAFs
151500,151500,TECs
151501,151501,CAFs
151502,151502,CAFs
151503,151503,CAFs
151504,151504,CAFs
151505,151505,CAFs
151506,151506,Smooth muscle cells
151507,151507,CAFs
151508,151508,CAFs
151509,151509,CAFs
151510,151510,CAFs
151511,151511,CAFs
151512,151512,CAFs
151513,151513,CAFs
151514,151514,CAFs
151515,151515,CAFs
151516,151516,CAFs
151517,151517,TECs
151518,151518,TECs
151519,151519,CAFs
151520,151520,CAFs
151521,151521,CAFs
151522,151522,TECs
151523,151523,CAFs
151524,151524,CAFs
151525,151525,CAFs
151526,151526,CAFs
151527,151527,CAFs
151528,151528,CAFs
151529,151529,CAFs
151530,151530,CAFs
151531,151531,CAFs
151532,151532,CAFs
151533,151533,CAFs
151534,151534,CAFs
151535,151535,CAFs
151536,151536,CAFs
151537,151537,Malignant cells
151538,151538,CAFs
151539,151539,Malignant cells
151540,151540,CAFs
151541,151541,CAFs
151542,151542,CAFs
151543,151543,CAFs
151544,151544,TECs
151545,151545,CAFs
151546,151546,Malignant cells
151547,151547,Malignant cells
151548,151548,TECs
151549,151549,CAFs
151550,151550,Malignant cells
151551,151551,CAFs
151552,151552,Malignant cells
151553,151553,Malignant cells
151554,151554,Stellate cells
151555,151555,Malignant cells
151556,151556,CAFs
151557,151557,TECs
151558,151558,CAFs
151559,151559,Malignant cells
151560,151560,CAFs
151561,151561,Malignant cells
151562,151562,CAFs
151563,151563,Malignant cells
151564,151564,Malignant cells
151565,151565,TECs
151566,151566,Malignant cells
151567,151567,CAFs
151568,151568,Hepatocytes
151569,151569,TECs
151570,151570,Malignant cells
151571,151571,CAFs
151572,151572,Malignant cells
151573,151573,Malignant cells
151574,151574,Malignant cells
151575,151575,Malignant cells
151576,151576,CAFs
151577,151577,Malignant cells
151578,151578,Malignant cells
151579,151579,Malignant cells
151580,151580,Malignant cells
151581,151581,CAFs
151582,151582,CAFs
151583,151583,CAFs
151584,151584,CAFs
151585,151585,CAFs
151586,151586,TECs
151587,151587,TECs
151588,151588,CAFs
151589,151589,Stellate cells
151590,151590,CAFs
151591,151591,CAFs
151592,151592,TECs
151593,151593,CAFs
151594,151594,CAFs
151595,151595,CAFs
151596,151596,CAFs
151597,151597,CAFs
151598,151598,CAFs
151599,151599,CAFs
151600,151600,TAMs
151601,151601,CAFs
151602,151602,CAFs
151603,151603,Monocytes
151604,151604,CAFs
151605,151605,CAFs
151606,151606,CAFs
151607,151607,CAFs
151608,151608,CAFs
151609,151609,CAFs
151610,151610,CAFs
151611,151611,CAFs
151612,151612,CAFs
151613,151613,CAFs
151614,151614,CAFs
151615,151615,CAFs
151616,151616,CAFs
151617,151617,CAFs
151618,151618,CAFs
151619,151619,CAFs
151620,151620,TECs
151621,151621,Hepatocytes
151622,151622,CAFs
151623,151623,CAFs
151624,151624,CAFs
151625,151625,CAFs
151626,151626,CAFs
151627,151627,CAFs
151628,151628,CAFs
151629,151629,CAFs
151630,151630,CAFs
151631,151631,CAFs
151632,151632,CAFs
151633,151633,T cells
151634,151634,CAFs
151635,151635,CAFs
151636,151636,CAFs
151637,151637,CAFs
151638,151638,CAFs
151639,151639,CAFs
151640,151640,CAFs
151641,151641,TAMs
151642,151642,TAMs
151643,151643,CAFs
151644,151644,CAFs
151645,151645,Mast cells
151646,151646,T cells
151647,151647,CAFs
151648,151648,CAFs
151649,151649,T cells
151650,151650,CAFs
151651,151651,CAFs
151652,151652,CAFs
151653,151653,CAFs
151654,151654,CAFs
151655,151655,CAFs
151656,151656,CAFs
151657,151657,T cells
151658,151658,CAFs
151659,151659,T cells
151660,151660,CAFs
151661,151661,CAFs
151662,151662,CAFs
151663,151663,CAFs
151664,151664,CAFs
151665,151665,CAFs
151666,151666,CAFs
151667,151667,CAFs
151668,151668,CAFs
151669,151669,CAFs
151670,151670,CAFs
151671,151671,CAFs
151672,151672,CAFs
151673,151673,CAFs
151674,151674,CAFs
151675,151675,CAFs
151676,151676,TECs
151677,151677,CAFs
151678,151678,CAFs
151679,151679,CAFs
151680,151680,CAFs
151681,151681,CAFs
151682,151682,CAFs
151683,151683,TECs
151684,151684,CAFs
151685,151685,TECs
151686,151686,TECs
151687,151687,CAFs
151688,151688,CAFs
151689,151689,CAFs
151690,151690,CAFs
151691,151691,CAFs
151692,151692,TECs
151693,151693,CAFs
151694,151694,CAFs
151695,151695,CAFs
151696,151696,CAFs
151697,151697,TECs
151698,151698,CAFs
151699,151699,CAFs
151700,151700,CAFs
151701,151701,Malignant cells
151702,151702,Malignant cells
151703,151703,Malignant cells
151704,151704,TAMs
151705,151705,CAFs
151706,151706,Malignant cells
151707,151707,Malignant cells
151708,151708,Malignant cells
151709,151709,TAMs
151710,151710,TAMs
151711,151711,Malignant cells
151712,151712,Malignant cells
151713,151713,Malignant cells
151714,151714,TECs
151715,151715,Malignant cells
151716,151716,Malignant cells
151717,151717,Malignant cells
151718,151718,Malignant cells
151719,151719,Hepatocytes
151720,151720,Malignant cells
151721,151721,Malignant cells
151722,151722,Malignant cells
151723,151723,Malignant cells
151724,151724,Malignant cells
151725,151725,Malignant cells
151726,151726,TECs
151727,151727,Malignant cells
151728,151728,Hepatocytes
151729,151729,Malignant cells
151730,151730,Malignant cells
151731,151731,Malignant cells
151732,151732,Malignant cells
151733,151733,Malignant cells
151734,151734,Hepatocytes
151735,151735,Malignant cells
151736,151736,Malignant cells
151737,151737,Hepatocytes
151738,151738,Malignant cells
151739,151739,Malignant cells
151740,151740,Malignant cells
151741,151741,Malignant cells
151742,151742,Malignant cells
151743,151743,Malignant cells
151744,151744,Malignant cells
151745,151745,Malignant cells
151746,151746,Malignant cells
151747,151747,Hepatocytes
151748,151748,Malignant cells
151749,151749,Hepatocytes
151750,151750,Hepatocytes
151751,151751,Hepatocytes
151752,151752,Malignant cells
151753,151753,Malignant cells
151754,151754,TAMs
151755,151755,Malignant cells
151756,151756,TECs
151757,151757,TECs
151758,151758,TAMs
151759,151759,Malignant cells
151760,151760,TECs
151761,151761,Malignant cells
151762,151762,Malignant cells
151763,151763,TECs
151764,151764,Hepatocytes
151765,151765,Malignant cells
151766,151766,Malignant cells
151767,151767,Hepatocytes
151768,151768,Malignant cells
151769,151769,Malignant cells
151770,151770,TAMs
151771,151771,Malignant cells
151772,151772,Malignant cells
151773,151773,Malignant cells
151774,151774,TECs
151775,151775,Hepatocytes
151776,151776,Hepatocytes
151777,151777,Hepatocytes
151778,151778,CAFs
151779,151779,CAFs
151780,151780,CAFs
151781,151781,CAFs
151782,151782,CAFs
151783,151783,CAFs
151784,151784,CAFs
151785,151785,CAFs
151786,151786,Monocytes
151787,151787,CAFs
151788,151788,CAFs
151789,151789,CAFs
151790,151790,CAFs
151791,151791,CAFs
151792,151792,CAFs
151793,151793,CAFs
151794,151794,CAFs
151795,151795,CAFs
151796,151796,TECs
151797,151797,CAFs
151798,151798,CAFs
151799,151799,CAFs
151800,151800,Dendritic cells
151801,151801,Stellate cells
151802,151802,CAFs
151803,151803,CAFs
151804,151804,TECs
151805,151805,CAFs
151806,151806,TECs
151807,151807,CAFs
151808,151808,CAFs
151809,151809,CAFs
151810,151810,CAFs
151811,151811,CAFs
151812,151812,CAFs
151813,151813,CAFs
151814,151814,CAFs
151815,151815,CAFs
151816,151816,CAFs
151817,151817,CAFs
151818,151818,CAFs
151819,151819,TECs
151820,151820,CAFs
151821,151821,CAFs
151822,151822,TECs
151823,151823,CAFs
151824,151824,CAFs
151825,151825,T cells
151826,151826,CAFs
151827,151827,CAFs
151828,151828,CAFs
151829,151829,CAFs
151830,151830,CAFs
151831,151831,CAFs
151832,151832,CAFs
151833,151833,CAFs
151834,151834,CAFs
151835,151835,CAFs
151836,151836,CAFs
151837,151837,CAFs
151838,151838,CAFs
151839,151839,TECs
151840,151840,CAFs
151841,151841,T cells
151842,151842,CAFs
151843,151843,T cells
151844,151844,TECs
151845,151845,CAFs
151846,151846,CAFs
151847,151847,CAFs
151848,151848,CAFs
151849,151849,CAFs
151850,151850,TECs
151851,151851,TECs
151852,151852,CAFs
151853,151853,CAFs
151854,151854,TECs
151855,151855,CAFs
151856,151856,CAFs
151857,151857,CAFs
151858,151858,CAFs
151859,151859,TECs
151860,151860,T cells
151861,151861,TECs
151862,151862,Hepatocytes
151863,151863,T cells
151864,151864,CAFs
151865,151865,Monocytes
151866,151866,T cells
151867,151867,CAFs
151868,151868,CAFs
151869,151869,CAFs
151870,151870,TECs
151871,151871,CAFs
151872,151872,Dendritic cells
151873,151873,Hepatocytes
151874,151874,Malignant cells
151875,151875,CAFs
151876,151876,Malignant cells
151877,151877,Malignant cells
151878,151878,CAFs
151879,151879,CAFs
151880,151880,CAFs
151881,151881,CAFs
151882,151882,CAFs
151883,151883,CAFs
151884,151884,CAFs
151885,151885,CAFs
151886,151886,CAFs
151887,151887,CAFs
151888,151888,Mast cells
151889,151889,TECs
151890,151890,CAFs
151891,151891,Smooth muscle cells
151892,151892,T cells
151893,151893,Cholangiocytes
151894,151894,CAFs
151895,151895,CAFs
151896,151896,CAFs
151897,151897,CAFs
151898,151898,CAFs
151899,151899,CAFs
151900,151900,CAFs
151901,151901,CAFs
151902,151902,CAFs
151903,151903,CAFs
151904,151904,Smooth muscle cells
151905,151905,CAFs
151906,151906,CAFs
151907,151907,CAFs
151908,151908,CAFs
151909,151909,TECs
151910,151910,CAFs
151911,151911,T cells
151912,151912,CAFs
151913,151913,CAFs
151914,151914,CAFs
151915,151915,CAFs
151916,151916,TECs
151917,151917,CAFs
151918,151918,Dendritic cells
151919,151919,CAFs
151920,151920,TECs
151921,151921,CAFs
151922,151922,CAFs
151923,151923,TAMs
151924,151924,Monocytes
151925,151925,Cholangiocytes
151926,151926,TAMs
151927,151927,CAFs
151928,151928,CAFs
151929,151929,CAFs
151930,151930,CAFs
151931,151931,CAFs
151932,151932,CAFs
151933,151933,TAMs
151934,151934,Malignant cells
151935,151935,CAFs
151936,151936,CAFs
151937,151937,CAFs
151938,151938,CAFs
151939,151939,CAFs
151940,151940,TECs
151941,151941,CAFs
151942,151942,TECs
151943,151943,TECs
151944,151944,CAFs
151945,151945,CAFs
151946,151946,CAFs
151947,151947,CAFs
151948,151948,TAMs
151949,151949,CAFs
151950,151950,CAFs
151951,151951,CAFs
151952,151952,CAFs
151953,151953,CAFs
151954,151954,CAFs
151955,151955,CAFs
151956,151956,CAFs
151957,151957,CAFs
151958,151958,CAFs
151959,151959,B cells
151960,151960,T cells
151961,151961,CAFs
151962,151962,T cells
151963,151963,TECs
151964,151964,TECs
151965,151965,CAFs
151966,151966,TECs
151967,151967,Hepatocytes
151968,151968,TECs
151969,151969,CAFs
151970,151970,CAFs
151971,151971,CAFs
151972,151972,CAFs
151973,151973,CAFs
151974,151974,TECs
151975,151975,Malignant cells
151976,151976,Malignant cells
151977,151977,Malignant cells
151978,151978,Malignant cells
151979,151979,Malignant cells
151980,151980,Malignant cells
151981,151981,Dendritic cells
151982,151982,CAFs
151983,151983,Malignant cells
151984,151984,TECs
151985,151985,Malignant cells
151986,151986,Malignant cells
151987,151987,Malignant cells
151988,151988,Malignant cells
151989,151989,Malignant cells
151990,151990,Malignant cells
151991,151991,Malignant cells
151992,151992,Malignant cells
151993,151993,Malignant cells
151994,151994,Malignant cells
151995,151995,TAMs
151996,151996,Malignant cells
151997,151997,Malignant cells
151998,151998,Malignant cells
151999,151999,Malignant cells
152000,152000,Malignant cells
152001,152001,Hepatocytes
152002,152002,Hepatocytes
152003,152003,Malignant cells
152004,152004,Hepatocytes
152005,152005,Malignant cells
152006,152006,Malignant cells
152007,152007,Malignant cells
152008,152008,Malignant cells
152009,152009,Malignant cells
152010,152010,Malignant cells
152011,152011,Malignant cells
152012,152012,Malignant cells
152013,152013,Malignant cells
152014,152014,Malignant cells
152015,152015,Hepatocytes
152016,152016,Hepatocytes
152017,152017,Malignant cells
152018,152018,Hepatocytes
152019,152019,Malignant cells
152020,152020,Malignant cells
152021,152021,Malignant cells
152022,152022,Malignant cells
152023,152023,TECs
152024,152024,Malignant cells
152025,152025,Malignant cells
152026,152026,Malignant cells
152027,152027,Hepatocytes
152028,152028,Hepatocytes
152029,152029,TAMs
152030,152030,Malignant cells
152031,152031,Malignant cells
152032,152032,Malignant cells
152033,152033,Malignant cells
152034,152034,Malignant cells
152035,152035,Malignant cells
152036,152036,Malignant cells
152037,152037,Hepatocytes
152038,152038,Hepatocytes
152039,152039,Malignant cells
152040,152040,Malignant cells
152041,152041,Malignant cells
152042,152042,Malignant cells
152043,152043,Malignant cells
152044,152044,Malignant cells
152045,152045,Malignant cells
152046,152046,Malignant cells
152047,152047,Malignant cells
152048,152048,Malignant cells
152049,152049,Malignant cells
152050,152050,Malignant cells
152051,152051,Malignant cells
152052,152052,Malignant cells
152053,152053,Malignant cells
152054,152054,Malignant cells
152055,152055,Malignant cells
152056,152056,Malignant cells
152057,152057,Malignant cells
152058,152058,Malignant cells
152059,152059,Malignant cells
152060,152060,Malignant cells
152061,152061,Malignant cells
152062,152062,Malignant cells
152063,152063,Malignant cells
152064,152064,Malignant cells
152065,152065,Malignant cells
152066,152066,CAFs
152067,152067,T cells
152068,152068,T cells
152069,152069,Plasma cells
152070,152070,CAFs
152071,152071,CAFs
152072,152072,CAFs
152073,152073,CAFs
152074,152074,CAFs
152075,152075,B cells
152076,152076,CAFs
152077,152077,CAFs
152078,152078,CAFs
152079,152079,CAFs
152080,152080,CAFs
152081,152081,B cells
152082,152082,CAFs
152083,152083,CAFs
152084,152084,CAFs
152085,152085,B cells
152086,152086,CAFs
152087,152087,CAFs
152088,152088,CAFs
152089,152089,CAFs
152090,152090,CAFs
152091,152091,CAFs
152092,152092,T cells
152093,152093,CAFs
152094,152094,CAFs
152095,152095,CAFs
152096,152096,CAFs
152097,152097,CAFs
152098,152098,CAFs
152099,152099,CAFs
152100,152100,CAFs
152101,152101,CAFs
152102,152102,CAFs
152103,152103,CAFs
152104,152104,TECs
152105,152105,TECs
152106,152106,CAFs
152107,152107,CAFs
152108,152108,CAFs
152109,152109,CAFs
152110,152110,TECs
152111,152111,CAFs
152112,152112,CAFs
152113,152113,CAFs
152114,152114,CAFs
152115,152115,TECs
152116,152116,CAFs
152117,152117,CAFs
152118,152118,CAFs
152119,152119,CAFs
152120,152120,NK cells
152121,152121,CAFs
152122,152122,TECs
152123,152123,TECs
152124,152124,CAFs
152125,152125,Plasma cells
152126,152126,Dendritic cells
152127,152127,CAFs
152128,152128,CAFs
152129,152129,CAFs
152130,152130,CAFs
152131,152131,CAFs
152132,152132,CAFs
152133,152133,CAFs
152134,152134,CAFs
152135,152135,CAFs
152136,152136,Neutrophils
152137,152137,CAFs
152138,152138,CAFs
152139,152139,CAFs
152140,152140,CAFs
152141,152141,CAFs
152142,152142,CAFs
152143,152143,CAFs
152144,152144,CAFs
152145,152145,CAFs
152146,152146,CAFs
152147,152147,CAFs
152148,152148,Hepatocytes
152149,152149,Hepatocytes
152150,152150,Hepatocytes
152151,152151,Malignant cells
152152,152152,CAFs
152153,152153,Malignant cells
152154,152154,TECs
152155,152155,CAFs
152156,152156,Malignant cells
152157,152157,Hepatocytes
152158,152158,Malignant cells
152159,152159,Malignant cells
152160,152160,Hepatocytes
152161,152161,Malignant cells
152162,152162,TAMs
152163,152163,Malignant cells
152164,152164,Malignant cells
152165,152165,Malignant cells
152166,152166,Malignant cells
152167,152167,Malignant cells
152168,152168,Malignant cells
152169,152169,Malignant cells
152170,152170,Malignant cells
152171,152171,Malignant cells
152172,152172,Malignant cells
152173,152173,Malignant cells
152174,152174,Malignant cells
152175,152175,Malignant cells
152176,152176,Malignant cells
152177,152177,Malignant cells
152178,152178,Malignant cells
152179,152179,Malignant cells
152180,152180,Malignant cells
152181,152181,Malignant cells
152182,152182,Hepatocytes
152183,152183,TECs
152184,152184,Malignant cells
152185,152185,Malignant cells
152186,152186,TAMs
152187,152187,Malignant cells
152188,152188,TECs
152189,152189,Malignant cells
152190,152190,Malignant cells
152191,152191,TECs
152192,152192,TAMs
152193,152193,Hepatocytes
152194,152194,Malignant cells
152195,152195,Malignant cells
152196,152196,Malignant cells
152197,152197,Malignant cells
152198,152198,Malignant cells
152199,152199,Hepatocytes
152200,152200,Malignant cells
152201,152201,Malignant cells
152202,152202,Malignant cells
152203,152203,Hepatocytes
152204,152204,Hepatocytes
152205,152205,Malignant cells
152206,152206,Malignant cells
152207,152207,Malignant cells
152208,152208,CAFs
152209,152209,Hepatocytes
152210,152210,Malignant cells
152211,152211,TECs
152212,152212,TECs
152213,152213,Malignant cells
152214,152214,CAFs
152215,152215,CAFs
152216,152216,Malignant cells
152217,152217,Malignant cells
152218,152218,CAFs
152219,152219,CAFs
152220,152220,CAFs
152221,152221,CAFs
152222,152222,CAFs
152223,152223,CAFs
152224,152224,CAFs
152225,152225,CAFs
152226,152226,CAFs
152227,152227,CAFs
152228,152228,CAFs
152229,152229,CAFs
152230,152230,CAFs
152231,152231,CAFs
152232,152232,CAFs
152233,152233,CAFs
152234,152234,CAFs
152235,152235,TECs
152236,152236,CAFs
152237,152237,CAFs
152238,152238,CAFs
152239,152239,CAFs
152240,152240,CAFs
152241,152241,CAFs
152242,152242,CAFs
152243,152243,CAFs
152244,152244,CAFs
152245,152245,CAFs
152246,152246,CAFs
152247,152247,CAFs
152248,152248,CAFs
152249,152249,CAFs
152250,152250,TECs
152251,152251,TECs
152252,152252,CAFs
152253,152253,CAFs
152254,152254,TECs
152255,152255,CAFs
152256,152256,CAFs
152257,152257,CAFs
152258,152258,TECs
152259,152259,CAFs
152260,152260,TECs
152261,152261,CAFs
152262,152262,CAFs
152263,152263,CAFs
152264,152264,CAFs
152265,152265,T cells
152266,152266,CAFs
152267,152267,TECs
152268,152268,CAFs
152269,152269,CAFs
152270,152270,TECs
152271,152271,CAFs
152272,152272,CAFs
152273,152273,TECs
152274,152274,TECs
152275,152275,CAFs
152276,152276,CAFs
152277,152277,CAFs
152278,152278,CAFs
152279,152279,TECs
152280,152280,CAFs
152281,152281,CAFs
152282,152282,CAFs
152283,152283,TAMs
152284,152284,CAFs
152285,152285,CAFs
152286,152286,CAFs
152287,152287,CAFs
152288,152288,CAFs
152289,152289,CAFs
152290,152290,CAFs
152291,152291,CAFs
152292,152292,CAFs
152293,152293,CAFs
152294,152294,CAFs
152295,152295,CAFs
152296,152296,CAFs
152297,152297,CAFs
152298,152298,Malignant cells
152299,152299,CAFs
152300,152300,CAFs
152301,152301,CAFs
152302,152302,TECs
152303,152303,Malignant cells
152304,152304,TECs
152305,152305,TECs
152306,152306,CAFs
152307,152307,CAFs
152308,152308,Malignant cells
152309,152309,CAFs
152310,152310,CAFs
152311,152311,Malignant cells
152312,152312,TECs
152313,152313,CAFs
152314,152314,CAFs
152315,152315,CAFs
152316,152316,CAFs
152317,152317,Malignant cells
152318,152318,Malignant cells
152319,152319,Hepatocytes
152320,152320,Malignant cells
152321,152321,TAMs
152322,152322,CAFs
152323,152323,CAFs
152324,152324,Hepatocytes
152325,152325,Malignant cells
152326,152326,CAFs
152327,152327,TECs
152328,152328,Malignant cells
152329,152329,TECs
152330,152330,TECs
152331,152331,Malignant cells
152332,152332,TECs
152333,152333,TECs
152334,152334,CAFs
152335,152335,TAMs
152336,152336,Malignant cells
152337,152337,CAFs
152338,152338,CAFs
152339,152339,Malignant cells
152340,152340,CAFs
152341,152341,TECs
152342,152342,TECs
152343,152343,Malignant cells
152344,152344,CAFs
152345,152345,Neutrophils
152346,152346,Malignant cells
152347,152347,Malignant cells
152348,152348,TECs
152349,152349,CAFs
152350,152350,CAFs
152351,152351,CAFs
152352,152352,TAMs
152353,152353,CAFs
152354,152354,CAFs
152355,152355,Malignant cells
152356,152356,Malignant cells
152357,152357,TECs
152358,152358,CAFs
152359,152359,TECs
152360,152360,CAFs
152361,152361,TAMs
152362,152362,Malignant cells
152363,152363,Malignant cells
152364,152364,TAMs
152365,152365,Malignant cells
152366,152366,Malignant cells
152367,152367,Malignant cells
152368,152368,Malignant cells
152369,152369,CAFs
152370,152370,Malignant cells
152371,152371,Malignant cells
152372,152372,Malignant cells
152373,152373,Malignant cells
152374,152374,Malignant cells
152375,152375,CAFs
152376,152376,CAFs
152377,152377,Malignant cells
152378,152378,Malignant cells
152379,152379,Malignant cells
152380,152380,Hepatocytes
152381,152381,Malignant cells
152382,152382,Malignant cells
152383,152383,Malignant cells
152384,152384,Malignant cells
152385,152385,CAFs
152386,152386,TECs
152387,152387,Malignant cells
152388,152388,CAFs
152389,152389,Malignant cells
152390,152390,Malignant cells
152391,152391,Malignant cells
152392,152392,CAFs
152393,152393,CAFs
152394,152394,TECs
152395,152395,CAFs
152396,152396,CAFs
152397,152397,CAFs
152398,152398,CAFs
152399,152399,CAFs
152400,152400,CAFs
152401,152401,T cells
152402,152402,CAFs
152403,152403,CAFs
152404,152404,CAFs
152405,152405,Smooth muscle cells
152406,152406,CAFs
152407,152407,CAFs
152408,152408,CAFs
152409,152409,CAFs
152410,152410,CAFs
152411,152411,CAFs
152412,152412,CAFs
152413,152413,CAFs
152414,152414,CAFs
152415,152415,CAFs
152416,152416,NK cells
152417,152417,TECs
152418,152418,CAFs
152419,152419,CAFs
152420,152420,CAFs
152421,152421,CAFs
152422,152422,CAFs
152423,152423,CAFs
152424,152424,Plasmacytoid dendritic cells
152425,152425,CAFs
152426,152426,CAFs
152427,152427,CAFs
152428,152428,CAFs
152429,152429,T cells
152430,152430,CAFs
152431,152431,CAFs
152432,152432,CAFs
152433,152433,TECs
152434,152434,TECs
152435,152435,TECs
152436,152436,CAFs
152437,152437,Plasma cells
152438,152438,CAFs
152439,152439,TAMs
152440,152440,CAFs
152441,152441,CAFs
152442,152442,Monocytes
152443,152443,CAFs
152444,152444,CAFs
152445,152445,TAMs
152446,152446,Hepatocytes
152447,152447,CAFs
152448,152448,CAFs
152449,152449,TAMs
152450,152450,CAFs
152451,152451,T cells
152452,152452,CAFs
152453,152453,TECs
152454,152454,Dendritic cells
152455,152455,TECs
152456,152456,B cells
152457,152457,CAFs
152458,152458,TAMs
152459,152459,TAMs
152460,152460,CAFs
152461,152461,TECs
152462,152462,CAFs
152463,152463,TECs
152464,152464,TECs
152465,152465,T cells
152466,152466,T cells
152467,152467,TAMs
152468,152468,Malignant cells
152469,152469,TAMs
152470,152470,TAMs
152471,152471,Monocytes
152472,152472,Hepatocytes
152473,152473,CAFs
152474,152474,TECs
152475,152475,TAMs
152476,152476,TAMs
152477,152477,Monocytes
152478,152478,TECs
152479,152479,CAFs
152480,152480,Malignant cells
152481,152481,CAFs
152482,152482,TAMs
152483,152483,T cells
152484,152484,Malignant cells
152485,152485,CAFs
152486,152486,Malignant cells
152487,152487,TECs
152488,152488,Malignant cells
152489,152489,Hepatocytes
152490,152490,TECs
152491,152491,CAFs
152492,152492,TECs
152493,152493,CAFs
152494,152494,Hepatocytes
152495,152495,Malignant cells
152496,152496,T cells
152497,152497,Hepatocytes
152498,152498,CAFs
152499,152499,TAMs
152500,152500,TAMs
152501,152501,T cells
152502,152502,CAFs
152503,152503,CAFs
152504,152504,CAFs
152505,152505,CAFs
152506,152506,CAFs
152507,152507,Malignant cells
152508,152508,CAFs
152509,152509,CAFs
152510,152510,TAMs
152511,152511,Hepatocytes
152512,152512,TAMs
152513,152513,CAFs
152514,152514,TAMs
152515,152515,Malignant cells
152516,152516,Malignant cells
152517,152517,TECs
152518,152518,CAFs
152519,152519,CAFs
152520,152520,CAFs
152521,152521,Malignant cells
152522,152522,CAFs
152523,152523,TECs
152524,152524,T cells
152525,152525,TAMs
152526,152526,Dendritic cells
152527,152527,Dendritic cells
152528,152528,T cells
152529,152529,TECs
152530,152530,TECs
152531,152531,TECs
152532,152532,CAFs
152533,152533,CAFs
152534,152534,Hepatocytes
152535,152535,CAFs
152536,152536,NK cells
152537,152537,CAFs
152538,152538,TAMs
152539,152539,B cells
152540,152540,Monocytes
152541,152541,Plasma cells
152542,152542,CAFs
152543,152543,Neutrophils
152544,152544,CAFs
152545,152545,Hepatocytes
152546,152546,TAMs
152547,152547,CAFs
152548,152548,B cells
152549,152549,TAMs
152550,152550,CAFs
152551,152551,NK cells
152552,152552,T cells
152553,152553,CAFs
152554,152554,TAMs
152555,152555,CAFs
152556,152556,CAFs
152557,152557,CAFs
152558,152558,B cells
152559,152559,CAFs
152560,152560,CAFs
152561,152561,TECs
152562,152562,T cells
152563,152563,CAFs
152564,152564,CAFs
152565,152565,Monocytes
152566,152566,CAFs
152567,152567,TECs
152568,152568,CAFs
152569,152569,CAFs
152570,152570,TECs
152571,152571,CAFs
152572,152572,T cells
152573,152573,CAFs
152574,152574,CAFs
152575,152575,CAFs
152576,152576,T cells
152577,152577,T cells
152578,152578,CAFs
152579,152579,T cells
152580,152580,TAMs
152581,152581,CAFs
152582,152582,T cells
152583,152583,CAFs
152584,152584,T cells
152585,152585,TECs
152586,152586,T cells
152587,152587,CAFs
152588,152588,CAFs
152589,152589,NK cells
152590,152590,CAFs
152591,152591,T cells
152592,152592,TECs
152593,152593,CAFs
152594,152594,CAFs
152595,152595,TAMs
152596,152596,TECs
152597,152597,T cells
152598,152598,T cells
152599,152599,CAFs
152600,152600,TAMs
152601,152601,TAMs
152602,152602,CAFs
152603,152603,TAMs
152604,152604,TECs
152605,152605,TECs
152606,152606,CAFs
152607,152607,CAFs
152608,152608,T cells
152609,152609,TECs
152610,152610,CAFs
152611,152611,CAFs
152612,152612,TECs
152613,152613,Cholangiocytes
152614,152614,CAFs
152615,152615,T cells
152616,152616,CAFs
152617,152617,CAFs
152618,152618,CAFs
152619,152619,TAMs
152620,152620,TECs
152621,152621,Mast cells
152622,152622,T cells
152623,152623,TAMs
152624,152624,CAFs
152625,152625,TAMs
152626,152626,CAFs
152627,152627,CAFs
152628,152628,CAFs
152629,152629,TAMs
152630,152630,CAFs
152631,152631,Malignant cells
152632,152632,Malignant cells
152633,152633,Malignant cells
152634,152634,Hepatocytes
152635,152635,Malignant cells
152636,152636,Malignant cells
152637,152637,Malignant cells
152638,152638,Malignant cells
152639,152639,Hepatocytes
152640,152640,Malignant cells
152641,152641,Malignant cells
152642,152642,Malignant cells
152643,152643,Malignant cells
152644,152644,Malignant cells
152645,152645,Malignant cells
152646,152646,Hepatocytes
152647,152647,Malignant cells
152648,152648,Malignant cells
152649,152649,Malignant cells
152650,152650,Malignant cells
152651,152651,Hepatocytes
152652,152652,Malignant cells
152653,152653,Malignant cells
152654,152654,TECs
152655,152655,Malignant cells
152656,152656,CAFs
152657,152657,Malignant cells
152658,152658,Malignant cells
152659,152659,Malignant cells
152660,152660,Hepatocytes
152661,152661,Malignant cells
152662,152662,TECs
152663,152663,Malignant cells
152664,152664,Malignant cells
152665,152665,Malignant cells
152666,152666,TECs
152667,152667,Malignant cells
152668,152668,Malignant cells
152669,152669,Malignant cells
152670,152670,Malignant cells
152671,152671,TECs
152672,152672,Malignant cells
152673,152673,Stellate cells
152674,152674,Malignant cells
152675,152675,Malignant cells
152676,152676,Malignant cells
152677,152677,Malignant cells
152678,152678,TECs
152679,152679,TECs
152680,152680,Malignant cells
152681,152681,Malignant cells
152682,152682,Malignant cells
152683,152683,TECs
152684,152684,Hepatocytes
152685,152685,Malignant cells
152686,152686,Malignant cells
152687,152687,Hepatocytes
152688,152688,Malignant cells
152689,152689,Malignant cells
152690,152690,Malignant cells
152691,152691,Malignant cells
152692,152692,CAFs
152693,152693,CAFs
152694,152694,CAFs
152695,152695,CAFs
152696,152696,CAFs
152697,152697,CAFs
152698,152698,CAFs
152699,152699,CAFs
152700,152700,CAFs
152701,152701,CAFs
152702,152702,CAFs
152703,152703,CAFs
152704,152704,CAFs
152705,152705,CAFs
152706,152706,Monocytes
152707,152707,CAFs
152708,152708,CAFs
152709,152709,CAFs
152710,152710,T cells
152711,152711,CAFs
152712,152712,T cells
152713,152713,CAFs
152714,152714,CAFs
152715,152715,CAFs
152716,152716,CAFs
152717,152717,T cells
152718,152718,CAFs
152719,152719,CAFs
152720,152720,CAFs
152721,152721,CAFs
152722,152722,CAFs
152723,152723,CAFs
152724,152724,CAFs
152725,152725,CAFs
152726,152726,CAFs
152727,152727,CAFs
152728,152728,CAFs
152729,152729,CAFs
152730,152730,CAFs
152731,152731,CAFs
152732,152732,CAFs
152733,152733,TAMs
152734,152734,CAFs
152735,152735,CAFs
152736,152736,TECs
152737,152737,CAFs
152738,152738,CAFs
152739,152739,TECs
152740,152740,TECs
152741,152741,TECs
152742,152742,CAFs
152743,152743,NK cells
152744,152744,CAFs
152745,152745,TECs
152746,152746,CAFs
152747,152747,TECs
152748,152748,TECs
152749,152749,CAFs
152750,152750,CAFs
152751,152751,CAFs
152752,152752,CAFs
152753,152753,CAFs
152754,152754,CAFs
152755,152755,CAFs
152756,152756,CAFs
152757,152757,CAFs
152758,152758,CAFs
152759,152759,CAFs
152760,152760,CAFs
152761,152761,TAMs
152762,152762,CAFs
152763,152763,TAMs
152764,152764,CAFs
152765,152765,CAFs
152766,152766,CAFs
152767,152767,CAFs
152768,152768,Dendritic cells
152769,152769,TAMs
152770,152770,CAFs
152771,152771,Monocytes
152772,152772,T cells
152773,152773,CAFs
152774,152774,CAFs
152775,152775,Plasma cells
152776,152776,CAFs
152777,152777,Dendritic cells
152778,152778,Cholangiocytes
152779,152779,T cells
152780,152780,CAFs
152781,152781,CAFs
152782,152782,Dendritic cells
152783,152783,CAFs
152784,152784,Neutrophils
152785,152785,T cells
152786,152786,CAFs
152787,152787,CAFs
152788,152788,T cells
152789,152789,CAFs
152790,152790,TAMs
152791,152791,CAFs
152792,152792,CAFs
152793,152793,B cells
152794,152794,TECs
152795,152795,T cells
152796,152796,Hepatocytes
152797,152797,B cells
152798,152798,TAMs
152799,152799,CAFs
152800,152800,Dendritic cells
152801,152801,CAFs
152802,152802,T cells
152803,152803,T cells
152804,152804,CAFs
152805,152805,T cells
152806,152806,CAFs
152807,152807,TECs
152808,152808,CAFs
152809,152809,Mast cells
152810,152810,TAMs
152811,152811,Monocytes
152812,152812,TECs
152813,152813,CAFs
152814,152814,CAFs
152815,152815,CAFs
152816,152816,CAFs
152817,152817,B cells
152818,152818,CAFs
152819,152819,T cells
152820,152820,CAFs
152821,152821,CAFs
152822,152822,T cells
152823,152823,CAFs
152824,152824,CAFs
152825,152825,CAFs
152826,152826,CAFs
152827,152827,CAFs
152828,152828,CAFs
152829,152829,CAFs
152830,152830,CAFs
152831,152831,TECs
152832,152832,CAFs
152833,152833,CAFs
152834,152834,CAFs
152835,152835,CAFs
152836,152836,CAFs
152837,152837,CAFs
152838,152838,CAFs
152839,152839,CAFs
152840,152840,CAFs
152841,152841,CAFs
152842,152842,Cholangiocytes
152843,152843,CAFs
152844,152844,CAFs
152845,152845,B cells
152846,152846,B cells
152847,152847,CAFs
152848,152848,Neutrophils
152849,152849,CAFs
152850,152850,CAFs
152851,152851,CAFs
152852,152852,TECs
152853,152853,CAFs
152854,152854,CAFs
152855,152855,CAFs
152856,152856,CAFs
152857,152857,CAFs
152858,152858,CAFs
152859,152859,TECs
152860,152860,CAFs
152861,152861,CAFs
152862,152862,CAFs
152863,152863,CAFs
152864,152864,CAFs
152865,152865,TAMs
152866,152866,Monocytes
152867,152867,CAFs
152868,152868,CAFs
152869,152869,TAMs
152870,152870,CAFs
152871,152871,CAFs
152872,152872,T cells
152873,152873,CAFs
152874,152874,CAFs
152875,152875,B cells
152876,152876,CAFs
152877,152877,CAFs
152878,152878,T cells
152879,152879,TAMs
152880,152880,CAFs
152881,152881,CAFs
152882,152882,CAFs
152883,152883,CAFs
152884,152884,CAFs
152885,152885,TECs
152886,152886,CAFs
152887,152887,CAFs
152888,152888,CAFs
152889,152889,CAFs
152890,152890,TECs
152891,152891,CAFs
152892,152892,CAFs
152893,152893,T cells
152894,152894,CAFs
152895,152895,CAFs
152896,152896,TECs
152897,152897,TECs
152898,152898,CAFs
152899,152899,T cells
152900,152900,TECs
152901,152901,CAFs
152902,152902,CAFs
152903,152903,CAFs
152904,152904,TECs
152905,152905,T cells
152906,152906,CAFs
152907,152907,CAFs
152908,152908,TECs
152909,152909,CAFs
152910,152910,CAFs
152911,152911,CAFs
152912,152912,CAFs
152913,152913,CAFs
152914,152914,CAFs
152915,152915,TECs
152916,152916,CAFs
152917,152917,CAFs
152918,152918,CAFs
152919,152919,CAFs
152920,152920,T cells
152921,152921,CAFs
152922,152922,T cells
152923,152923,TAMs
152924,152924,Dendritic cells
152925,152925,TAMs
152926,152926,CAFs
152927,152927,T cells
152928,152928,TAMs
152929,152929,TAMs
152930,152930,TAMs
152931,152931,TAMs
152932,152932,T cells
152933,152933,CAFs
152934,152934,CAFs
152935,152935,T cells
152936,152936,T cells
152937,152937,T cells
152938,152938,CAFs
152939,152939,Plasma cells
152940,152940,CAFs
152941,152941,T cells
152942,152942,Plasma cells
152943,152943,TECs
152944,152944,CAFs
152945,152945,CAFs
152946,152946,T cells
152947,152947,T cells
152948,152948,CAFs
152949,152949,Monocytes
152950,152950,CAFs
152951,152951,TAMs
152952,152952,CAFs
152953,152953,T cells
152954,152954,CAFs
152955,152955,CAFs
152956,152956,CAFs
152957,152957,T cells
152958,152958,CAFs
152959,152959,TECs
152960,152960,T cells
152961,152961,T cells
152962,152962,TECs
152963,152963,CAFs
152964,152964,TECs
152965,152965,CAFs
152966,152966,TECs
152967,152967,TAMs
152968,152968,CAFs
152969,152969,CAFs
152970,152970,CAFs
152971,152971,CAFs
152972,152972,CAFs
152973,152973,B cells
152974,152974,CAFs
152975,152975,Monocytes
152976,152976,CAFs
152977,152977,Dendritic cells
152978,152978,B cells
152979,152979,T cells
152980,152980,CAFs
152981,152981,CAFs
152982,152982,T cells
152983,152983,Hepatocytes
152984,152984,B cells
152985,152985,CAFs
152986,152986,TECs
152987,152987,NK cells
152988,152988,CAFs
152989,152989,CAFs
152990,152990,Monocytes
152991,152991,Dendritic cells
152992,152992,CAFs
152993,152993,B cells
152994,152994,T cells
152995,152995,TAMs
152996,152996,TAMs
152997,152997,Monocytes
152998,152998,T cells
152999,152999,CAFs
153000,153000,T cells
153001,153001,Dendritic cells
153002,153002,TAMs
153003,153003,TAMs
153004,153004,T cells
153005,153005,T cells
153006,153006,Dendritic cells
153007,153007,Dendritic cells
153008,153008,TAMs
153009,153009,Plasma cells
153010,153010,TAMs
153011,153011,Dendritic cells
153012,153012,NK cells
153013,153013,NK cells
153014,153014,T cells
153015,153015,TAMs
153016,153016,CAFs
153017,153017,Plasma cells
153018,153018,TECs
153019,153019,Dendritic cells
153020,153020,Dendritic cells
153021,153021,TECs
153022,153022,CAFs
153023,153023,Monocytes
153024,153024,CAFs
153025,153025,Dendritic cells
153026,153026,CAFs
153027,153027,T cells
153028,153028,CAFs
153029,153029,CAFs
153030,153030,CAFs
153031,153031,T cells
153032,153032,CAFs
153033,153033,CAFs
153034,153034,CAFs
153035,153035,CAFs
153036,153036,CAFs
153037,153037,CAFs
153038,153038,NK cells
153039,153039,TECs
153040,153040,Hepatocytes
153041,153041,CAFs
153042,153042,CAFs
153043,153043,CAFs
153044,153044,CAFs
153045,153045,CAFs
153046,153046,CAFs
153047,153047,CAFs
153048,153048,TECs
153049,153049,CAFs
153050,153050,CAFs
153051,153051,CAFs
153052,153052,CAFs
153053,153053,TECs
153054,153054,TECs
153055,153055,CAFs
153056,153056,CAFs
153057,153057,CAFs
153058,153058,TECs
153059,153059,CAFs
153060,153060,CAFs
153061,153061,TECs
153062,153062,TECs
153063,153063,CAFs
153064,153064,CAFs
153065,153065,TECs
153066,153066,CAFs
153067,153067,CAFs
153068,153068,CAFs
153069,153069,CAFs
153070,153070,CAFs
153071,153071,CAFs
153072,153072,CAFs
153073,153073,CAFs
153074,153074,CAFs
153075,153075,CAFs
153076,153076,CAFs
153077,153077,CAFs
153078,153078,CAFs
153079,153079,CAFs
153080,153080,CAFs
153081,153081,CAFs
153082,153082,CAFs
153083,153083,CAFs
153084,153084,Monocytes
153085,153085,CAFs
153086,153086,CAFs
153087,153087,CAFs
153088,153088,TECs
153089,153089,CAFs
153090,153090,CAFs
153091,153091,CAFs
153092,153092,CAFs
153093,153093,CAFs
153094,153094,CAFs
153095,153095,CAFs
153096,153096,CAFs
153097,153097,CAFs
153098,153098,TECs
153099,153099,CAFs
153100,153100,CAFs
153101,153101,CAFs
153102,153102,CAFs
153103,153103,CAFs
153104,153104,CAFs
153105,153105,CAFs
153106,153106,CAFs
153107,153107,CAFs
153108,153108,Plasma cells
153109,153109,Plasma cells
153110,153110,TECs
153111,153111,CAFs
153112,153112,CAFs
153113,153113,CAFs
153114,153114,CAFs
153115,153115,TECs
153116,153116,CAFs
153117,153117,CAFs
153118,153118,TAMs
153119,153119,TAMs
153120,153120,Plasma cells
153121,153121,CAFs
153122,153122,T cells
153123,153123,TAMs
153124,153124,CAFs
153125,153125,Monocytes
153126,153126,TAMs
153127,153127,T cells
153128,153128,TECs
153129,153129,CAFs
153130,153130,CAFs
153131,153131,CAFs
153132,153132,CAFs
153133,153133,CAFs
153134,153134,CAFs
153135,153135,T cells
153136,153136,CAFs
153137,153137,CAFs
153138,153138,Plasma cells
153139,153139,CAFs
153140,153140,CAFs
153141,153141,Malignant cells
153142,153142,TECs
153143,153143,Malignant cells
153144,153144,Malignant cells
153145,153145,TECs
153146,153146,Malignant cells
153147,153147,Malignant cells
153148,153148,Hepatocytes
153149,153149,Malignant cells
153150,153150,Malignant cells
153151,153151,Malignant cells
153152,153152,Malignant cells
153153,153153,Malignant cells
153154,153154,Malignant cells
153155,153155,Malignant cells
153156,153156,Malignant cells
153157,153157,Malignant cells
153158,153158,Malignant cells
153159,153159,Malignant cells
153160,153160,Hepatocytes
153161,153161,Malignant cells
153162,153162,Malignant cells
153163,153163,Malignant cells
153164,153164,Malignant cells
153165,153165,Malignant cells
153166,153166,Malignant cells
153167,153167,Malignant cells
153168,153168,Malignant cells
153169,153169,Malignant cells
153170,153170,Malignant cells
153171,153171,Malignant cells
153172,153172,Malignant cells
153173,153173,Hepatocytes
153174,153174,Malignant cells
153175,153175,Malignant cells
153176,153176,Malignant cells
153177,153177,Hepatocytes
153178,153178,Malignant cells
153179,153179,Malignant cells
153180,153180,Malignant cells
153181,153181,Malignant cells
153182,153182,Malignant cells
153183,153183,Malignant cells
153184,153184,Malignant cells
153185,153185,Malignant cells
153186,153186,Malignant cells
153187,153187,Malignant cells
153188,153188,Hepatocytes
153189,153189,Malignant cells
153190,153190,Hepatocytes
153191,153191,Malignant cells
153192,153192,Malignant cells
153193,153193,Hepatocytes
153194,153194,Malignant cells
153195,153195,Malignant cells
153196,153196,Malignant cells
153197,153197,Malignant cells
153198,153198,Malignant cells
153199,153199,Malignant cells
153200,153200,Malignant cells
153201,153201,Malignant cells
153202,153202,Malignant cells
153203,153203,Malignant cells
153204,153204,Malignant cells
153205,153205,Hepatocytes
153206,153206,Hepatocytes
153207,153207,TAMs
153208,153208,Malignant cells
153209,153209,Malignant cells
153210,153210,Malignant cells
153211,153211,Malignant cells
153212,153212,Malignant cells
153213,153213,TECs
153214,153214,Malignant cells
153215,153215,Malignant cells
153216,153216,Hepatocytes
153217,153217,Malignant cells
153218,153218,Malignant cells
153219,153219,Malignant cells
153220,153220,Malignant cells
153221,153221,Malignant cells
153222,153222,Malignant cells
153223,153223,Malignant cells
153224,153224,Malignant cells
153225,153225,Malignant cells
153226,153226,Malignant cells
153227,153227,Malignant cells
153228,153228,Hepatocytes
153229,153229,Malignant cells
153230,153230,Malignant cells
153231,153231,Malignant cells
153232,153232,Malignant cells
153233,153233,Malignant cells
153234,153234,Hepatocytes
153235,153235,Malignant cells
153236,153236,Malignant cells
153237,153237,Malignant cells
153238,153238,Malignant cells
153239,153239,Malignant cells
153240,153240,Malignant cells
153241,153241,Malignant cells
153242,153242,Malignant cells
153243,153243,Malignant cells
153244,153244,TECs
153245,153245,Hepatocytes
153246,153246,Malignant cells
153247,153247,Malignant cells
153248,153248,Malignant cells
153249,153249,Malignant cells
153250,153250,Malignant cells
153251,153251,Malignant cells
153252,153252,Malignant cells
153253,153253,TECs
153254,153254,TECs
153255,153255,Malignant cells
153256,153256,Malignant cells
153257,153257,Malignant cells
153258,153258,Malignant cells
153259,153259,Malignant cells
153260,153260,Hepatocytes
153261,153261,Malignant cells
153262,153262,Malignant cells
153263,153263,Malignant cells
153264,153264,Malignant cells
153265,153265,Malignant cells
153266,153266,Malignant cells
153267,153267,Hepatocytes
153268,153268,Malignant cells
153269,153269,Hepatocytes
153270,153270,Malignant cells
153271,153271,Malignant cells
153272,153272,Malignant cells
153273,153273,Hepatocytes
153274,153274,Hepatocytes
153275,153275,Malignant cells
153276,153276,Malignant cells
153277,153277,Malignant cells
153278,153278,Hepatocytes
153279,153279,Malignant cells
153280,153280,Malignant cells
153281,153281,Malignant cells
153282,153282,Malignant cells
153283,153283,Malignant cells
153284,153284,Malignant cells
153285,153285,Malignant cells
153286,153286,Malignant cells
153287,153287,Malignant cells
153288,153288,Malignant cells
153289,153289,Hepatocytes
153290,153290,Hepatocytes
153291,153291,Hepatocytes
153292,153292,Hepatocytes
153293,153293,Malignant cells
153294,153294,Malignant cells
153295,153295,Malignant cells
153296,153296,Malignant cells
153297,153297,Malignant cells
153298,153298,Malignant cells
153299,153299,Malignant cells
153300,153300,Hepatocytes
153301,153301,Malignant cells
153302,153302,Malignant cells
153303,153303,Malignant cells
153304,153304,TAMs
153305,153305,Malignant cells
153306,153306,Hepatocytes
153307,153307,Malignant cells
153308,153308,Malignant cells
153309,153309,Malignant cells
153310,153310,Malignant cells
153311,153311,Malignant cells
153312,153312,Hepatocytes
153313,153313,Malignant cells
153314,153314,Malignant cells
153315,153315,Malignant cells
153316,153316,Malignant cells
153317,153317,Malignant cells
153318,153318,Malignant cells
153319,153319,Malignant cells
153320,153320,Malignant cells
153321,153321,Malignant cells
153322,153322,Hepatocytes
153323,153323,Malignant cells
153324,153324,Malignant cells
153325,153325,Malignant cells
153326,153326,Hepatocytes
153327,153327,Malignant cells
153328,153328,Malignant cells
153329,153329,Malignant cells
153330,153330,Malignant cells
153331,153331,Malignant cells
153332,153332,Hepatocytes
153333,153333,Malignant cells
153334,153334,Malignant cells
153335,153335,Malignant cells
153336,153336,Malignant cells
153337,153337,Hepatocytes
153338,153338,Malignant cells
153339,153339,Malignant cells
153340,153340,Malignant cells
153341,153341,Malignant cells
153342,153342,Malignant cells
153343,153343,Malignant cells
153344,153344,Malignant cells
153345,153345,Malignant cells
153346,153346,TAMs
153347,153347,TECs
153348,153348,Malignant cells
153349,153349,Malignant cells
153350,153350,Malignant cells
153351,153351,Malignant cells
153352,153352,Malignant cells
153353,153353,TECs
153354,153354,Malignant cells
153355,153355,Malignant cells
153356,153356,TECs
153357,153357,Malignant cells
153358,153358,Malignant cells
153359,153359,Malignant cells
153360,153360,Malignant cells
153361,153361,Malignant cells
153362,153362,TECs
153363,153363,Malignant cells
153364,153364,Hepatocytes
153365,153365,Malignant cells
153366,153366,Hepatocytes
153367,153367,Hepatocytes
153368,153368,CAFs
153369,153369,Hepatocytes
153370,153370,Malignant cells
153371,153371,Malignant cells
153372,153372,Hepatocytes
153373,153373,Malignant cells
153374,153374,Hepatocytes
153375,153375,Malignant cells
153376,153376,Malignant cells
153377,153377,Stellate cells
153378,153378,Hepatocytes
153379,153379,Malignant cells
153380,153380,TECs
153381,153381,Malignant cells
153382,153382,Malignant cells
153383,153383,Malignant cells
153384,153384,TAMs
153385,153385,Malignant cells
153386,153386,Malignant cells
153387,153387,Malignant cells
153388,153388,Malignant cells
153389,153389,Malignant cells
153390,153390,Malignant cells
153391,153391,Malignant cells
153392,153392,Malignant cells
153393,153393,Malignant cells
153394,153394,Malignant cells
153395,153395,Malignant cells
153396,153396,Malignant cells
153397,153397,Malignant cells
153398,153398,Malignant cells
153399,153399,Hepatocytes
153400,153400,Malignant cells
153401,153401,Malignant cells
153402,153402,Malignant cells
153403,153403,Malignant cells
153404,153404,Malignant cells
153405,153405,Malignant cells
153406,153406,Malignant cells
153407,153407,Malignant cells
153408,153408,Hepatocytes
153409,153409,Malignant cells
153410,153410,Malignant cells
153411,153411,Malignant cells
153412,153412,Malignant cells
153413,153413,Malignant cells
153414,153414,Malignant cells
153415,153415,Malignant cells
153416,153416,Malignant cells
153417,153417,Malignant cells
153418,153418,Malignant cells
153419,153419,Malignant cells
153420,153420,Malignant cells
153421,153421,Malignant cells
153422,153422,Malignant cells
153423,153423,Malignant cells
153424,153424,Malignant cells
153425,153425,Malignant cells
153426,153426,Hepatocytes
153427,153427,Malignant cells
153428,153428,Malignant cells
153429,153429,Hepatocytes
153430,153430,Hepatocytes
153431,153431,Malignant cells
153432,153432,Malignant cells
153433,153433,Malignant cells
153434,153434,Hepatocytes
153435,153435,Malignant cells
153436,153436,Malignant cells
153437,153437,Hepatocytes
153438,153438,Malignant cells
153439,153439,Hepatocytes
153440,153440,Malignant cells
153441,153441,Malignant cells
153442,153442,Malignant cells
153443,153443,TECs
153444,153444,Malignant cells
153445,153445,TECs
153446,153446,Malignant cells
153447,153447,Malignant cells
153448,153448,Malignant cells
153449,153449,Malignant cells
153450,153450,TECs
153451,153451,Hepatocytes
153452,153452,Malignant cells
153453,153453,Malignant cells
153454,153454,Malignant cells
153455,153455,Malignant cells
153456,153456,Malignant cells
153457,153457,Hepatocytes
153458,153458,Malignant cells
153459,153459,Malignant cells
153460,153460,Malignant cells
153461,153461,Malignant cells
153462,153462,Hepatocytes
153463,153463,Malignant cells
153464,153464,Malignant cells
153465,153465,Malignant cells
153466,153466,Malignant cells
153467,153467,Malignant cells
153468,153468,Hepatocytes
153469,153469,Malignant cells
153470,153470,TECs
153471,153471,Malignant cells
153472,153472,Malignant cells
153473,153473,Malignant cells
153474,153474,Hepatocytes
153475,153475,Malignant cells
153476,153476,Hepatocytes
153477,153477,Malignant cells
153478,153478,Malignant cells
153479,153479,Malignant cells
153480,153480,Malignant cells
153481,153481,Malignant cells
153482,153482,Malignant cells
153483,153483,Malignant cells
153484,153484,Malignant cells
153485,153485,CAFs
153486,153486,Malignant cells
153487,153487,Malignant cells
153488,153488,Malignant cells
153489,153489,Malignant cells
153490,153490,Hepatocytes
153491,153491,Malignant cells
153492,153492,Malignant cells
153493,153493,Malignant cells
153494,153494,Malignant cells
153495,153495,Malignant cells
153496,153496,Malignant cells
153497,153497,Malignant cells
153498,153498,Malignant cells
153499,153499,Hepatocytes
153500,153500,Malignant cells
153501,153501,Malignant cells
153502,153502,Malignant cells
153503,153503,Malignant cells
153504,153504,Hepatocytes
153505,153505,Malignant cells
153506,153506,Malignant cells
153507,153507,Malignant cells
153508,153508,Malignant cells
153509,153509,Malignant cells
153510,153510,Hepatocytes
153511,153511,Malignant cells
153512,153512,Hepatocytes
153513,153513,Malignant cells
153514,153514,Malignant cells
153515,153515,Malignant cells
153516,153516,Malignant cells
153517,153517,Hepatocytes
153518,153518,Malignant cells
153519,153519,Malignant cells
153520,153520,Malignant cells
153521,153521,Malignant cells
153522,153522,Malignant cells
153523,153523,Malignant cells
153524,153524,Malignant cells
153525,153525,Malignant cells
153526,153526,Malignant cells
153527,153527,Malignant cells
153528,153528,Malignant cells
153529,153529,Hepatocytes
153530,153530,Malignant cells
153531,153531,TECs
153532,153532,Malignant cells
153533,153533,Malignant cells
153534,153534,Malignant cells
153535,153535,CAFs
153536,153536,Malignant cells
153537,153537,CAFs
153538,153538,Malignant cells
153539,153539,CAFs
153540,153540,CAFs
153541,153541,Malignant cells
153542,153542,Malignant cells
153543,153543,TAMs
153544,153544,Malignant cells
153545,153545,Malignant cells
153546,153546,Malignant cells
153547,153547,Malignant cells
153548,153548,Malignant cells
153549,153549,Malignant cells
153550,153550,Malignant cells
153551,153551,Malignant cells
153552,153552,Malignant cells
153553,153553,Malignant cells
153554,153554,Malignant cells
153555,153555,Hepatocytes
153556,153556,Malignant cells
153557,153557,Malignant cells
153558,153558,Malignant cells
153559,153559,Malignant cells
153560,153560,Malignant cells
153561,153561,CAFs
153562,153562,CAFs
153563,153563,CAFs
153564,153564,CAFs
153565,153565,CAFs
153566,153566,CAFs
153567,153567,Dendritic cells
153568,153568,T cells
153569,153569,TAMs
153570,153570,Plasma cells
153571,153571,T cells
153572,153572,TAMs
153573,153573,T cells
153574,153574,T cells
153575,153575,TECs
153576,153576,T cells
153577,153577,CAFs
153578,153578,Hepatocytes
153579,153579,CAFs
153580,153580,CAFs
153581,153581,T cells
153582,153582,TAMs
153583,153583,Malignant cells
153584,153584,TAMs
153585,153585,T cells
153586,153586,CAFs
153587,153587,TECs
153588,153588,CAFs
153589,153589,TAMs
153590,153590,CAFs
153591,153591,T cells
153592,153592,TECs
153593,153593,TECs
153594,153594,Monocytes
153595,153595,CAFs
153596,153596,Monocytes
153597,153597,NK cells
153598,153598,CAFs
153599,153599,CAFs
153600,153600,CAFs
153601,153601,TAMs
153602,153602,CAFs
153603,153603,TECs
153604,153604,CAFs
153605,153605,CAFs
153606,153606,TAMs
153607,153607,TAMs
153608,153608,Hepatocytes
153609,153609,Cholangiocytes
153610,153610,CAFs
153611,153611,CAFs
153612,153612,CAFs
153613,153613,CAFs
153614,153614,Malignant cells
153615,153615,CAFs
153616,153616,T cells
153617,153617,Neutrophils
153618,153618,T cells
153619,153619,T cells
153620,153620,T cells
153621,153621,T cells
153622,153622,TAMs
153623,153623,T cells
153624,153624,CAFs
153625,153625,TAMs
153626,153626,T cells
153627,153627,Monocytes
153628,153628,T cells
153629,153629,T cells
153630,153630,TECs
153631,153631,Neutrophils
153632,153632,Monocytes
153633,153633,TAMs
153634,153634,T cells
153635,153635,CAFs
153636,153636,TAMs
153637,153637,CAFs
153638,153638,CAFs
153639,153639,CAFs
153640,153640,CAFs
153641,153641,TAMs
153642,153642,T cells
153643,153643,CAFs
153644,153644,TAMs
153645,153645,CAFs
153646,153646,CAFs
153647,153647,T cells
153648,153648,CAFs
153649,153649,TAMs
153650,153650,CAFs
153651,153651,T cells
153652,153652,Dendritic cells
153653,153653,T cells
153654,153654,T cells
153655,153655,TAMs
153656,153656,CAFs
153657,153657,TAMs
153658,153658,TAMs
153659,153659,CAFs
153660,153660,TAMs
153661,153661,CAFs
153662,153662,CAFs
153663,153663,TAMs
153664,153664,T cells
153665,153665,TAMs
153666,153666,T cells
153667,153667,TAMs
153668,153668,T cells
153669,153669,CAFs
153670,153670,CAFs
153671,153671,CAFs
153672,153672,T cells
153673,153673,TAMs
153674,153674,CAFs
153675,153675,CAFs
153676,153676,TAMs
153677,153677,T cells
153678,153678,Neutrophils
153679,153679,CAFs
153680,153680,Dendritic cells
153681,153681,CAFs
153682,153682,TAMs
153683,153683,B cells
153684,153684,CAFs
153685,153685,TAMs
153686,153686,T cells
153687,153687,T cells
153688,153688,CAFs
153689,153689,Dendritic cells
153690,153690,TAMs
153691,153691,T cells
153692,153692,TAMs
153693,153693,TECs
153694,153694,B cells
153695,153695,CAFs
153696,153696,T cells
153697,153697,TAMs
153698,153698,Hepatocytes
153699,153699,NK cells
153700,153700,T cells
153701,153701,TAMs
153702,153702,CAFs
153703,153703,T cells
153704,153704,T cells
153705,153705,T cells
153706,153706,CAFs
153707,153707,TECs
153708,153708,TAMs
153709,153709,T cells
153710,153710,CAFs
153711,153711,T cells
153712,153712,Hepatocytes
153713,153713,T cells
153714,153714,T cells
153715,153715,CAFs
153716,153716,TAMs
153717,153717,T cells
153718,153718,T cells
153719,153719,CAFs
153720,153720,T cells
153721,153721,TECs
153722,153722,T cells
153723,153723,TECs
153724,153724,NK cells
153725,153725,TECs
153726,153726,CAFs
153727,153727,Malignant cells
153728,153728,TECs
153729,153729,T cells
153730,153730,T cells
153731,153731,TAMs
153732,153732,TECs
153733,153733,T cells
153734,153734,T cells
153735,153735,B cells
153736,153736,CAFs
153737,153737,CAFs
153738,153738,B cells
153739,153739,Malignant cells
153740,153740,TECs
153741,153741,CAFs
153742,153742,TECs
153743,153743,TECs
153744,153744,Malignant cells
153745,153745,TECs
153746,153746,Malignant cells
153747,153747,TECs
153748,153748,Malignant cells
153749,153749,TAMs
153750,153750,TECs
153751,153751,T cells
153752,153752,CAFs
153753,153753,T cells
153754,153754,TAMs
153755,153755,TAMs
153756,153756,TAMs
153757,153757,TAMs
153758,153758,Malignant cells
153759,153759,Malignant cells
153760,153760,Malignant cells
153761,153761,Malignant cells
153762,153762,Malignant cells
153763,153763,Malignant cells
153764,153764,Hepatocytes
153765,153765,Malignant cells
153766,153766,Malignant cells
153767,153767,Malignant cells
153768,153768,Malignant cells
153769,153769,Malignant cells
153770,153770,Malignant cells
153771,153771,Malignant cells
153772,153772,Malignant cells
153773,153773,Hepatocytes
153774,153774,Malignant cells
153775,153775,Malignant cells
153776,153776,Malignant cells
153777,153777,Malignant cells
153778,153778,Malignant cells
153779,153779,Malignant cells
153780,153780,CAFs
153781,153781,Malignant cells
153782,153782,Malignant cells
153783,153783,TECs
153784,153784,Malignant cells
153785,153785,Hepatocytes
153786,153786,Hepatocytes
153787,153787,CAFs
153788,153788,Hepatocytes
153789,153789,Malignant cells
153790,153790,Malignant cells
153791,153791,Hepatocytes
153792,153792,Malignant cells
153793,153793,TAMs
153794,153794,Malignant cells
153795,153795,Malignant cells
153796,153796,Hepatocytes
153797,153797,Malignant cells
153798,153798,Malignant cells
153799,153799,Hepatocytes
153800,153800,Malignant cells
153801,153801,Hepatocytes
153802,153802,Malignant cells
153803,153803,Hepatocytes
153804,153804,Malignant cells
153805,153805,Malignant cells
153806,153806,Malignant cells
153807,153807,Malignant cells
153808,153808,Malignant cells
153809,153809,Malignant cells
153810,153810,Malignant cells
153811,153811,Malignant cells
153812,153812,Hepatocytes
153813,153813,Malignant cells
153814,153814,Malignant cells
153815,153815,Malignant cells
153816,153816,Malignant cells
153817,153817,Malignant cells
153818,153818,Malignant cells
153819,153819,Malignant cells
153820,153820,Malignant cells
153821,153821,Malignant cells
153822,153822,Malignant cells
153823,153823,Malignant cells
153824,153824,Malignant cells
153825,153825,TECs
153826,153826,Malignant cells
153827,153827,Malignant cells
153828,153828,Malignant cells
153829,153829,Malignant cells
153830,153830,Malignant cells
153831,153831,Malignant cells
153832,153832,Malignant cells
153833,153833,Hepatocytes
153834,153834,Malignant cells
153835,153835,Malignant cells
153836,153836,Malignant cells
153837,153837,Malignant cells
153838,153838,Hepatocytes
153839,153839,Malignant cells
153840,153840,Hepatocytes
153841,153841,Malignant cells
153842,153842,Malignant cells
153843,153843,Malignant cells
153844,153844,Malignant cells
153845,153845,Malignant cells
153846,153846,Malignant cells
153847,153847,Malignant cells
153848,153848,Malignant cells
153849,153849,Hepatocytes
153850,153850,Malignant cells
153851,153851,Malignant cells
153852,153852,Malignant cells
153853,153853,Malignant cells
153854,153854,Malignant cells
153855,153855,Malignant cells
153856,153856,Malignant cells
153857,153857,Hepatocytes
153858,153858,Hepatocytes
153859,153859,Hepatocytes
153860,153860,Malignant cells
153861,153861,Malignant cells
153862,153862,Malignant cells
153863,153863,Malignant cells
153864,153864,Malignant cells
153865,153865,Malignant cells
153866,153866,Malignant cells
153867,153867,Hepatocytes
153868,153868,Hepatocytes
153869,153869,Malignant cells
153870,153870,Malignant cells
153871,153871,Malignant cells
153872,153872,Malignant cells
153873,153873,Malignant cells
153874,153874,Malignant cells
153875,153875,Malignant cells
153876,153876,Malignant cells
153877,153877,TECs
153878,153878,Malignant cells
153879,153879,Malignant cells
153880,153880,CAFs
153881,153881,Malignant cells
153882,153882,TECs
153883,153883,TECs
153884,153884,Malignant cells
153885,153885,Malignant cells
153886,153886,Malignant cells
153887,153887,Malignant cells
153888,153888,TECs
153889,153889,Malignant cells
153890,153890,Malignant cells
153891,153891,Malignant cells
153892,153892,Malignant cells
153893,153893,Hepatocytes
153894,153894,Hepatocytes
153895,153895,Malignant cells
153896,153896,Hepatocytes
153897,153897,Malignant cells
153898,153898,Malignant cells
153899,153899,TECs
153900,153900,Malignant cells
153901,153901,Malignant cells
153902,153902,Malignant cells
153903,153903,Malignant cells
153904,153904,Malignant cells
153905,153905,Malignant cells
153906,153906,Malignant cells
153907,153907,Malignant cells
153908,153908,Malignant cells
153909,153909,Malignant cells
153910,153910,Malignant cells
153911,153911,Malignant cells
153912,153912,Malignant cells
153913,153913,Malignant cells
153914,153914,Malignant cells
153915,153915,Malignant cells
153916,153916,Malignant cells
153917,153917,Malignant cells
153918,153918,Malignant cells
153919,153919,Malignant cells
153920,153920,Hepatocytes
153921,153921,Hepatocytes
153922,153922,Hepatocytes
153923,153923,Malignant cells
153924,153924,Malignant cells
153925,153925,Malignant cells
153926,153926,Hepatocytes
153927,153927,Malignant cells
153928,153928,TAMs
153929,153929,Malignant cells
153930,153930,Malignant cells
153931,153931,Malignant cells
153932,153932,Malignant cells
153933,153933,Hepatocytes
153934,153934,Hepatocytes
153935,153935,Hepatocytes
153936,153936,TECs
153937,153937,Malignant cells
153938,153938,Malignant cells
153939,153939,Malignant cells
153940,153940,TECs
153941,153941,Malignant cells
153942,153942,TECs
153943,153943,TECs
153944,153944,Malignant cells
153945,153945,TECs
153946,153946,Malignant cells
153947,153947,Hepatocytes
153948,153948,Malignant cells
153949,153949,Malignant cells
153950,153950,Malignant cells
153951,153951,TECs
153952,153952,Malignant cells
153953,153953,Malignant cells
153954,153954,TAMs
153955,153955,Monocytes
153956,153956,Dendritic cells
153957,153957,Plasma cells
153958,153958,TECs
153959,153959,B cells
153960,153960,CAFs
153961,153961,T cells
153962,153962,B cells
153963,153963,T cells
153964,153964,TAMs
153965,153965,T cells
153966,153966,T cells
153967,153967,Plasma cells
153968,153968,Monocytes
153969,153969,CAFs
153970,153970,Cholangiocytes
153971,153971,T cells
153972,153972,Dendritic cells
153973,153973,Dendritic cells
153974,153974,Dendritic cells
153975,153975,Dendritic cells
153976,153976,Monocytes
153977,153977,TAMs
153978,153978,TAMs
153979,153979,Monocytes
153980,153980,TAMs
153981,153981,CAFs
153982,153982,TECs
153983,153983,TECs
153984,153984,T cells
153985,153985,CAFs
153986,153986,T cells
153987,153987,TAMs
153988,153988,CAFs
153989,153989,TAMs
153990,153990,T cells
153991,153991,CAFs
153992,153992,Hepatocytes
153993,153993,TAMs
153994,153994,Hepatocytes
153995,153995,CAFs
153996,153996,CAFs
153997,153997,Cholangiocytes
153998,153998,T cells
153999,153999,Hepatocytes
154000,154000,T cells
154001,154001,TAMs
154002,154002,TAMs
154003,154003,TAMs
154004,154004,TAMs
154005,154005,CAFs
154006,154006,Dendritic cells
154007,154007,T cells
154008,154008,TECs
154009,154009,TAMs
154010,154010,CAFs
154011,154011,T cells
154012,154012,TAMs
154013,154013,TECs
154014,154014,CAFs
154015,154015,TAMs
154016,154016,Dendritic cells
154017,154017,T cells
154018,154018,TAMs
154019,154019,CAFs
154020,154020,TECs
154021,154021,CAFs
154022,154022,CAFs
154023,154023,Dendritic cells
154024,154024,CAFs
154025,154025,Monocytes
154026,154026,Malignant cells
154027,154027,CAFs
154028,154028,T cells
154029,154029,TAMs
154030,154030,T cells
154031,154031,Malignant cells
154032,154032,TAMs
154033,154033,TAMs
154034,154034,Malignant cells
154035,154035,CAFs
154036,154036,TAMs
154037,154037,CAFs
154038,154038,Dendritic cells
154039,154039,TAMs
154040,154040,CAFs
154041,154041,Malignant cells
154042,154042,Malignant cells
154043,154043,TAMs
154044,154044,TAMs
154045,154045,TAMs
154046,154046,Dendritic cells
154047,154047,Plasma cells
154048,154048,Monocytes
154049,154049,TAMs
154050,154050,CAFs
154051,154051,T cells
154052,154052,Dendritic cells
154053,154053,CAFs
154054,154054,TAMs
154055,154055,TAMs
154056,154056,CAFs
154057,154057,T cells
154058,154058,TAMs
154059,154059,T cells
154060,154060,TECs
154061,154061,TECs
154062,154062,TECs
154063,154063,T cells
154064,154064,NK cells
154065,154065,T cells
154066,154066,Dendritic cells
154067,154067,T cells
154068,154068,CAFs
154069,154069,CAFs
154070,154070,CAFs
154071,154071,TAMs
154072,154072,NK cells
154073,154073,T cells
154074,154074,TAMs
154075,154075,T cells
154076,154076,CAFs
154077,154077,Dendritic cells
154078,154078,Hepatocytes
154079,154079,T cells
154080,154080,B cells
154081,154081,CAFs
154082,154082,CAFs
154083,154083,T cells
154084,154084,T cells
154085,154085,NK cells
154086,154086,TAMs
154087,154087,CAFs
154088,154088,T cells
154089,154089,TAMs
154090,154090,T cells
154091,154091,CAFs
154092,154092,T cells
154093,154093,TAMs
154094,154094,T cells
154095,154095,CAFs
154096,154096,TECs
154097,154097,Monocytes
154098,154098,T cells
154099,154099,CAFs
154100,154100,CAFs
154101,154101,CAFs
154102,154102,TECs
154103,154103,TAMs
154104,154104,T cells
154105,154105,T cells
154106,154106,TECs
154107,154107,B cells
154108,154108,NK cells
154109,154109,TAMs
154110,154110,TAMs
154111,154111,T cells
154112,154112,TECs
154113,154113,CAFs
154114,154114,TECs
154115,154115,T cells
154116,154116,TAMs
154117,154117,TECs
154118,154118,CAFs
154119,154119,Plasma cells
154120,154120,CAFs
154121,154121,Plasma cells
154122,154122,B cells
154123,154123,TECs
154124,154124,CAFs
154125,154125,TAMs
154126,154126,CAFs
154127,154127,CAFs
154128,154128,CAFs
154129,154129,T cells
154130,154130,TECs
154131,154131,B cells
154132,154132,T cells
154133,154133,TECs
154134,154134,CAFs
154135,154135,TECs
154136,154136,Monocytes
154137,154137,TAMs
154138,154138,T cells
154139,154139,CAFs
154140,154140,Plasma cells
154141,154141,CAFs
154142,154142,CAFs
154143,154143,CAFs
154144,154144,TECs
154145,154145,CAFs
154146,154146,Cholangiocytes
154147,154147,CAFs
154148,154148,CAFs
154149,154149,TECs
154150,154150,TAMs
154151,154151,CAFs
154152,154152,CAFs
154153,154153,T cells
154154,154154,B cells
154155,154155,CAFs
154156,154156,Hepatocytes
154157,154157,TECs
154158,154158,Malignant cells
154159,154159,Hepatocytes
154160,154160,Malignant cells
154161,154161,Malignant cells
154162,154162,Malignant cells
154163,154163,Malignant cells
154164,154164,Malignant cells
154165,154165,Malignant cells
154166,154166,TECs
154167,154167,Hepatocytes
154168,154168,TECs
154169,154169,TECs
154170,154170,Malignant cells
154171,154171,TAMs
154172,154172,TAMs
154173,154173,Malignant cells
154174,154174,CAFs
154175,154175,Hepatocytes
154176,154176,Malignant cells
154177,154177,Malignant cells
154178,154178,Malignant cells
154179,154179,CAFs
154180,154180,Hepatocytes
154181,154181,Malignant cells
154182,154182,CAFs
154183,154183,TECs
154184,154184,TECs
154185,154185,TECs
154186,154186,Malignant cells
154187,154187,Malignant cells
154188,154188,Malignant cells
154189,154189,CAFs
154190,154190,Malignant cells
154191,154191,Malignant cells
154192,154192,Malignant cells
154193,154193,TECs
154194,154194,Malignant cells
154195,154195,CAFs
154196,154196,Malignant cells
154197,154197,TECs
154198,154198,Malignant cells
154199,154199,Malignant cells
154200,154200,Malignant cells
154201,154201,Malignant cells
154202,154202,Malignant cells
154203,154203,Malignant cells
154204,154204,CAFs
154205,154205,Malignant cells
154206,154206,Malignant cells
154207,154207,Hepatocytes
154208,154208,TECs
154209,154209,Malignant cells
154210,154210,CAFs
154211,154211,Malignant cells
154212,154212,Malignant cells
154213,154213,Malignant cells
154214,154214,Malignant cells
154215,154215,Malignant cells
154216,154216,TECs
154217,154217,Malignant cells
154218,154218,CAFs
154219,154219,Hepatocytes
154220,154220,Malignant cells
154221,154221,TECs
154222,154222,Malignant cells
154223,154223,Stellate cells
154224,154224,Malignant cells
154225,154225,Malignant cells
154226,154226,Malignant cells
154227,154227,T cells
154228,154228,Malignant cells
154229,154229,Malignant cells
154230,154230,Malignant cells
154231,154231,Malignant cells
154232,154232,Malignant cells
154233,154233,Malignant cells
154234,154234,TECs
154235,154235,TECs
154236,154236,TECs
154237,154237,Malignant cells
154238,154238,TECs
154239,154239,CAFs
154240,154240,TECs
154241,154241,T cells
154242,154242,Malignant cells
154243,154243,Hepatocytes
154244,154244,Malignant cells
154245,154245,Malignant cells
154246,154246,TECs
154247,154247,Malignant cells
154248,154248,TECs
154249,154249,TECs
154250,154250,TECs
154251,154251,TECs
154252,154252,CAFs
154253,154253,CAFs
154254,154254,Hepatocytes
154255,154255,CAFs
154256,154256,Malignant cells
154257,154257,Hepatocytes
154258,154258,Malignant cells
154259,154259,Malignant cells
154260,154260,Hepatocytes
154261,154261,Malignant cells
154262,154262,Hepatocytes
154263,154263,TAMs
154264,154264,Malignant cells
154265,154265,Malignant cells
154266,154266,Malignant cells
154267,154267,Malignant cells
154268,154268,Hepatocytes
154269,154269,Hepatocytes
154270,154270,Malignant cells
154271,154271,Malignant cells
154272,154272,Malignant cells
154273,154273,Malignant cells
154274,154274,Malignant cells
154275,154275,Malignant cells
154276,154276,Malignant cells
154277,154277,Malignant cells
154278,154278,Malignant cells
154279,154279,TECs
154280,154280,Malignant cells
154281,154281,Malignant cells
154282,154282,Malignant cells
154283,154283,Malignant cells
154284,154284,Malignant cells
154285,154285,Hepatocytes
154286,154286,Malignant cells
154287,154287,Malignant cells
154288,154288,Malignant cells
154289,154289,Malignant cells
154290,154290,Malignant cells
154291,154291,Malignant cells
154292,154292,Malignant cells
154293,154293,Malignant cells
154294,154294,Malignant cells
154295,154295,Malignant cells
154296,154296,Malignant cells
154297,154297,Malignant cells
154298,154298,Malignant cells
154299,154299,Hepatocytes
154300,154300,Malignant cells
154301,154301,Malignant cells
154302,154302,Malignant cells
154303,154303,Malignant cells
154304,154304,Malignant cells
154305,154305,TECs
154306,154306,Malignant cells
154307,154307,Malignant cells
154308,154308,Malignant cells
154309,154309,TECs
154310,154310,Malignant cells
154311,154311,Malignant cells
154312,154312,Malignant cells
154313,154313,Malignant cells
154314,154314,Hepatocytes
154315,154315,Malignant cells
154316,154316,Malignant cells
154317,154317,TECs
154318,154318,TECs
154319,154319,Malignant cells
154320,154320,Malignant cells
154321,154321,Malignant cells
154322,154322,CAFs
154323,154323,CAFs
154324,154324,CAFs
154325,154325,TAMs
154326,154326,TAMs
154327,154327,Dendritic cells
154328,154328,TAMs
154329,154329,CAFs
154330,154330,CAFs
154331,154331,B cells
154332,154332,TAMs
154333,154333,T cells
154334,154334,CAFs
154335,154335,TECs
154336,154336,CAFs
154337,154337,TAMs
154338,154338,TAMs
154339,154339,CAFs
154340,154340,TAMs
154341,154341,CAFs
154342,154342,CAFs
154343,154343,TAMs
154344,154344,TAMs
154345,154345,CAFs
154346,154346,TAMs
154347,154347,TECs
154348,154348,CAFs
154349,154349,T cells
154350,154350,CAFs
154351,154351,CAFs
154352,154352,Malignant cells
154353,154353,TECs
154354,154354,TECs
154355,154355,TECs
154356,154356,CAFs
154357,154357,CAFs
154358,154358,CAFs
154359,154359,CAFs
154360,154360,Malignant cells
154361,154361,TECs
154362,154362,TAMs
154363,154363,CAFs
154364,154364,CAFs
154365,154365,T cells
154366,154366,CAFs
154367,154367,Malignant cells
154368,154368,CAFs
154369,154369,Malignant cells
154370,154370,T cells
154371,154371,Hepatocytes
154372,154372,Cholangiocytes
154373,154373,TECs
154374,154374,Malignant cells
154375,154375,Malignant cells
154376,154376,TECs
154377,154377,Malignant cells
154378,154378,Malignant cells
154379,154379,TECs
154380,154380,Malignant cells
154381,154381,Malignant cells
154382,154382,Malignant cells
154383,154383,Malignant cells
154384,154384,Hepatocytes
154385,154385,Malignant cells
154386,154386,Hepatocytes
154387,154387,Malignant cells
154388,154388,Hepatocytes
154389,154389,Malignant cells
154390,154390,Malignant cells
154391,154391,Malignant cells
154392,154392,Malignant cells
154393,154393,Malignant cells
154394,154394,Malignant cells
154395,154395,Malignant cells
154396,154396,Malignant cells
154397,154397,TAMs
154398,154398,Hepatocytes
154399,154399,Malignant cells
154400,154400,Malignant cells
154401,154401,Malignant cells
154402,154402,Malignant cells
154403,154403,Malignant cells
154404,154404,Malignant cells
154405,154405,Malignant cells
154406,154406,Malignant cells
154407,154407,Malignant cells
154408,154408,Malignant cells
154409,154409,Hepatocytes
154410,154410,Malignant cells
154411,154411,Malignant cells
154412,154412,Malignant cells
154413,154413,Malignant cells
154414,154414,Malignant cells
154415,154415,Malignant cells
154416,154416,Malignant cells
154417,154417,Malignant cells
154418,154418,Malignant cells
154419,154419,Malignant cells
154420,154420,Malignant cells
154421,154421,Malignant cells
154422,154422,Malignant cells
154423,154423,Malignant cells
154424,154424,Malignant cells
154425,154425,Malignant cells
154426,154426,Malignant cells
154427,154427,Malignant cells
154428,154428,Malignant cells
154429,154429,Malignant cells
154430,154430,Malignant cells
154431,154431,Malignant cells
154432,154432,Malignant cells
154433,154433,Malignant cells
154434,154434,Malignant cells
154435,154435,Malignant cells
154436,154436,Malignant cells
154437,154437,Malignant cells
154438,154438,Malignant cells
154439,154439,Malignant cells
154440,154440,Malignant cells
154441,154441,Malignant cells
154442,154442,Malignant cells
154443,154443,Malignant cells
154444,154444,Malignant cells
154445,154445,Malignant cells
154446,154446,Malignant cells
154447,154447,Malignant cells
154448,154448,Malignant cells
154449,154449,Malignant cells
154450,154450,Malignant cells
154451,154451,Malignant cells
154452,154452,Malignant cells
154453,154453,Malignant cells
154454,154454,Hepatocytes
154455,154455,Malignant cells
154456,154456,Malignant cells
154457,154457,Malignant cells
154458,154458,Malignant cells
154459,154459,Malignant cells
154460,154460,Malignant cells
154461,154461,Malignant cells
154462,154462,Hepatocytes
154463,154463,Malignant cells
154464,154464,Malignant cells
154465,154465,Malignant cells
154466,154466,Hepatocytes
154467,154467,Malignant cells
154468,154468,Malignant cells
154469,154469,Malignant cells
154470,154470,Malignant cells
154471,154471,Malignant cells
154472,154472,Malignant cells
154473,154473,Malignant cells
154474,154474,Malignant cells
154475,154475,Malignant cells
154476,154476,Malignant cells
154477,154477,Malignant cells
154478,154478,Malignant cells
154479,154479,Malignant cells
154480,154480,Malignant cells
154481,154481,Malignant cells
154482,154482,Malignant cells
154483,154483,Hepatocytes
154484,154484,Malignant cells
154485,154485,TAMs
154486,154486,Malignant cells
154487,154487,T cells
154488,154488,Malignant cells
154489,154489,TECs
154490,154490,Malignant cells
154491,154491,TECs
154492,154492,Malignant cells
154493,154493,Malignant cells
154494,154494,Malignant cells
154495,154495,Hepatocytes
154496,154496,Malignant cells
154497,154497,Malignant cells
154498,154498,Malignant cells
154499,154499,Malignant cells
154500,154500,Malignant cells
154501,154501,Malignant cells
154502,154502,Malignant cells
154503,154503,Malignant cells
154504,154504,Malignant cells
154505,154505,Malignant cells
154506,154506,Malignant cells
154507,154507,Malignant cells
154508,154508,Malignant cells
154509,154509,Malignant cells
154510,154510,Malignant cells
154511,154511,Malignant cells
154512,154512,TAMs
154513,154513,Hepatocytes
154514,154514,Malignant cells
154515,154515,Malignant cells
154516,154516,Malignant cells
154517,154517,Hepatocytes
154518,154518,Malignant cells
154519,154519,Malignant cells
154520,154520,Malignant cells
154521,154521,Malignant cells
154522,154522,Malignant cells
154523,154523,Malignant cells
154524,154524,Hepatocytes
154525,154525,Malignant cells
154526,154526,Malignant cells
154527,154527,Malignant cells
154528,154528,Malignant cells
154529,154529,Malignant cells
154530,154530,Malignant cells
154531,154531,Malignant cells
154532,154532,Malignant cells
154533,154533,Malignant cells
154534,154534,Malignant cells
154535,154535,Malignant cells
154536,154536,Malignant cells
154537,154537,Malignant cells
154538,154538,Malignant cells
154539,154539,Malignant cells
154540,154540,Malignant cells
154541,154541,Malignant cells
154542,154542,Hepatocytes
154543,154543,Hepatocytes
154544,154544,Malignant cells
154545,154545,Malignant cells
154546,154546,Malignant cells
154547,154547,Malignant cells
154548,154548,Malignant cells
154549,154549,Malignant cells
154550,154550,Malignant cells
154551,154551,Malignant cells
154552,154552,TECs
154553,154553,Hepatocytes
154554,154554,TECs
154555,154555,Malignant cells
154556,154556,Malignant cells
154557,154557,Malignant cells
154558,154558,Malignant cells
154559,154559,Malignant cells
154560,154560,Malignant cells
154561,154561,Malignant cells
154562,154562,Malignant cells
154563,154563,Malignant cells
154564,154564,Hepatocytes
154565,154565,Malignant cells
154566,154566,Malignant cells
154567,154567,Malignant cells
154568,154568,Malignant cells
154569,154569,Malignant cells
154570,154570,Malignant cells
154571,154571,Malignant cells
154572,154572,Malignant cells
154573,154573,Malignant cells
154574,154574,Malignant cells
154575,154575,TECs
154576,154576,Malignant cells
154577,154577,Malignant cells
154578,154578,Hepatocytes
154579,154579,Dendritic cells
154580,154580,NK cells
154581,154581,T cells
154582,154582,CAFs
154583,154583,TAMs
154584,154584,Malignant cells
154585,154585,CAFs
154586,154586,TAMs
154587,154587,Malignant cells
154588,154588,Hepatocytes
154589,154589,CAFs
154590,154590,CAFs
154591,154591,TECs
154592,154592,CAFs
154593,154593,CAFs
154594,154594,TECs
154595,154595,Malignant cells
154596,154596,Malignant cells
154597,154597,Malignant cells
154598,154598,TECs
154599,154599,TECs
154600,154600,Malignant cells
154601,154601,CAFs
154602,154602,TECs
154603,154603,Cholangiocytes
154604,154604,Malignant cells
154605,154605,Malignant cells
154606,154606,Malignant cells
154607,154607,Malignant cells
154608,154608,Hepatocytes
154609,154609,Hepatocytes
154610,154610,Hepatocytes
154611,154611,Malignant cells
154612,154612,Malignant cells
154613,154613,Malignant cells
154614,154614,Malignant cells
154615,154615,Malignant cells
154616,154616,Malignant cells
154617,154617,Malignant cells
154618,154618,Malignant cells
154619,154619,Malignant cells
154620,154620,Malignant cells
154621,154621,Malignant cells
154622,154622,TAMs
154623,154623,Hepatocytes
154624,154624,Malignant cells
154625,154625,Malignant cells
154626,154626,Malignant cells
154627,154627,Malignant cells
154628,154628,Malignant cells
154629,154629,Malignant cells
154630,154630,Malignant cells
154631,154631,Malignant cells
154632,154632,TECs
154633,154633,Malignant cells
154634,154634,Hepatocytes
154635,154635,Malignant cells
154636,154636,Hepatocytes
154637,154637,Hepatocytes
154638,154638,Monocytes
154639,154639,Malignant cells
154640,154640,TECs
154641,154641,Hepatocytes
154642,154642,TECs
154643,154643,TECs
154644,154644,Hepatocytes
154645,154645,CAFs
154646,154646,Hepatocytes
154647,154647,CAFs
154648,154648,Malignant cells
154649,154649,TECs
154650,154650,CAFs
154651,154651,Malignant cells
154652,154652,Hepatocytes
154653,154653,Monocytes
154654,154654,Malignant cells
154655,154655,Malignant cells
154656,154656,Hepatocytes
154657,154657,Hepatocytes
154658,154658,CAFs
154659,154659,TAMs
154660,154660,CAFs
154661,154661,Hepatocytes
154662,154662,CAFs
154663,154663,CAFs
154664,154664,Malignant cells
154665,154665,Dendritic cells
154666,154666,Malignant cells
154667,154667,Malignant cells
154668,154668,Malignant cells
154669,154669,CAFs
154670,154670,CAFs
154671,154671,Malignant cells
154672,154672,Malignant cells
154673,154673,Malignant cells
154674,154674,Malignant cells
154675,154675,TECs
154676,154676,Malignant cells
154677,154677,Malignant cells
154678,154678,Malignant cells
154679,154679,Malignant cells
154680,154680,Malignant cells
154681,154681,Malignant cells
154682,154682,Malignant cells
154683,154683,Malignant cells
154684,154684,Hepatocytes
154685,154685,Malignant cells
154686,154686,Malignant cells
154687,154687,Hepatocytes
154688,154688,Malignant cells
154689,154689,Malignant cells
154690,154690,Hepatocytes
154691,154691,TAMs
154692,154692,Malignant cells
154693,154693,Hepatocytes
154694,154694,Malignant cells
154695,154695,Malignant cells
154696,154696,Malignant cells
154697,154697,Hepatocytes
154698,154698,Malignant cells
154699,154699,Hepatocytes
154700,154700,Malignant cells
154701,154701,Malignant cells
154702,154702,Malignant cells
154703,154703,Malignant cells
154704,154704,Malignant cells
154705,154705,Malignant cells
154706,154706,Malignant cells
154707,154707,Malignant cells
154708,154708,Malignant cells
154709,154709,Malignant cells
154710,154710,Hepatocytes
154711,154711,Malignant cells
154712,154712,Malignant cells
154713,154713,Hepatocytes
154714,154714,Malignant cells
154715,154715,Malignant cells
154716,154716,Hepatocytes
154717,154717,Hepatocytes
154718,154718,Malignant cells
154719,154719,Hepatocytes
154720,154720,Malignant cells
154721,154721,TECs
154722,154722,Malignant cells
154723,154723,Hepatocytes
154724,154724,Hepatocytes
154725,154725,Malignant cells
154726,154726,TECs
154727,154727,Malignant cells
154728,154728,Malignant cells
154729,154729,Malignant cells
154730,154730,Hepatocytes
154731,154731,TAMs
154732,154732,Malignant cells
154733,154733,Malignant cells
154734,154734,Malignant cells
154735,154735,Malignant cells
154736,154736,Malignant cells
154737,154737,TECs
154738,154738,Malignant cells
154739,154739,Malignant cells
154740,154740,TECs
154741,154741,Malignant cells
154742,154742,Hepatocytes
154743,154743,Malignant cells
154744,154744,Malignant cells
154745,154745,Hepatocytes
154746,154746,Hepatocytes
154747,154747,Malignant cells
154748,154748,Malignant cells
154749,154749,Malignant cells
154750,154750,Malignant cells
154751,154751,TECs
154752,154752,Malignant cells
154753,154753,Malignant cells
154754,154754,Malignant cells
154755,154755,Hepatocytes
154756,154756,Malignant cells
154757,154757,Malignant cells
154758,154758,Malignant cells
154759,154759,Hepatocytes
154760,154760,Malignant cells
154761,154761,Malignant cells
154762,154762,Malignant cells
154763,154763,Hepatocytes
154764,154764,Hepatocytes
154765,154765,Malignant cells
154766,154766,TECs
154767,154767,Malignant cells
154768,154768,Malignant cells
154769,154769,Malignant cells
154770,154770,Malignant cells
154771,154771,Malignant cells
154772,154772,Malignant cells
154773,154773,Malignant cells
154774,154774,Hepatocytes
154775,154775,Malignant cells
154776,154776,Malignant cells
154777,154777,Malignant cells
154778,154778,Hepatocytes
154779,154779,T cells
154780,154780,CAFs
154781,154781,B cells
154782,154782,CAFs
154783,154783,Dendritic cells
154784,154784,T cells
154785,154785,CAFs
154786,154786,TAMs
154787,154787,TAMs
154788,154788,CAFs
154789,154789,T cells
154790,154790,TAMs
154791,154791,TAMs
154792,154792,CAFs
154793,154793,TECs
154794,154794,Monocytes
154795,154795,CAFs
154796,154796,TAMs
154797,154797,CAFs
154798,154798,T cells
154799,154799,CAFs
154800,154800,CAFs
154801,154801,TECs
154802,154802,Dendritic cells
154803,154803,CAFs
154804,154804,TECs
154805,154805,TAMs
154806,154806,CAFs
154807,154807,TECs
154808,154808,CAFs
154809,154809,Malignant cells
154810,154810,CAFs
154811,154811,TECs
154812,154812,Cholangiocytes
154813,154813,B cells
154814,154814,Malignant cells
154815,154815,T cells
154816,154816,CAFs
154817,154817,Hepatocytes
154818,154818,T cells
154819,154819,TAMs
154820,154820,Malignant cells
154821,154821,Malignant cells
154822,154822,Malignant cells
154823,154823,TAMs
154824,154824,TECs
154825,154825,Malignant cells
154826,154826,Malignant cells
154827,154827,Malignant cells
154828,154828,Malignant cells
154829,154829,Hepatocytes
154830,154830,T cells
154831,154831,Hepatocytes
154832,154832,Malignant cells
154833,154833,TECs
154834,154834,Hepatocytes
154835,154835,Malignant cells
154836,154836,Malignant cells
154837,154837,Malignant cells
154838,154838,Malignant cells
154839,154839,Hepatocytes
154840,154840,Hepatocytes
154841,154841,Malignant cells
154842,154842,T cells
154843,154843,Malignant cells
154844,154844,Malignant cells
154845,154845,Malignant cells
154846,154846,Malignant cells
154847,154847,Malignant cells
154848,154848,TECs
154849,154849,TECs
154850,154850,TECs
154851,154851,TECs
154852,154852,Malignant cells
154853,154853,Malignant cells
154854,154854,Malignant cells
154855,154855,CAFs
154856,154856,Malignant cells
154857,154857,Malignant cells
154858,154858,Malignant cells
154859,154859,Malignant cells
154860,154860,Malignant cells
154861,154861,Malignant cells
154862,154862,Malignant cells
154863,154863,Malignant cells
154864,154864,Malignant cells
154865,154865,Malignant cells
154866,154866,Malignant cells
154867,154867,Hepatocytes
154868,154868,Malignant cells
154869,154869,Malignant cells
154870,154870,Malignant cells
154871,154871,Malignant cells
154872,154872,Malignant cells
154873,154873,Malignant cells
154874,154874,Malignant cells
154875,154875,CAFs
154876,154876,TECs
154877,154877,Malignant cells
154878,154878,CAFs
154879,154879,TECs
154880,154880,Stellate cells
154881,154881,Malignant cells
154882,154882,TECs
154883,154883,CAFs
154884,154884,Malignant cells
154885,154885,Malignant cells
154886,154886,Malignant cells
154887,154887,Malignant cells
154888,154888,Malignant cells
154889,154889,NK cells
154890,154890,CAFs
154891,154891,Malignant cells
154892,154892,Malignant cells
154893,154893,Malignant cells
154894,154894,Malignant cells
154895,154895,Malignant cells
154896,154896,TECs
154897,154897,Dendritic cells
154898,154898,TECs
154899,154899,CAFs
154900,154900,Malignant cells
154901,154901,TAMs
154902,154902,Hepatocytes
154903,154903,Hepatocytes
154904,154904,Malignant cells
154905,154905,CAFs
154906,154906,TECs
154907,154907,Hepatocytes
154908,154908,TECs
154909,154909,Malignant cells
154910,154910,Malignant cells
154911,154911,TECs
154912,154912,Hepatocytes
154913,154913,Malignant cells
154914,154914,CAFs
154915,154915,Malignant cells
154916,154916,Malignant cells
154917,154917,Hepatocytes
154918,154918,Malignant cells
154919,154919,TAMs
154920,154920,TAMs
154921,154921,TAMs
154922,154922,TECs
154923,154923,TAMs
154924,154924,Malignant cells
154925,154925,Malignant cells
154926,154926,Malignant cells
154927,154927,Malignant cells
154928,154928,Hepatocytes
154929,154929,Malignant cells
154930,154930,Malignant cells
154931,154931,Malignant cells
154932,154932,Hepatocytes
154933,154933,Malignant cells
154934,154934,Malignant cells
154935,154935,TECs
154936,154936,Malignant cells
154937,154937,CAFs
154938,154938,Smooth muscle cells
154939,154939,Malignant cells
154940,154940,Malignant cells
154941,154941,Hepatocytes
154942,154942,Malignant cells
154943,154943,TAMs
154944,154944,Hepatocytes
154945,154945,Hepatocytes
154946,154946,Malignant cells
154947,154947,Hepatocytes
154948,154948,Malignant cells
154949,154949,CAFs
154950,154950,Malignant cells
154951,154951,Malignant cells
154952,154952,TAMs
154953,154953,Malignant cells
154954,154954,Malignant cells
154955,154955,Malignant cells
154956,154956,Malignant cells
154957,154957,Malignant cells
154958,154958,TAMs
154959,154959,CAFs
154960,154960,Malignant cells
154961,154961,CAFs
154962,154962,Malignant cells
154963,154963,Malignant cells
154964,154964,Malignant cells
154965,154965,Malignant cells
154966,154966,Malignant cells
154967,154967,Hepatocytes
154968,154968,Hepatocytes
154969,154969,TECs
154970,154970,Hepatocytes
154971,154971,Malignant cells
154972,154972,Malignant cells
154973,154973,Malignant cells
154974,154974,TECs
154975,154975,Malignant cells
154976,154976,Hepatocytes
154977,154977,Malignant cells
154978,154978,Malignant cells
154979,154979,Malignant cells
154980,154980,T cells
154981,154981,CAFs
154982,154982,TAMs
154983,154983,T cells
154984,154984,T cells
154985,154985,TAMs
154986,154986,T cells
154987,154987,T cells
154988,154988,T cells
154989,154989,CAFs
154990,154990,T cells
154991,154991,Hepatocytes
154992,154992,T cells
154993,154993,CAFs
154994,154994,T cells
154995,154995,T cells
154996,154996,T cells
154997,154997,T cells
154998,154998,TAMs
154999,154999,TAMs
155000,155000,CAFs
155001,155001,TAMs
155002,155002,TAMs
155003,155003,T cells
155004,155004,CAFs
155005,155005,T cells
155006,155006,TECs
155007,155007,Dendritic cells
155008,155008,Hepatocytes
155009,155009,T cells
155010,155010,CAFs
155011,155011,CAFs
155012,155012,CAFs
155013,155013,Dendritic cells
155014,155014,CAFs
155015,155015,T cells
155016,155016,TAMs
155017,155017,CAFs
155018,155018,TAMs
155019,155019,TECs
155020,155020,Hepatocytes
155021,155021,TECs
155022,155022,CAFs
155023,155023,TAMs
155024,155024,TAMs
155025,155025,TECs
155026,155026,T cells
155027,155027,Malignant cells
155028,155028,T cells
155029,155029,CAFs
155030,155030,CAFs
155031,155031,Malignant cells
155032,155032,CAFs
155033,155033,TAMs
155034,155034,Malignant cells
155035,155035,Malignant cells
155036,155036,CAFs
155037,155037,T cells
155038,155038,CAFs
155039,155039,TECs
155040,155040,TECs
155041,155041,B cells
155042,155042,T cells
155043,155043,CAFs
155044,155044,T cells
155045,155045,T cells
155046,155046,T cells
155047,155047,Monocytes
155048,155048,CAFs
155049,155049,TAMs
155050,155050,Dendritic cells
155051,155051,B cells
155052,155052,CAFs
155053,155053,CAFs
155054,155054,CAFs
155055,155055,Monocytes
155056,155056,TECs
155057,155057,T cells
155058,155058,CAFs
155059,155059,Dendritic cells
155060,155060,T cells
155061,155061,TECs
155062,155062,Hepatocytes
155063,155063,Hepatocytes
155064,155064,NK cells
155065,155065,T cells
155066,155066,TAMs
155067,155067,TAMs
155068,155068,TAMs
155069,155069,Hepatocytes
155070,155070,Plasma cells
155071,155071,Hepatocytes
155072,155072,T cells
155073,155073,Monocytes
155074,155074,Dendritic cells
155075,155075,TECs
155076,155076,T cells
155077,155077,CAFs
155078,155078,CAFs
155079,155079,TECs
155080,155080,CAFs
155081,155081,CAFs
155082,155082,TECs
155083,155083,Hepatocytes
155084,155084,T cells
155085,155085,T cells
155086,155086,CAFs
155087,155087,T cells
155088,155088,Monocytes
155089,155089,TAMs
155090,155090,CAFs
155091,155091,T cells
155092,155092,TECs
155093,155093,CAFs
155094,155094,T cells
155095,155095,Dendritic cells
155096,155096,T cells
155097,155097,T cells
155098,155098,TAMs
155099,155099,T cells
155100,155100,TAMs
155101,155101,Monocytes
155102,155102,T cells
155103,155103,T cells
155104,155104,TECs
155105,155105,B cells
155106,155106,T cells
155107,155107,B cells
155108,155108,T cells
155109,155109,Monocytes
155110,155110,T cells
155111,155111,T cells
155112,155112,Monocytes
155113,155113,TAMs
155114,155114,T cells
155115,155115,Monocytes
155116,155116,T cells
155117,155117,Hepatocytes
155118,155118,Hepatocytes
155119,155119,TAMs
155120,155120,Cholangiocytes
155121,155121,TAMs
155122,155122,TECs
155123,155123,T cells
155124,155124,Neutrophils
155125,155125,T cells
155126,155126,Plasma cells
155127,155127,T cells
155128,155128,TECs
155129,155129,CAFs
155130,155130,CAFs
155131,155131,T cells
155132,155132,TAMs
155133,155133,CAFs
155134,155134,T cells
155135,155135,B cells
155136,155136,Plasma cells
155137,155137,T cells
155138,155138,CAFs
155139,155139,CAFs
155140,155140,CAFs
155141,155141,CAFs
155142,155142,T cells
155143,155143,CAFs
155144,155144,T cells
155145,155145,CAFs
155146,155146,Monocytes
155147,155147,Plasma cells
155148,155148,TAMs
155149,155149,T cells
155150,155150,B cells
155151,155151,TAMs
155152,155152,T cells
155153,155153,T cells
155154,155154,T cells
155155,155155,TECs
155156,155156,TAMs
155157,155157,T cells
155158,155158,TAMs
155159,155159,TAMs
155160,155160,B cells
155161,155161,TECs
155162,155162,T cells
155163,155163,T cells
155164,155164,T cells
155165,155165,TECs
155166,155166,TECs
155167,155167,T cells
155168,155168,TAMs
155169,155169,TAMs
155170,155170,T cells
155171,155171,TECs
155172,155172,Plasma cells
155173,155173,Hepatocytes
155174,155174,TECs
155175,155175,T cells
155176,155176,CAFs
155177,155177,T cells
155178,155178,CAFs
155179,155179,CAFs
155180,155180,TECs
155181,155181,TAMs
155182,155182,Dendritic cells
155183,155183,Hepatocytes
155184,155184,CAFs
155185,155185,CAFs
155186,155186,T cells
155187,155187,CAFs
155188,155188,T cells
155189,155189,T cells
155190,155190,CAFs
155191,155191,CAFs
155192,155192,TECs
155193,155193,CAFs
155194,155194,TAMs
155195,155195,TAMs
155196,155196,CAFs
155197,155197,TAMs
155198,155198,NK cells
155199,155199,TECs
155200,155200,T cells
155201,155201,CAFs
155202,155202,CAFs
155203,155203,Malignant cells
155204,155204,Malignant cells
155205,155205,Malignant cells
155206,155206,Malignant cells
155207,155207,Malignant cells
155208,155208,Malignant cells
155209,155209,Malignant cells
155210,155210,Malignant cells
155211,155211,TECs
155212,155212,TECs
155213,155213,Malignant cells
155214,155214,Hepatocytes
155215,155215,Hepatocytes
155216,155216,Hepatocytes
155217,155217,TECs
155218,155218,Malignant cells
155219,155219,TECs
155220,155220,TECs
155221,155221,Malignant cells
155222,155222,Malignant cells
155223,155223,TECs
155224,155224,Malignant cells
155225,155225,Hepatocytes
155226,155226,Malignant cells
155227,155227,Malignant cells
155228,155228,Malignant cells
155229,155229,TECs
155230,155230,Malignant cells
155231,155231,Malignant cells
155232,155232,Malignant cells
155233,155233,Malignant cells
155234,155234,Malignant cells
155235,155235,Malignant cells
155236,155236,Hepatocytes
155237,155237,Malignant cells
155238,155238,Hepatocytes
155239,155239,Malignant cells
155240,155240,Malignant cells
155241,155241,Malignant cells
155242,155242,Malignant cells
155243,155243,Malignant cells
155244,155244,Malignant cells
155245,155245,Malignant cells
155246,155246,Malignant cells
155247,155247,Malignant cells
155248,155248,Malignant cells
155249,155249,TAMs
155250,155250,Malignant cells
155251,155251,Malignant cells
155252,155252,Malignant cells
155253,155253,Malignant cells
155254,155254,Malignant cells
155255,155255,Malignant cells
155256,155256,Malignant cells
155257,155257,Malignant cells
155258,155258,Malignant cells
155259,155259,Malignant cells
155260,155260,Malignant cells
155261,155261,Malignant cells
155262,155262,Malignant cells
155263,155263,Malignant cells
155264,155264,Malignant cells
155265,155265,Malignant cells
155266,155266,Malignant cells
155267,155267,T cells
155268,155268,T cells
155269,155269,T cells
155270,155270,Cholangiocytes
155271,155271,T cells
155272,155272,T cells
155273,155273,Dendritic cells
155274,155274,TAMs
155275,155275,TAMs
155276,155276,CAFs
155277,155277,TAMs
155278,155278,Hepatocytes
162133,162133,T cells
162134,162134,NK cells
162135,162135,T cells
162136,162136,T cells
162137,162137,Plasma cells
162138,162138,Smooth muscle cells
162139,162139,T cells
162140,162140,T cells
162141,162141,CAFs
162142,162142,T cells
162143,162143,Hepatocytes
162144,162144,T cells
162145,162145,T cells
162146,162146,NK cells
162147,162147,Plasma cells
162148,162148,TAMs
162149,162149,TAMs
162150,162150,T cells
162151,162151,T cells
162152,162152,T cells
162153,162153,T cells
162154,162154,T cells
162155,162155,TAMs
162156,162156,T cells
162157,162157,T cells
162158,162158,T cells
162159,162159,TECs
162160,162160,TECs
162161,162161,TECs
162162,162162,TAMs
162163,162163,TECs
162164,162164,TECs
162165,162165,TECs
162166,162166,TECs
162167,162167,TECs
162168,162168,T cells
162169,162169,T cells
162170,162170,TECs
162171,162171,TAMs
162172,162172,TECs
162173,162173,TECs
162174,162174,TECs
162175,162175,T cells
162176,162176,CAFs
162177,162177,TAMs
162178,162178,TECs
162179,162179,CAFs
162180,162180,Plasma cells
162181,162181,T cells
162182,162182,TECs
162183,162183,TAMs
162184,162184,T cells
162185,162185,T cells
162186,162186,CAFs
162187,162187,CAFs
162188,162188,CAFs
162189,162189,TECs
162190,162190,Dendritic cells
162191,162191,CAFs
162192,162192,T cells
162193,162193,CAFs
162194,162194,Hepatocytes
162195,162195,TAMs
162196,162196,TECs
162197,162197,Hepatocytes
162198,162198,TECs
162199,162199,TAMs
162200,162200,CAFs
162201,162201,T cells
162202,162202,TECs
162203,162203,CAFs
162204,162204,B cells
162205,162205,TECs
162206,162206,TECs
162207,162207,T cells
162208,162208,TECs
162209,162209,TECs
162210,162210,TAMs
162211,162211,Monocytes
162212,162212,TECs
162213,162213,CAFs
162214,162214,T cells
162215,162215,CAFs
162216,162216,CAFs
162217,162217,CAFs
162218,162218,CAFs
162219,162219,T cells
162220,162220,CAFs
162221,162221,CAFs
162222,162222,Malignant cells
162223,162223,CAFs
162224,162224,CAFs
162225,162225,Malignant cells
162226,162226,TECs
162227,162227,Malignant cells
162228,162228,T cells
162229,162229,TECs
162230,162230,Malignant cells
162231,162231,Malignant cells
162232,162232,Malignant cells
162233,162233,Hepatocytes
162234,162234,TECs
162235,162235,CAFs
162237,162237,Malignant cells
162238,162238,CAFs
162239,162239,Plasma cells
162241,162241,Malignant cells
162242,162242,TECs
162243,162243,CAFs
162244,162244,Monocytes
162246,162246,CAFs
162248,162248,TECs
162249,162249,NK cells
162250,162250,CAFs
162255,162255,TECs
162256,162256,Malignant cells
162257,162257,T cells
162258,162258,TECs
162259,162259,CAFs
162260,162260,T cells
162262,162262,Plasma cells
162266,162266,CAFs
162267,162267,CAFs
162270,162270,CAFs
162271,162271,T cells
162274,162274,TECs
162277,162277,Mast cells
162278,162278,CAFs
162280,162280,CAFs
162281,162281,CAFs
162282,162282,CAFs
162283,162283,CAFs
